# authority: IEEE Std 1003.1-2017 and The Open Group Base Specifications Issue 7, 2018 edition
# source-archive: susv4-2018.tgz, sha256 ab6636bca53c7d71d33d2c5149ede574d598fe6ec97fa8b08e0459ef7bcfc104
# volume: system-interfaces
# parent-denominator: 1195
# parent-key-sha256: 80e5f8bb20ffadb5a597e5b1183a18d10c459c621dc34501c6357df61ec64a21
# parent-row-sha256: 964819d6348ec39cfd280250e254a36af5ed03d8bff4202661f513cc84118521
# clause-denominator: 15740 HTML h2-h5 source headings with tag anchors
# clause-key-sha256: 1db32fccd04b71cadc31d467c8a1a4bf552a058110a61428a9511883a7a5ebc4
# clause-row-sha256: ee902a95473a45fc66bc580c78005d84747c464eb60d72316a6767bfaab12e52
# state invariant: every parent and clause is exactly one of open or closed
# non-ASCII source titles use ASCII backslash escapes; source bytes remain hash-bound
parent	source	title	source_sha256	clause_count	clause_sha256	state	witness	next_action
functions/FD_CLR.html	functions/FD_CLR.html	pselect	8cdb2507b3cf670c7af0cced92915b1d02985215cecc0e1f9d5c390e9b1953d4	14	a20121ae870115ed1d4257dccf3e07aad39cfda4ee894e1742ff9e78ad28a9ba	open	missing:q35_ring3_system_interfaces_clause_witnesses	Add exact Q35 Ring 3 witnesses for every required clause before closing this parent.
functions/FD_ISSET.html	functions/FD_ISSET.html	pselect	8cdb2507b3cf670c7af0cced92915b1d02985215cecc0e1f9d5c390e9b1953d4	14	a20121ae870115ed1d4257dccf3e07aad39cfda4ee894e1742ff9e78ad28a9ba	open	missing:q35_ring3_system_interfaces_clause_witnesses	Add exact Q35 Ring 3 witnesses for every required clause before closing this parent.
functions/FD_SET.html	functions/FD_SET.html	pselect	8cdb2507b3cf670c7af0cced92915b1d02985215cecc0e1f9d5c390e9b1953d4	14	a20121ae870115ed1d4257dccf3e07aad39cfda4ee894e1742ff9e78ad28a9ba	open	missing:q35_ring3_system_interfaces_clause_witnesses	Add exact Q35 Ring 3 witnesses for every required clause before closing this parent.
functions/FD_ZERO.html	functions/FD_ZERO.html	pselect	8cdb2507b3cf670c7af0cced92915b1d02985215cecc0e1f9d5c390e9b1953d4	14	a20121ae870115ed1d4257dccf3e07aad39cfda4ee894e1742ff9e78ad28a9ba	open	missing:q35_ring3_system_interfaces_clause_witnesses	Add exact Q35 Ring 3 witnesses for every required clause before closing this parent.
functions/V2_chap02.html	functions/V2_chap02.html	General Information	8ddab3708a016e48b539e05dbab58bd0d9a615711af78e3ae26421687308c9f6	109	c4a37b3f9106d86fcca0a0881ead5f4472da2cd9d9aba16581a9b4cb5b05598c	open	missing:q35_ring3_system_interfaces_clause_witnesses	Add exact Q35 Ring 3 witnesses for every required clause before closing this parent.
functions/V2_chap03.html	functions/V2_chap03.html	System Interfaces	1af665a38ac4db89a84d4901d6b163e929feb8b6f0f51946ef84c9fbd765bf16	1	48326a5ce44847d2420968788e3e5ab9a7de189ff116484e4a6eef7c3bd029fd	open	missing:q35_ring3_system_interfaces_clause_witnesses	Add exact Q35 Ring 3 witnesses for every required clause before closing this parent.
functions/_Exit.html	functions/_Exit.html	_Exit	d33fd610f884eb54ed908745158bb29770d3251d7e889d57927c61704b077d86	17	2500dd56470da32d99bc997e10bb249497df23f63906485d1a842bfb9e656f4f	open	missing:q35_ring3_system_interfaces_clause_witnesses	Add exact Q35 Ring 3 witnesses for every required clause before closing this parent.
functions/_exit.html	functions/_exit.html	_Exit	d33fd610f884eb54ed908745158bb29770d3251d7e889d57927c61704b077d86	17	2500dd56470da32d99bc997e10bb249497df23f63906485d1a842bfb9e656f4f	open	missing:q35_ring3_system_interfaces_clause_witnesses	Add exact Q35 Ring 3 witnesses for every required clause before closing this parent.
functions/_longjmp.html	functions/_longjmp.html	_longjmp	6b06e120935a2ede6bc0000715dd775e72afc799ec8b4b0cdf424c3881bea65d	13	786fbdf94d4f9383d2698375aa685f8844835c0ba2431ba665879a18bae55b13	open	missing:q35_ring3_system_interfaces_clause_witnesses	Add exact Q35 Ring 3 witnesses for every required clause before closing this parent.
functions/_setjmp.html	functions/_setjmp.html	_longjmp	6b06e120935a2ede6bc0000715dd775e72afc799ec8b4b0cdf424c3881bea65d	13	786fbdf94d4f9383d2698375aa685f8844835c0ba2431ba665879a18bae55b13	open	missing:q35_ring3_system_interfaces_clause_witnesses	Add exact Q35 Ring 3 witnesses for every required clause before closing this parent.
functions/_tolower.html	functions/_tolower.html	_tolower	20c53a2ed3f5ade8793afcff9d1d981e8e837adcd32a40c75013dbd3aa7bfc83	13	009d164aa03a47cec69f8dbe09ded39d4755400c068f84e6fc739d1403928443	open	missing:q35_ring3_system_interfaces_clause_witnesses	Add exact Q35 Ring 3 witnesses for every required clause before closing this parent.
functions/_toupper.html	functions/_toupper.html	_toupper	5e589d7e936ca80160a0c0f24daa41a6910de4174911180dd5212bc18c46e0de	13	ad72297130e56acecc9fe32e0adfa9154552523cf00e6564876f6a58d8bfcaa1	open	missing:q35_ring3_system_interfaces_clause_witnesses	Add exact Q35 Ring 3 witnesses for every required clause before closing this parent.
functions/a64l.html	functions/a64l.html	a64l	96c1c0b761fea71536b41588ce85e9599f38dda93e1130fda9bc99dbf0e3f015	13	aa805c98edaf835a55a1ab806ac4bbf3ec4a01b99e78f4bf548fe0d898e4f842	open	missing:q35_ring3_system_interfaces_clause_witnesses	Add exact Q35 Ring 3 witnesses for every required clause before closing this parent.
functions/abort.html	functions/abort.html	abort	9d8f6da7c19cb9d7891e74d1c6e2a82198ab5a6b14ca891766c1acd83a8e0417	12	b790e30765cc9e73b58ea6d8a1d8bdf21f3f51529c2ca67bca0d8359711c7752	open	missing:q35_ring3_system_interfaces_clause_witnesses	Add exact Q35 Ring 3 witnesses for every required clause before closing this parent.
functions/abs.html	functions/abs.html	abs	30602e0f9183278022a8f5cf35ee3d3ec722b43c3b4d4e0e4dea2ff1acb40fb7	12	f1c4c1b985d605a92ace5cc222e03db75a278bc19d825ac603a74a5f98564994	open	missing:q35_ring3_system_interfaces_clause_witnesses	Add exact Q35 Ring 3 witnesses for every required clause before closing this parent.
functions/accept.html	functions/accept.html	accept	f3a4f8096785c20c5cd1b3b7c624c04ab8c0c4890d058ffb86abc44d19eb065e	12	3196d5caccf98e081c5cb972a997e72ac5d8ddaa8f8d2ea697e1a8849ec02e14	open	missing:q35_ring3_system_interfaces_clause_witnesses	Add exact Q35 Ring 3 witnesses for every required clause before closing this parent.
functions/access.html	functions/access.html	access	2cc1d19fe3c8d6eb9ca5568cf50b598ed5241a9e8b9fdfeb1b3aaf2e1cd4bdb6	14	347014e940397197fc016c49366f09ab1812f4527ddfae3f390df71a720fea4d	open	missing:q35_ring3_system_interfaces_clause_witnesses	Add exact Q35 Ring 3 witnesses for every required clause before closing this parent.
functions/acos.html	functions/acos.html	acos	6879803f5e17ecd767e59549ae460ae9f4dff7e84a987ed0c2050965a4cbf5a6	14	ee01589eb0b0479c566b20d959e8140e069a204db46add8b878a492944cb3196	open	missing:q35_ring3_system_interfaces_clause_witnesses	Add exact Q35 Ring 3 witnesses for every required clause before closing this parent.
functions/acosf.html	functions/acosf.html	acos	6879803f5e17ecd767e59549ae460ae9f4dff7e84a987ed0c2050965a4cbf5a6	14	ee01589eb0b0479c566b20d959e8140e069a204db46add8b878a492944cb3196	open	missing:q35_ring3_system_interfaces_clause_witnesses	Add exact Q35 Ring 3 witnesses for every required clause before closing this parent.
functions/acosh.html	functions/acosh.html	acosh	61ad2c1c50c57291954b125da82629b584d984156f15d31302b8e8a6f863da4d	14	96ae2f44f95f5a09ae983c385a95657cd33e9a8465093cf8cc2b2797dff460df	open	missing:q35_ring3_system_interfaces_clause_witnesses	Add exact Q35 Ring 3 witnesses for every required clause before closing this parent.
functions/acoshf.html	functions/acoshf.html	acosh	61ad2c1c50c57291954b125da82629b584d984156f15d31302b8e8a6f863da4d	14	96ae2f44f95f5a09ae983c385a95657cd33e9a8465093cf8cc2b2797dff460df	open	missing:q35_ring3_system_interfaces_clause_witnesses	Add exact Q35 Ring 3 witnesses for every required clause before closing this parent.
functions/acoshl.html	functions/acoshl.html	acosh	61ad2c1c50c57291954b125da82629b584d984156f15d31302b8e8a6f863da4d	14	96ae2f44f95f5a09ae983c385a95657cd33e9a8465093cf8cc2b2797dff460df	open	missing:q35_ring3_system_interfaces_clause_witnesses	Add exact Q35 Ring 3 witnesses for every required clause before closing this parent.
functions/acosl.html	functions/acosl.html	acos	6879803f5e17ecd767e59549ae460ae9f4dff7e84a987ed0c2050965a4cbf5a6	14	ee01589eb0b0479c566b20d959e8140e069a204db46add8b878a492944cb3196	open	missing:q35_ring3_system_interfaces_clause_witnesses	Add exact Q35 Ring 3 witnesses for every required clause before closing this parent.
functions/aio_cancel.html	functions/aio_cancel.html	aio_cancel	73f8d08301b6a963835161b6fe000343f76efddfd4b92cac1f35c695663d5283	13	b569d0a8aca6f4d05739a3bffcb17068b3d2471bfb22079b26c832b3002c2cc9	open	missing:q35_ring3_system_interfaces_clause_witnesses	Add exact Q35 Ring 3 witnesses for every required clause before closing this parent.
functions/aio_error.html	functions/aio_error.html	aio_error	84c7cbe0abb51f8d068972a77a1818a612071526fc4658509bcc400013da10d8	13	d4d50b14480218d7c99c6a7b1e62824b10331aeac2a8a27922bd089620d7a958	open	missing:q35_ring3_system_interfaces_clause_witnesses	Add exact Q35 Ring 3 witnesses for every required clause before closing this parent.
functions/aio_fsync.html	functions/aio_fsync.html	aio_fsync	f552441d58e45bb0a61efb3b2c9267076d6f9b8b91a2331d8023b5a4fab5d3ed	13	c738ea2db6a94ab4140b072ddd6600443096fb81577d08eff6ac54edacb90e87	open	missing:q35_ring3_system_interfaces_clause_witnesses	Add exact Q35 Ring 3 witnesses for every required clause before closing this parent.
functions/aio_read.html	functions/aio_read.html	aio_read	d309acf30edc4d237339d4d280feb4504e5985091875ca53b39cd6e5c125d68d	13	897dcd6b03b731271541c433ea48b781d8413d16c4467834b97ffa9ca8a425ac	open	missing:q35_ring3_system_interfaces_clause_witnesses	Add exact Q35 Ring 3 witnesses for every required clause before closing this parent.
functions/aio_return.html	functions/aio_return.html	aio_return	fd0912315bf81b26d1bc54e983c2c2c5e39dea54cdba4f09e40d940bf8fd6b75	13	474db1504564d078a77541e863a6224936b3a540b9a0f12aff211d4d5855daeb	open	missing:q35_ring3_system_interfaces_clause_witnesses	Add exact Q35 Ring 3 witnesses for every required clause before closing this parent.
functions/aio_suspend.html	functions/aio_suspend.html	aio_suspend	5e7de46c0f1ff79633599779eec8cd445ab6ac7ecae352f3e8a543f861e49e28	13	0e7f1af823a7e011c193d1d4462b7a25d006d146ddd316dcd6e1a2270992cbc5	open	missing:q35_ring3_system_interfaces_clause_witnesses	Add exact Q35 Ring 3 witnesses for every required clause before closing this parent.
functions/aio_write.html	functions/aio_write.html	aio_write	06b1d0738f927ff5a5cc597839aed11f7d7ea272d7a9819851a9e7f758eadef1	13	3a0709e7c3d4f5d0f837531d13889b7ba5110ed2ffbd53b791b753f88550bc3a	open	missing:q35_ring3_system_interfaces_clause_witnesses	Add exact Q35 Ring 3 witnesses for every required clause before closing this parent.
functions/alarm.html	functions/alarm.html	alarm	345b97423cbba240563b6660ecd8f081deb012ddd0f965e5247a7ddef01f5ca4	12	fa7c24bafdeafa834651a00479e000753cff95a14c6eb97c4eb58e90414f85c1	open	missing:q35_ring3_system_interfaces_clause_witnesses	Add exact Q35 Ring 3 witnesses for every required clause before closing this parent.
functions/alphasort.html	functions/alphasort.html	alphasort	7c974c58d5ff4e15de759983476f59b47c0fe1a4e6cb203a7f31e2b8ea80078c	11	ee35b18ca8025fd7f47695b4f60e2cf8c77bf79f07b598da726bc24a0ac1d9db	open	missing:q35_ring3_system_interfaces_clause_witnesses	Add exact Q35 Ring 3 witnesses for every required clause before closing this parent.
functions/asctime.html	functions/asctime.html	asctime	50447cbbd37a757aae97aebbd34b2d80d4098f4a6e419f9b209e24efbde3ba56	14	3e0d36fd0d93c1cf3d94010e1d4aa6eeae4c6a617fab40549b73b9e552387bfe	open	missing:q35_ring3_system_interfaces_clause_witnesses	Add exact Q35 Ring 3 witnesses for every required clause before closing this parent.
functions/asctime_r.html	functions/asctime_r.html	asctime	50447cbbd37a757aae97aebbd34b2d80d4098f4a6e419f9b209e24efbde3ba56	14	3e0d36fd0d93c1cf3d94010e1d4aa6eeae4c6a617fab40549b73b9e552387bfe	open	missing:q35_ring3_system_interfaces_clause_witnesses	Add exact Q35 Ring 3 witnesses for every required clause before closing this parent.
functions/asin.html	functions/asin.html	asin	690d5307cf94fde69e6ee4429d2b9fd372c95492e29af7b89bb5955520c80c4b	14	9b0b5f4af7e97867031efef8d121d34af8119a46d9cee32f6e7e741549ed644c	open	missing:q35_ring3_system_interfaces_clause_witnesses	Add exact Q35 Ring 3 witnesses for every required clause before closing this parent.
functions/asinf.html	functions/asinf.html	asin	690d5307cf94fde69e6ee4429d2b9fd372c95492e29af7b89bb5955520c80c4b	14	9b0b5f4af7e97867031efef8d121d34af8119a46d9cee32f6e7e741549ed644c	open	missing:q35_ring3_system_interfaces_clause_witnesses	Add exact Q35 Ring 3 witnesses for every required clause before closing this parent.
functions/asinh.html	functions/asinh.html	asinh	f1851c95b8941b489d020d6c40bcb231dedd52b7c5269ceb950aa7a3daf92020	14	0af0ccf243ca1513361bdc461b08277f3bbbf7dd9d7db3dd900d021915091a2c	open	missing:q35_ring3_system_interfaces_clause_witnesses	Add exact Q35 Ring 3 witnesses for every required clause before closing this parent.
functions/asinhf.html	functions/asinhf.html	asinh	f1851c95b8941b489d020d6c40bcb231dedd52b7c5269ceb950aa7a3daf92020	14	0af0ccf243ca1513361bdc461b08277f3bbbf7dd9d7db3dd900d021915091a2c	open	missing:q35_ring3_system_interfaces_clause_witnesses	Add exact Q35 Ring 3 witnesses for every required clause before closing this parent.
functions/asinhl.html	functions/asinhl.html	asinh	f1851c95b8941b489d020d6c40bcb231dedd52b7c5269ceb950aa7a3daf92020	14	0af0ccf243ca1513361bdc461b08277f3bbbf7dd9d7db3dd900d021915091a2c	open	missing:q35_ring3_system_interfaces_clause_witnesses	Add exact Q35 Ring 3 witnesses for every required clause before closing this parent.
functions/asinl.html	functions/asinl.html	asin	690d5307cf94fde69e6ee4429d2b9fd372c95492e29af7b89bb5955520c80c4b	14	9b0b5f4af7e97867031efef8d121d34af8119a46d9cee32f6e7e741549ed644c	open	missing:q35_ring3_system_interfaces_clause_witnesses	Add exact Q35 Ring 3 witnesses for every required clause before closing this parent.
functions/assert.html	functions/assert.html	assert	e3472032cc93854a56d4fb0e0cbb69904df4c6090713919562dd6bea40062bf4	12	2b641ed3b7ba607f29c9f518cc1e99f2c999fb75d21314495126546a6f685193	open	missing:q35_ring3_system_interfaces_clause_witnesses	Add exact Q35 Ring 3 witnesses for every required clause before closing this parent.
functions/atan.html	functions/atan.html	atan	9743677df78177d67707f2be19ac797d9f04bb240ac1974c75e4c5e43992afdd	14	a00dae6eaa4891c3106aa9c08dce1c94b3fe2689865b4f03739a72f935671d1b	open	missing:q35_ring3_system_interfaces_clause_witnesses	Add exact Q35 Ring 3 witnesses for every required clause before closing this parent.
functions/atan2.html	functions/atan2.html	atan2	9f57bb867c21c0786e7d37a030901cc19dd15987b2244308e883a8ac34f39466	15	0b341de9bb7823639fc4e13f5342d55ea4af9258477a23372537944bf9c47f43	open	missing:q35_ring3_system_interfaces_clause_witnesses	Add exact Q35 Ring 3 witnesses for every required clause before closing this parent.
functions/atan2f.html	functions/atan2f.html	atan2	9f57bb867c21c0786e7d37a030901cc19dd15987b2244308e883a8ac34f39466	15	0b341de9bb7823639fc4e13f5342d55ea4af9258477a23372537944bf9c47f43	open	missing:q35_ring3_system_interfaces_clause_witnesses	Add exact Q35 Ring 3 witnesses for every required clause before closing this parent.
functions/atan2l.html	functions/atan2l.html	atan2	9f57bb867c21c0786e7d37a030901cc19dd15987b2244308e883a8ac34f39466	15	0b341de9bb7823639fc4e13f5342d55ea4af9258477a23372537944bf9c47f43	open	missing:q35_ring3_system_interfaces_clause_witnesses	Add exact Q35 Ring 3 witnesses for every required clause before closing this parent.
functions/atanf.html	functions/atanf.html	atan	9743677df78177d67707f2be19ac797d9f04bb240ac1974c75e4c5e43992afdd	14	a00dae6eaa4891c3106aa9c08dce1c94b3fe2689865b4f03739a72f935671d1b	open	missing:q35_ring3_system_interfaces_clause_witnesses	Add exact Q35 Ring 3 witnesses for every required clause before closing this parent.
functions/atanh.html	functions/atanh.html	atanh	607d4b6af3f46bf396370ebc8c2b653376446aaae01186ace0f2466a6515ebb4	14	ad793d1d89181be321e78a0bdebba12b6ea68c14ba2698b1e66d691c5bf58d03	open	missing:q35_ring3_system_interfaces_clause_witnesses	Add exact Q35 Ring 3 witnesses for every required clause before closing this parent.
functions/atanhf.html	functions/atanhf.html	atanh	607d4b6af3f46bf396370ebc8c2b653376446aaae01186ace0f2466a6515ebb4	14	ad793d1d89181be321e78a0bdebba12b6ea68c14ba2698b1e66d691c5bf58d03	open	missing:q35_ring3_system_interfaces_clause_witnesses	Add exact Q35 Ring 3 witnesses for every required clause before closing this parent.
functions/atanhl.html	functions/atanhl.html	atanh	607d4b6af3f46bf396370ebc8c2b653376446aaae01186ace0f2466a6515ebb4	14	ad793d1d89181be321e78a0bdebba12b6ea68c14ba2698b1e66d691c5bf58d03	open	missing:q35_ring3_system_interfaces_clause_witnesses	Add exact Q35 Ring 3 witnesses for every required clause before closing this parent.
functions/atanl.html	functions/atanl.html	atan	9743677df78177d67707f2be19ac797d9f04bb240ac1974c75e4c5e43992afdd	14	a00dae6eaa4891c3106aa9c08dce1c94b3fe2689865b4f03739a72f935671d1b	open	missing:q35_ring3_system_interfaces_clause_witnesses	Add exact Q35 Ring 3 witnesses for every required clause before closing this parent.
functions/atexit.html	functions/atexit.html	atexit	911de2617e9608369d5a1ffa7921fe0a46bbe38081fdf543f3ef75683f388965	12	e74bac5e049a4fabda76d49015465aadad27bfe48c29623cf8bbab9b0e91b078	open	missing:q35_ring3_system_interfaces_clause_witnesses	Add exact Q35 Ring 3 witnesses for every required clause before closing this parent.
functions/atof.html	functions/atof.html	atof	2c7411a0a5bf2635b1e57f4455074ff132b45ec20f49873a1e436e29997d83ff	11	57f37db93975b1fcd901f51895925208bd4300f568d8f3fcc96b4dd83a738d09	open	missing:q35_ring3_system_interfaces_clause_witnesses	Add exact Q35 Ring 3 witnesses for every required clause before closing this parent.
functions/atoi.html	functions/atoi.html	atoi	4c4661ef38619f70ca21d5aea7b7ab2b093f2f9d0e9a8e279775d73f4e719504	12	d0d4a0facbc8868c33af6154b8d6d4dd670b99ee1bd4f87c5f69a24936bad1e5	open	missing:q35_ring3_system_interfaces_clause_witnesses	Add exact Q35 Ring 3 witnesses for every required clause before closing this parent.
functions/atol.html	functions/atol.html	atol	62a549aa0c11998eb39d1a449f7b4a5b94c8efa58e6fe19cbbba499359e9d765	13	0bb04c07a9d860d172dd8af5adfb2efe0420484a0ff04bb7a5fb4738c7d3da0b	open	missing:q35_ring3_system_interfaces_clause_witnesses	Add exact Q35 Ring 3 witnesses for every required clause before closing this parent.
functions/atoll.html	functions/atoll.html	atol	62a549aa0c11998eb39d1a449f7b4a5b94c8efa58e6fe19cbbba499359e9d765	13	0bb04c07a9d860d172dd8af5adfb2efe0420484a0ff04bb7a5fb4738c7d3da0b	open	missing:q35_ring3_system_interfaces_clause_witnesses	Add exact Q35 Ring 3 witnesses for every required clause before closing this parent.
functions/basename.html	functions/basename.html	basename	287dbd9c3a0f5d66b558b2028b64a92d3f4be9a8e80c6767398b7dcdb3d83f37	15	e881df659ce7ebb5a76597f3cfbe605282ee7445e48e770f265bfdcac1042e13	open	missing:q35_ring3_system_interfaces_clause_witnesses	Add exact Q35 Ring 3 witnesses for every required clause before closing this parent.
functions/bind.html	functions/bind.html	bind	1865b463a74e927ce5d4b808a8622ea76d20391e92676dbbf0fed953a8db0b79	12	6828b557f8a064dac88efad10bfae0ea23813cbb776faaae785952094c554ad7	open	missing:q35_ring3_system_interfaces_clause_witnesses	Add exact Q35 Ring 3 witnesses for every required clause before closing this parent.
functions/bsearch.html	functions/bsearch.html	bsearch	8a2b281364b82bfdb6ace7403c74c97efa44e95b8d799d73912a723a69f9b869	13	17c4b30a719c8024675f1dc6539e28b6405c70e8f1b174b91330c2f718fb5c35	open	missing:q35_ring3_system_interfaces_clause_witnesses	Add exact Q35 Ring 3 witnesses for every required clause before closing this parent.
functions/btowc.html	functions/btowc.html	btowc	8d9f7dbe911fe0b83c6653438a6e9da46ffd3bb58b59c67953c987bcbc18cafa	12	8bfa1642e6200c130faf953bbd8182437cd9c4191bd615a0827bc05558e27144	open	missing:q35_ring3_system_interfaces_clause_witnesses	Add exact Q35 Ring 3 witnesses for every required clause before closing this parent.
functions/cabs.html	functions/cabs.html	cabs	320008d640c21fdb485af25d39df01ffdf22557a4833a4ee1c4e4a18ea5557e9	11	dd78a763b5004e234133958de4e60b433d195be24a7391acd9811a69b7bf77e0	open	missing:q35_ring3_system_interfaces_clause_witnesses	Add exact Q35 Ring 3 witnesses for every required clause before closing this parent.
functions/cabsf.html	functions/cabsf.html	cabs	320008d640c21fdb485af25d39df01ffdf22557a4833a4ee1c4e4a18ea5557e9	11	dd78a763b5004e234133958de4e60b433d195be24a7391acd9811a69b7bf77e0	open	missing:q35_ring3_system_interfaces_clause_witnesses	Add exact Q35 Ring 3 witnesses for every required clause before closing this parent.
functions/cabsl.html	functions/cabsl.html	cabs	320008d640c21fdb485af25d39df01ffdf22557a4833a4ee1c4e4a18ea5557e9	11	dd78a763b5004e234133958de4e60b433d195be24a7391acd9811a69b7bf77e0	open	missing:q35_ring3_system_interfaces_clause_witnesses	Add exact Q35 Ring 3 witnesses for every required clause before closing this parent.
functions/cacos.html	functions/cacos.html	cacos	1ced84f4594de0ef8c3f8ad68439f3a84a79a9bd2e2279eb7e97a444b3ac869b	11	3c61cae52fdb5c9945a7fd6f2f119165611601dbe591e482f3739d786c50ad98	open	missing:q35_ring3_system_interfaces_clause_witnesses	Add exact Q35 Ring 3 witnesses for every required clause before closing this parent.
functions/cacosf.html	functions/cacosf.html	cacos	1ced84f4594de0ef8c3f8ad68439f3a84a79a9bd2e2279eb7e97a444b3ac869b	11	3c61cae52fdb5c9945a7fd6f2f119165611601dbe591e482f3739d786c50ad98	open	missing:q35_ring3_system_interfaces_clause_witnesses	Add exact Q35 Ring 3 witnesses for every required clause before closing this parent.
functions/cacosh.html	functions/cacosh.html	cacosh	a2da0175848d2e3aef19d794d7fbac03cc80b5a1614743271f1a84178abb9f8b	11	42feb5657541d6418670a1c0d2d181e2daef7d4da516e39c765b7c9efd229b52	open	missing:q35_ring3_system_interfaces_clause_witnesses	Add exact Q35 Ring 3 witnesses for every required clause before closing this parent.
functions/cacoshf.html	functions/cacoshf.html	cacosh	a2da0175848d2e3aef19d794d7fbac03cc80b5a1614743271f1a84178abb9f8b	11	42feb5657541d6418670a1c0d2d181e2daef7d4da516e39c765b7c9efd229b52	open	missing:q35_ring3_system_interfaces_clause_witnesses	Add exact Q35 Ring 3 witnesses for every required clause before closing this parent.
functions/cacoshl.html	functions/cacoshl.html	cacosh	a2da0175848d2e3aef19d794d7fbac03cc80b5a1614743271f1a84178abb9f8b	11	42feb5657541d6418670a1c0d2d181e2daef7d4da516e39c765b7c9efd229b52	open	missing:q35_ring3_system_interfaces_clause_witnesses	Add exact Q35 Ring 3 witnesses for every required clause before closing this parent.
functions/cacosl.html	functions/cacosl.html	cacos	1ced84f4594de0ef8c3f8ad68439f3a84a79a9bd2e2279eb7e97a444b3ac869b	11	3c61cae52fdb5c9945a7fd6f2f119165611601dbe591e482f3739d786c50ad98	open	missing:q35_ring3_system_interfaces_clause_witnesses	Add exact Q35 Ring 3 witnesses for every required clause before closing this parent.
functions/calloc.html	functions/calloc.html	calloc	d7595b6abae6389b5f4c59ae4e65f82695a48d5a0f41129b36d1cd937a10018d	13	20be348eeca6cd3c96b94df7a193076e2f1244bc419e49435fe7e29a4158e3cf	open	missing:q35_ring3_system_interfaces_clause_witnesses	Add exact Q35 Ring 3 witnesses for every required clause before closing this parent.
functions/carg.html	functions/carg.html	carg	64f1786092df4747fadf406bad1cf475f6305ed443d657d7616e304136b56ce8	11	30fb806dff69ad78a625ca496727b66bdba01404b7689a88b679963a456dfaf0	open	missing:q35_ring3_system_interfaces_clause_witnesses	Add exact Q35 Ring 3 witnesses for every required clause before closing this parent.
functions/cargf.html	functions/cargf.html	carg	64f1786092df4747fadf406bad1cf475f6305ed443d657d7616e304136b56ce8	11	30fb806dff69ad78a625ca496727b66bdba01404b7689a88b679963a456dfaf0	open	missing:q35_ring3_system_interfaces_clause_witnesses	Add exact Q35 Ring 3 witnesses for every required clause before closing this parent.
functions/cargl.html	functions/cargl.html	carg	64f1786092df4747fadf406bad1cf475f6305ed443d657d7616e304136b56ce8	11	30fb806dff69ad78a625ca496727b66bdba01404b7689a88b679963a456dfaf0	open	missing:q35_ring3_system_interfaces_clause_witnesses	Add exact Q35 Ring 3 witnesses for every required clause before closing this parent.
functions/casin.html	functions/casin.html	casin	0037fb08b2fdec1a03f3e74aad3b3e95c994ad2e6433b3393e917fcde1dd5aee	11	de55f2305106698e1835b8ceb83813a8093c8f744d3c51dcebce2cd7d02b8055	open	missing:q35_ring3_system_interfaces_clause_witnesses	Add exact Q35 Ring 3 witnesses for every required clause before closing this parent.
functions/casinf.html	functions/casinf.html	casin	0037fb08b2fdec1a03f3e74aad3b3e95c994ad2e6433b3393e917fcde1dd5aee	11	de55f2305106698e1835b8ceb83813a8093c8f744d3c51dcebce2cd7d02b8055	open	missing:q35_ring3_system_interfaces_clause_witnesses	Add exact Q35 Ring 3 witnesses for every required clause before closing this parent.
functions/casinh.html	functions/casinh.html	casinh	76d1e1c9e8f8cb9e00d6d75d368ec08b4e2637edd1e1795d21949ef104c3a456	11	7ddc6197b1c600908cb0a4257cfc4517c84de270d21d0d2a96f56fa53b80528c	open	missing:q35_ring3_system_interfaces_clause_witnesses	Add exact Q35 Ring 3 witnesses for every required clause before closing this parent.
functions/casinhf.html	functions/casinhf.html	casinh	76d1e1c9e8f8cb9e00d6d75d368ec08b4e2637edd1e1795d21949ef104c3a456	11	7ddc6197b1c600908cb0a4257cfc4517c84de270d21d0d2a96f56fa53b80528c	open	missing:q35_ring3_system_interfaces_clause_witnesses	Add exact Q35 Ring 3 witnesses for every required clause before closing this parent.
functions/casinhl.html	functions/casinhl.html	casinh	76d1e1c9e8f8cb9e00d6d75d368ec08b4e2637edd1e1795d21949ef104c3a456	11	7ddc6197b1c600908cb0a4257cfc4517c84de270d21d0d2a96f56fa53b80528c	open	missing:q35_ring3_system_interfaces_clause_witnesses	Add exact Q35 Ring 3 witnesses for every required clause before closing this parent.
functions/casinl.html	functions/casinl.html	casin	0037fb08b2fdec1a03f3e74aad3b3e95c994ad2e6433b3393e917fcde1dd5aee	11	de55f2305106698e1835b8ceb83813a8093c8f744d3c51dcebce2cd7d02b8055	open	missing:q35_ring3_system_interfaces_clause_witnesses	Add exact Q35 Ring 3 witnesses for every required clause before closing this parent.
functions/catan.html	functions/catan.html	catan	4305f054d30c6ff7ba12f44c23c6ca4230f470d115d3f4fb4d5541aa1fc3a8f9	11	5869807aa4898d87d97c3dbb9643ec947e6c91542c62518004cd5333a2231d9e	open	missing:q35_ring3_system_interfaces_clause_witnesses	Add exact Q35 Ring 3 witnesses for every required clause before closing this parent.
functions/catanf.html	functions/catanf.html	catan	4305f054d30c6ff7ba12f44c23c6ca4230f470d115d3f4fb4d5541aa1fc3a8f9	11	5869807aa4898d87d97c3dbb9643ec947e6c91542c62518004cd5333a2231d9e	open	missing:q35_ring3_system_interfaces_clause_witnesses	Add exact Q35 Ring 3 witnesses for every required clause before closing this parent.
functions/catanh.html	functions/catanh.html	catanh	69c28738e8d772f738e527d2e82025a74e6eade28fc185834652093c90282ed5	11	b5a6577b0dbd3dcfa8577ac5c6153ed2fabaed99f44b7978c5225ef6579cfe38	open	missing:q35_ring3_system_interfaces_clause_witnesses	Add exact Q35 Ring 3 witnesses for every required clause before closing this parent.
functions/catanhf.html	functions/catanhf.html	catanh	69c28738e8d772f738e527d2e82025a74e6eade28fc185834652093c90282ed5	11	b5a6577b0dbd3dcfa8577ac5c6153ed2fabaed99f44b7978c5225ef6579cfe38	open	missing:q35_ring3_system_interfaces_clause_witnesses	Add exact Q35 Ring 3 witnesses for every required clause before closing this parent.
functions/catanhl.html	functions/catanhl.html	catanh	69c28738e8d772f738e527d2e82025a74e6eade28fc185834652093c90282ed5	11	b5a6577b0dbd3dcfa8577ac5c6153ed2fabaed99f44b7978c5225ef6579cfe38	open	missing:q35_ring3_system_interfaces_clause_witnesses	Add exact Q35 Ring 3 witnesses for every required clause before closing this parent.
functions/catanl.html	functions/catanl.html	catan	4305f054d30c6ff7ba12f44c23c6ca4230f470d115d3f4fb4d5541aa1fc3a8f9	11	5869807aa4898d87d97c3dbb9643ec947e6c91542c62518004cd5333a2231d9e	open	missing:q35_ring3_system_interfaces_clause_witnesses	Add exact Q35 Ring 3 witnesses for every required clause before closing this parent.
functions/catclose.html	functions/catclose.html	catclose	dd63edd26e11fa2975f6da39ac19a42378f417eb7b3ae9422a1bf70ec3c5f2cf	12	3f16d77e4e49da042d29ed34094bed2d15e693b0af6c324035ea66d3b3e63864	open	missing:q35_ring3_system_interfaces_clause_witnesses	Add exact Q35 Ring 3 witnesses for every required clause before closing this parent.
functions/catgets.html	functions/catgets.html	catgets	08ed3ed05aaeee4e0a3b36846299b4bcd566362d2532a8e059b4e9b51f690459	14	2fad7b7a3b5a740b862701cb8948b69719cd65a553ed7dac94895ca757630f4d	open	missing:q35_ring3_system_interfaces_clause_witnesses	Add exact Q35 Ring 3 witnesses for every required clause before closing this parent.
functions/catopen.html	functions/catopen.html	catopen	2d358ec4ae8ac27999fcb4f86ae65137899dcb739bfe9132712910872c98d01a	12	537f909aacd869acc2e50d2b246ca2296b74f3dea6e409ffbac05e85b2be41ff	open	missing:q35_ring3_system_interfaces_clause_witnesses	Add exact Q35 Ring 3 witnesses for every required clause before closing this parent.
functions/cbrt.html	functions/cbrt.html	cbrt	7e583c57495501b73185c39f3df6f0feea323ea7d515b860083f3704ccc93f32	13	021e6b82b7ceefc808ec8d302aac9c38597bc68ab3a34f524cbaf9c4e38f07fe	open	missing:q35_ring3_system_interfaces_clause_witnesses	Add exact Q35 Ring 3 witnesses for every required clause before closing this parent.
functions/cbrtf.html	functions/cbrtf.html	cbrt	7e583c57495501b73185c39f3df6f0feea323ea7d515b860083f3704ccc93f32	13	021e6b82b7ceefc808ec8d302aac9c38597bc68ab3a34f524cbaf9c4e38f07fe	open	missing:q35_ring3_system_interfaces_clause_witnesses	Add exact Q35 Ring 3 witnesses for every required clause before closing this parent.
functions/cbrtl.html	functions/cbrtl.html	cbrt	7e583c57495501b73185c39f3df6f0feea323ea7d515b860083f3704ccc93f32	13	021e6b82b7ceefc808ec8d302aac9c38597bc68ab3a34f524cbaf9c4e38f07fe	open	missing:q35_ring3_system_interfaces_clause_witnesses	Add exact Q35 Ring 3 witnesses for every required clause before closing this parent.
functions/ccos.html	functions/ccos.html	ccos	4d694e06d37365d26a43d94a31c038ca909f6a72685bc6e05137c400eb8cb1ff	11	c9b891759c5d341e21585ed69515df416ec2cd382a00644c83c99131c367aa6f	open	missing:q35_ring3_system_interfaces_clause_witnesses	Add exact Q35 Ring 3 witnesses for every required clause before closing this parent.
functions/ccosf.html	functions/ccosf.html	ccos	4d694e06d37365d26a43d94a31c038ca909f6a72685bc6e05137c400eb8cb1ff	11	c9b891759c5d341e21585ed69515df416ec2cd382a00644c83c99131c367aa6f	open	missing:q35_ring3_system_interfaces_clause_witnesses	Add exact Q35 Ring 3 witnesses for every required clause before closing this parent.
functions/ccosh.html	functions/ccosh.html	ccosh	5e50c526ca88c6a08cf1fe4c977c1c8783e517eb442374e4f4a2fb014cea8e0b	11	1050c5a0a1b98df62ff68faca53a42cac5954de2a85ab3a1490348308b60ba79	open	missing:q35_ring3_system_interfaces_clause_witnesses	Add exact Q35 Ring 3 witnesses for every required clause before closing this parent.
functions/ccoshf.html	functions/ccoshf.html	ccosh	5e50c526ca88c6a08cf1fe4c977c1c8783e517eb442374e4f4a2fb014cea8e0b	11	1050c5a0a1b98df62ff68faca53a42cac5954de2a85ab3a1490348308b60ba79	open	missing:q35_ring3_system_interfaces_clause_witnesses	Add exact Q35 Ring 3 witnesses for every required clause before closing this parent.
functions/ccoshl.html	functions/ccoshl.html	ccosh	5e50c526ca88c6a08cf1fe4c977c1c8783e517eb442374e4f4a2fb014cea8e0b	11	1050c5a0a1b98df62ff68faca53a42cac5954de2a85ab3a1490348308b60ba79	open	missing:q35_ring3_system_interfaces_clause_witnesses	Add exact Q35 Ring 3 witnesses for every required clause before closing this parent.
functions/ccosl.html	functions/ccosl.html	ccos	4d694e06d37365d26a43d94a31c038ca909f6a72685bc6e05137c400eb8cb1ff	11	c9b891759c5d341e21585ed69515df416ec2cd382a00644c83c99131c367aa6f	open	missing:q35_ring3_system_interfaces_clause_witnesses	Add exact Q35 Ring 3 witnesses for every required clause before closing this parent.
functions/ceil.html	functions/ceil.html	ceil	873f53c81c8c394a99e3363b7e8aeca42df0ded96876364b5d055d8441634cf2	14	aabae4d754eca1a49b40692ec53e3aa85218c3af0b019b3126d6c9898e6f761b	open	missing:q35_ring3_system_interfaces_clause_witnesses	Add exact Q35 Ring 3 witnesses for every required clause before closing this parent.
functions/ceilf.html	functions/ceilf.html	ceil	873f53c81c8c394a99e3363b7e8aeca42df0ded96876364b5d055d8441634cf2	14	aabae4d754eca1a49b40692ec53e3aa85218c3af0b019b3126d6c9898e6f761b	open	missing:q35_ring3_system_interfaces_clause_witnesses	Add exact Q35 Ring 3 witnesses for every required clause before closing this parent.
functions/ceill.html	functions/ceill.html	ceil	873f53c81c8c394a99e3363b7e8aeca42df0ded96876364b5d055d8441634cf2	14	aabae4d754eca1a49b40692ec53e3aa85218c3af0b019b3126d6c9898e6f761b	open	missing:q35_ring3_system_interfaces_clause_witnesses	Add exact Q35 Ring 3 witnesses for every required clause before closing this parent.
functions/cexp.html	functions/cexp.html	cexp	14648891c99d87368f88530c2c3766ba335a2883b4d4bb1bd5c5a8fe64e170b9	11	3d9af715452fa395f6d2ffd682559d520219b04eb4dd9f449e44a5c4a2d871fc	open	missing:q35_ring3_system_interfaces_clause_witnesses	Add exact Q35 Ring 3 witnesses for every required clause before closing this parent.
functions/cexpf.html	functions/cexpf.html	cexp	14648891c99d87368f88530c2c3766ba335a2883b4d4bb1bd5c5a8fe64e170b9	11	3d9af715452fa395f6d2ffd682559d520219b04eb4dd9f449e44a5c4a2d871fc	open	missing:q35_ring3_system_interfaces_clause_witnesses	Add exact Q35 Ring 3 witnesses for every required clause before closing this parent.
functions/cexpl.html	functions/cexpl.html	cexp	14648891c99d87368f88530c2c3766ba335a2883b4d4bb1bd5c5a8fe64e170b9	11	3d9af715452fa395f6d2ffd682559d520219b04eb4dd9f449e44a5c4a2d871fc	open	missing:q35_ring3_system_interfaces_clause_witnesses	Add exact Q35 Ring 3 witnesses for every required clause before closing this parent.
functions/cfgetispeed.html	functions/cfgetispeed.html	cfgetispeed	893a971f1bdd1de4b9fac2f416443e32824f04ba6b981fda741da72b8bce0823	11	a70b27a5700c59621cd54ba484b1e32334d4e11ee0b4793f7893ed7e2905d190	open	missing:q35_ring3_system_interfaces_clause_witnesses	Add exact Q35 Ring 3 witnesses for every required clause before closing this parent.
functions/cfgetospeed.html	functions/cfgetospeed.html	cfgetospeed	49d6636e9f4e0172c2f8e46e44d2fb000921bec653a94ba2d9e8df0e81f7a1ac	11	d98e95effa41026de05537c4eb922505c10a458be2ffb69045abd1d4710210fe	open	missing:q35_ring3_system_interfaces_clause_witnesses	Add exact Q35 Ring 3 witnesses for every required clause before closing this parent.
functions/cfsetispeed.html	functions/cfsetispeed.html	cfsetispeed	5696ca888cab82103aabd24b6a2a2f0fbf6e371c000e2d97bc1fe218d2b139e6	12	678d83e8ad6fc09f9ad7032cb4cfba40af7d33baa086250839203c2331326ae1	open	missing:q35_ring3_system_interfaces_clause_witnesses	Add exact Q35 Ring 3 witnesses for every required clause before closing this parent.
functions/cfsetospeed.html	functions/cfsetospeed.html	cfsetospeed	4af9940aa6b4380b78acd4f3eaab3edb5d29329bea03d13ceb5b4ab304cb61b0	12	c4ec6a7321d539c049435f3dc21f88897a1825bf6074afc35567b6a6bd923409	open	missing:q35_ring3_system_interfaces_clause_witnesses	Add exact Q35 Ring 3 witnesses for every required clause before closing this parent.
functions/chdir.html	functions/chdir.html	chdir	de5c0c0d1e94bab28938aaea980fb787966acb33c78475af1d067e9863501f9c	14	76884d123cfda95437e429d94a661b13eaf088cbde5c2b439c830aeba800fa6e	open	missing:q35_ring3_system_interfaces_clause_witnesses	Add exact Q35 Ring 3 witnesses for every required clause before closing this parent.
functions/chmod.html	functions/chmod.html	chmod	8c882927624ef98df5b5f78c292607eda5da7266ef8aaff717024df2db13a392	17	c210f2fb2f6c61f09243cd1a3bca80fa11a253174cecb29c6f1719bb7ced9b5c	open	missing:q35_ring3_system_interfaces_clause_witnesses	Add exact Q35 Ring 3 witnesses for every required clause before closing this parent.
functions/chown.html	functions/chown.html	chown	c14a45da8f71d23624d74f12b8a6eb89bddec7ad99da7da516e68947093bbf92	13	e0918d374008df3f27c1c2654184d8bdf8648bad9cdab30c401d563850c5953e	open	missing:q35_ring3_system_interfaces_clause_witnesses	Add exact Q35 Ring 3 witnesses for every required clause before closing this parent.
functions/cimag.html	functions/cimag.html	cimag	cd773e426184c283f1d3cb251738f98428adba2b7456e0b0fea76524433c895a	11	24251d373e7c22f0ee3772be2612ca009f8c4b5b3028e7a66993e9839dd5478c	open	missing:q35_ring3_system_interfaces_clause_witnesses	Add exact Q35 Ring 3 witnesses for every required clause before closing this parent.
functions/cimagf.html	functions/cimagf.html	cimag	cd773e426184c283f1d3cb251738f98428adba2b7456e0b0fea76524433c895a	11	24251d373e7c22f0ee3772be2612ca009f8c4b5b3028e7a66993e9839dd5478c	open	missing:q35_ring3_system_interfaces_clause_witnesses	Add exact Q35 Ring 3 witnesses for every required clause before closing this parent.
functions/cimagl.html	functions/cimagl.html	cimag	cd773e426184c283f1d3cb251738f98428adba2b7456e0b0fea76524433c895a	11	24251d373e7c22f0ee3772be2612ca009f8c4b5b3028e7a66993e9839dd5478c	open	missing:q35_ring3_system_interfaces_clause_witnesses	Add exact Q35 Ring 3 witnesses for every required clause before closing this parent.
functions/clearerr.html	functions/clearerr.html	clearerr	1626ed6cd70ef25554116b1f27855138e9e586407127bb04db688c40f355cc62	12	d141b0772cc328700e10b268870ecc1133db0ab03f7b1259f994be9dbbf21915	open	missing:q35_ring3_system_interfaces_clause_witnesses	Add exact Q35 Ring 3 witnesses for every required clause before closing this parent.
functions/clock.html	functions/clock.html	clock	782622f22e8ded8c45d99787b0aceced40065e3df6a5ae0e046bc6bd925ea27e	12	9c1ced5e9bf693770878c3a3d01513fce199872ddeaf2941de50e1612e4340e5	open	missing:q35_ring3_system_interfaces_clause_witnesses	Add exact Q35 Ring 3 witnesses for every required clause before closing this parent.
functions/clock_getcpuclockid.html	functions/clock_getcpuclockid.html	clock_getcpuclockid	12395518e7b5dcc0299ba03f59acd80462293b104f4f0e655935b8e2e3072381	11	23febbd1cbfa7f16cdf8029fa605dda877109f01629a50082751d75e2bf4ac56	open	missing:q35_ring3_system_interfaces_clause_witnesses	Add exact Q35 Ring 3 witnesses for every required clause before closing this parent.
functions/clock_getres.html	functions/clock_getres.html	clock_getres	f92b03ae3fa4046e167fa2140dbdd3ee4a11328bbb95dce26f7bd824dc2cb1df	13	f5a75e74ec2d6303acb1567feb861f4cf7858c9d6ff3ab9d71e7c28c8fdc9976	open	missing:q35_ring3_system_interfaces_clause_witnesses	Add exact Q35 Ring 3 witnesses for every required clause before closing this parent.
functions/clock_gettime.html	functions/clock_gettime.html	clock_getres	f92b03ae3fa4046e167fa2140dbdd3ee4a11328bbb95dce26f7bd824dc2cb1df	13	f5a75e74ec2d6303acb1567feb861f4cf7858c9d6ff3ab9d71e7c28c8fdc9976	open	missing:q35_ring3_system_interfaces_clause_witnesses	Add exact Q35 Ring 3 witnesses for every required clause before closing this parent.
functions/clock_nanosleep.html	functions/clock_nanosleep.html	clock_nanosleep	27278aa16e747a4af5837778ee1f99fcfa054929f49678bd74c6d28c75cd1063	12	f97ab0f341354c60af611a6be233f82d117d61ebf96d491a8ee23f2ce0d82f99	open	missing:q35_ring3_system_interfaces_clause_witnesses	Add exact Q35 Ring 3 witnesses for every required clause before closing this parent.
functions/clock_settime.html	functions/clock_settime.html	clock_getres	f92b03ae3fa4046e167fa2140dbdd3ee4a11328bbb95dce26f7bd824dc2cb1df	13	f5a75e74ec2d6303acb1567feb861f4cf7858c9d6ff3ab9d71e7c28c8fdc9976	open	missing:q35_ring3_system_interfaces_clause_witnesses	Add exact Q35 Ring 3 witnesses for every required clause before closing this parent.
functions/clog.html	functions/clog.html	clog	0fa6db6e4efe17c9b48098ebe4d06604e4d8842399889990faca31581817d592	11	8785afb63f41aa1a060f701fe50273fc20c860dd848e885ed76bad57921b7055	open	missing:q35_ring3_system_interfaces_clause_witnesses	Add exact Q35 Ring 3 witnesses for every required clause before closing this parent.
functions/clogf.html	functions/clogf.html	clog	0fa6db6e4efe17c9b48098ebe4d06604e4d8842399889990faca31581817d592	11	8785afb63f41aa1a060f701fe50273fc20c860dd848e885ed76bad57921b7055	open	missing:q35_ring3_system_interfaces_clause_witnesses	Add exact Q35 Ring 3 witnesses for every required clause before closing this parent.
functions/clogl.html	functions/clogl.html	clog	0fa6db6e4efe17c9b48098ebe4d06604e4d8842399889990faca31581817d592	11	8785afb63f41aa1a060f701fe50273fc20c860dd848e885ed76bad57921b7055	open	missing:q35_ring3_system_interfaces_clause_witnesses	Add exact Q35 Ring 3 witnesses for every required clause before closing this parent.
functions/close.html	functions/close.html	close	80d88b7cf444a2802076484eae7bd64a430a848aba48fed3c7a291862feffe04	16	c11526afbd804c979966f8c422d42a5d0f93c0e4107408ba6bdecd7e4ee11b31	open	missing:q35_ring3_system_interfaces_clause_witnesses	Add exact Q35 Ring 3 witnesses for every required clause before closing this parent.
functions/closedir.html	functions/closedir.html	closedir	dc1814572498fbc2907e2ccb341ec5aaaef6d5c64d6c7b4045d81d441bc14685	13	2742c2dd9b5c83ba311c8346975414b0ba130dc5026784c5e02446049c75cfb8	open	missing:q35_ring3_system_interfaces_clause_witnesses	Add exact Q35 Ring 3 witnesses for every required clause before closing this parent.
functions/closelog.html	functions/closelog.html	closelog	1aa9733326181b9cd5e96a3e92f76cf58597fea0f1d3dd02844e303c63b9e8cf	16	093d74d1f5f1fe581abb17390243d770eeb35005d87fe979c29ea16a82844f2d	open	missing:q35_ring3_system_interfaces_clause_witnesses	Add exact Q35 Ring 3 witnesses for every required clause before closing this parent.
functions/confstr.html	functions/confstr.html	confstr	5cb3a8b25d04781218682d2973d4d8b45a18ed6da0755b3471662d589613416c	14	726fc317703cfa6509ea329c5ee1747be2203007da50a77731d0df6f38c4c4fb	open	missing:q35_ring3_system_interfaces_clause_witnesses	Add exact Q35 Ring 3 witnesses for every required clause before closing this parent.
functions/conj.html	functions/conj.html	conj	270e358d18aee43f2961fdb2e5bf98a0b4455d2780dab8ea273927b9070c4390	11	e149377ae2c0850c7eac0d237c4e05dde4d208f32a4f1d5825490e9d36c7b537	open	missing:q35_ring3_system_interfaces_clause_witnesses	Add exact Q35 Ring 3 witnesses for every required clause before closing this parent.
functions/conjf.html	functions/conjf.html	conj	270e358d18aee43f2961fdb2e5bf98a0b4455d2780dab8ea273927b9070c4390	11	e149377ae2c0850c7eac0d237c4e05dde4d208f32a4f1d5825490e9d36c7b537	open	missing:q35_ring3_system_interfaces_clause_witnesses	Add exact Q35 Ring 3 witnesses for every required clause before closing this parent.
functions/conjl.html	functions/conjl.html	conj	270e358d18aee43f2961fdb2e5bf98a0b4455d2780dab8ea273927b9070c4390	11	e149377ae2c0850c7eac0d237c4e05dde4d208f32a4f1d5825490e9d36c7b537	open	missing:q35_ring3_system_interfaces_clause_witnesses	Add exact Q35 Ring 3 witnesses for every required clause before closing this parent.
functions/connect.html	functions/connect.html	connect	a80d1f5e1f8eba706f1169d86d8546ce668fab93c8341c4ee2fd6d35222302c2	12	ae516ad5a9e2a9ced62670d77b825f804f0c70e4f77f127862a7aedb9608fdc7	open	missing:q35_ring3_system_interfaces_clause_witnesses	Add exact Q35 Ring 3 witnesses for every required clause before closing this parent.
functions/copysign.html	functions/copysign.html	copysign	2b788d77a2da56e11863afdc567107609cc3e20babf850f3f23c2cb3e7e668b1	11	d2d3aac1c0db2aa663d506dad729e58eac78ba0246345d1789bc547ec8b63037	open	missing:q35_ring3_system_interfaces_clause_witnesses	Add exact Q35 Ring 3 witnesses for every required clause before closing this parent.
functions/copysignf.html	functions/copysignf.html	copysign	2b788d77a2da56e11863afdc567107609cc3e20babf850f3f23c2cb3e7e668b1	11	d2d3aac1c0db2aa663d506dad729e58eac78ba0246345d1789bc547ec8b63037	open	missing:q35_ring3_system_interfaces_clause_witnesses	Add exact Q35 Ring 3 witnesses for every required clause before closing this parent.
functions/copysignl.html	functions/copysignl.html	copysign	2b788d77a2da56e11863afdc567107609cc3e20babf850f3f23c2cb3e7e668b1	11	d2d3aac1c0db2aa663d506dad729e58eac78ba0246345d1789bc547ec8b63037	open	missing:q35_ring3_system_interfaces_clause_witnesses	Add exact Q35 Ring 3 witnesses for every required clause before closing this parent.
functions/cos.html	functions/cos.html	cos	a3734f33a994634554122b2d0e298801844c46ccfb52f92ccbdd0296828978cc	15	d2a5c339b0a26b6181a36ca1ea1a07e22685b4141a7317b89c1edfbdbb040fb3	open	missing:q35_ring3_system_interfaces_clause_witnesses	Add exact Q35 Ring 3 witnesses for every required clause before closing this parent.
functions/cosf.html	functions/cosf.html	cos	a3734f33a994634554122b2d0e298801844c46ccfb52f92ccbdd0296828978cc	15	d2a5c339b0a26b6181a36ca1ea1a07e22685b4141a7317b89c1edfbdbb040fb3	open	missing:q35_ring3_system_interfaces_clause_witnesses	Add exact Q35 Ring 3 witnesses for every required clause before closing this parent.
functions/cosh.html	functions/cosh.html	cosh	04ba4eba6128d133a584be90b8f257d0447ce23670c0f89bf8b57db628db8244	14	a155ca062e985d064d80841506dd5f11f57f0faf27f0ad3551b1b9fae0cac1c5	open	missing:q35_ring3_system_interfaces_clause_witnesses	Add exact Q35 Ring 3 witnesses for every required clause before closing this parent.
functions/coshf.html	functions/coshf.html	cosh	04ba4eba6128d133a584be90b8f257d0447ce23670c0f89bf8b57db628db8244	14	a155ca062e985d064d80841506dd5f11f57f0faf27f0ad3551b1b9fae0cac1c5	open	missing:q35_ring3_system_interfaces_clause_witnesses	Add exact Q35 Ring 3 witnesses for every required clause before closing this parent.
functions/coshl.html	functions/coshl.html	cosh	04ba4eba6128d133a584be90b8f257d0447ce23670c0f89bf8b57db628db8244	14	a155ca062e985d064d80841506dd5f11f57f0faf27f0ad3551b1b9fae0cac1c5	open	missing:q35_ring3_system_interfaces_clause_witnesses	Add exact Q35 Ring 3 witnesses for every required clause before closing this parent.
functions/cosl.html	functions/cosl.html	cos	a3734f33a994634554122b2d0e298801844c46ccfb52f92ccbdd0296828978cc	15	d2a5c339b0a26b6181a36ca1ea1a07e22685b4141a7317b89c1edfbdbb040fb3	open	missing:q35_ring3_system_interfaces_clause_witnesses	Add exact Q35 Ring 3 witnesses for every required clause before closing this parent.
functions/cpow.html	functions/cpow.html	cpow	7a2b75f0f2d5ed897e9e6ccb28295a1df7bc917af5350d86e7dd01ee1eb0c6e5	11	a4340eb4b401778c0da5c1b02886a56b39a1ad611d2d7e51ba877ed6882c5ba4	open	missing:q35_ring3_system_interfaces_clause_witnesses	Add exact Q35 Ring 3 witnesses for every required clause before closing this parent.
functions/cpowf.html	functions/cpowf.html	cpow	7a2b75f0f2d5ed897e9e6ccb28295a1df7bc917af5350d86e7dd01ee1eb0c6e5	11	a4340eb4b401778c0da5c1b02886a56b39a1ad611d2d7e51ba877ed6882c5ba4	open	missing:q35_ring3_system_interfaces_clause_witnesses	Add exact Q35 Ring 3 witnesses for every required clause before closing this parent.
functions/cpowl.html	functions/cpowl.html	cpow	7a2b75f0f2d5ed897e9e6ccb28295a1df7bc917af5350d86e7dd01ee1eb0c6e5	11	a4340eb4b401778c0da5c1b02886a56b39a1ad611d2d7e51ba877ed6882c5ba4	open	missing:q35_ring3_system_interfaces_clause_witnesses	Add exact Q35 Ring 3 witnesses for every required clause before closing this parent.
functions/cproj.html	functions/cproj.html	cproj	a7a30813a7f64a620acd6b2c62db687f90f4b9bdadc868b8345f11915ae0a403	11	47d302fa3153c7292d8242e3493c29797bb91dcc4eacb1ee02f887800a9c71b8	open	missing:q35_ring3_system_interfaces_clause_witnesses	Add exact Q35 Ring 3 witnesses for every required clause before closing this parent.
functions/cprojf.html	functions/cprojf.html	cproj	a7a30813a7f64a620acd6b2c62db687f90f4b9bdadc868b8345f11915ae0a403	11	47d302fa3153c7292d8242e3493c29797bb91dcc4eacb1ee02f887800a9c71b8	open	missing:q35_ring3_system_interfaces_clause_witnesses	Add exact Q35 Ring 3 witnesses for every required clause before closing this parent.
functions/cprojl.html	functions/cprojl.html	cproj	a7a30813a7f64a620acd6b2c62db687f90f4b9bdadc868b8345f11915ae0a403	11	47d302fa3153c7292d8242e3493c29797bb91dcc4eacb1ee02f887800a9c71b8	open	missing:q35_ring3_system_interfaces_clause_witnesses	Add exact Q35 Ring 3 witnesses for every required clause before closing this parent.
functions/creal.html	functions/creal.html	creal	1447e1c05be51a2b305538123b2436c1e1ecb979b61b5da918279ec92b2b40ee	11	cdb93b679a0aa119cefeef8cf10daa9563c1945003e8d25d2b6419d069c23840	open	missing:q35_ring3_system_interfaces_clause_witnesses	Add exact Q35 Ring 3 witnesses for every required clause before closing this parent.
functions/crealf.html	functions/crealf.html	creal	1447e1c05be51a2b305538123b2436c1e1ecb979b61b5da918279ec92b2b40ee	11	cdb93b679a0aa119cefeef8cf10daa9563c1945003e8d25d2b6419d069c23840	open	missing:q35_ring3_system_interfaces_clause_witnesses	Add exact Q35 Ring 3 witnesses for every required clause before closing this parent.
functions/creall.html	functions/creall.html	creal	1447e1c05be51a2b305538123b2436c1e1ecb979b61b5da918279ec92b2b40ee	11	cdb93b679a0aa119cefeef8cf10daa9563c1945003e8d25d2b6419d069c23840	open	missing:q35_ring3_system_interfaces_clause_witnesses	Add exact Q35 Ring 3 witnesses for every required clause before closing this parent.
functions/creat.html	functions/creat.html	creat	6ab30254a3b269909f5da1c9ec98fadfff1a08cf3f1aeff3f0623ae93d76de80	14	d6a3cb5100a734efef637f309e0a2bf977c7f9f2b0322b558975d85aa9ac183e	open	missing:q35_ring3_system_interfaces_clause_witnesses	Add exact Q35 Ring 3 witnesses for every required clause before closing this parent.
functions/crypt.html	functions/crypt.html	crypt	5f61c5b857e50d7157be9ce85646576db246042c808771c50441150bbff3db93	14	998097b59207e6aad7edc9306d3796e9c647b29728f6d970d25995ab4883ad92	open	missing:q35_ring3_system_interfaces_clause_witnesses	Add exact Q35 Ring 3 witnesses for every required clause before closing this parent.
functions/csin.html	functions/csin.html	csin	4060535f1518cef4ab952331621e840ee2833d9c94edc32850c2f3e26ea8dab0	11	c3c9d9cdd323cd2226b2222901721d4da7c759f9a40ee24e11f3b3056857dd18	open	missing:q35_ring3_system_interfaces_clause_witnesses	Add exact Q35 Ring 3 witnesses for every required clause before closing this parent.
functions/csinf.html	functions/csinf.html	csin	4060535f1518cef4ab952331621e840ee2833d9c94edc32850c2f3e26ea8dab0	11	c3c9d9cdd323cd2226b2222901721d4da7c759f9a40ee24e11f3b3056857dd18	open	missing:q35_ring3_system_interfaces_clause_witnesses	Add exact Q35 Ring 3 witnesses for every required clause before closing this parent.
functions/csinh.html	functions/csinh.html	csinh	a4b395fa8d94dba62a62af06e6f364f9bd091e6ddac7339fc68a93e0befc5dee	11	7ec4a3293b0a80cfa9a5fcc32afb971e49868c074dcdd13f58bf6aba8bb2f0a0	open	missing:q35_ring3_system_interfaces_clause_witnesses	Add exact Q35 Ring 3 witnesses for every required clause before closing this parent.
functions/csinhf.html	functions/csinhf.html	csinh	a4b395fa8d94dba62a62af06e6f364f9bd091e6ddac7339fc68a93e0befc5dee	11	7ec4a3293b0a80cfa9a5fcc32afb971e49868c074dcdd13f58bf6aba8bb2f0a0	open	missing:q35_ring3_system_interfaces_clause_witnesses	Add exact Q35 Ring 3 witnesses for every required clause before closing this parent.
functions/csinhl.html	functions/csinhl.html	csinh	a4b395fa8d94dba62a62af06e6f364f9bd091e6ddac7339fc68a93e0befc5dee	11	7ec4a3293b0a80cfa9a5fcc32afb971e49868c074dcdd13f58bf6aba8bb2f0a0	open	missing:q35_ring3_system_interfaces_clause_witnesses	Add exact Q35 Ring 3 witnesses for every required clause before closing this parent.
functions/csinl.html	functions/csinl.html	csin	4060535f1518cef4ab952331621e840ee2833d9c94edc32850c2f3e26ea8dab0	11	c3c9d9cdd323cd2226b2222901721d4da7c759f9a40ee24e11f3b3056857dd18	open	missing:q35_ring3_system_interfaces_clause_witnesses	Add exact Q35 Ring 3 witnesses for every required clause before closing this parent.
functions/csqrt.html	functions/csqrt.html	csqrt	c6ab7f0d646a81f0af31a362f8c14930df7d9e1e0ee7d5766231807813afd0c1	11	7908ae1c4d006ee7da8170745c758a37d7e8ac54535d2e4183afcedb9dda7b04	open	missing:q35_ring3_system_interfaces_clause_witnesses	Add exact Q35 Ring 3 witnesses for every required clause before closing this parent.
functions/csqrtf.html	functions/csqrtf.html	csqrt	c6ab7f0d646a81f0af31a362f8c14930df7d9e1e0ee7d5766231807813afd0c1	11	7908ae1c4d006ee7da8170745c758a37d7e8ac54535d2e4183afcedb9dda7b04	open	missing:q35_ring3_system_interfaces_clause_witnesses	Add exact Q35 Ring 3 witnesses for every required clause before closing this parent.
functions/csqrtl.html	functions/csqrtl.html	csqrt	c6ab7f0d646a81f0af31a362f8c14930df7d9e1e0ee7d5766231807813afd0c1	11	7908ae1c4d006ee7da8170745c758a37d7e8ac54535d2e4183afcedb9dda7b04	open	missing:q35_ring3_system_interfaces_clause_witnesses	Add exact Q35 Ring 3 witnesses for every required clause before closing this parent.
functions/ctan.html	functions/ctan.html	ctan	635267b5ad2fee56752826e00345ad788d58faa9c71a0f598ae0b40ebf717cd1	11	8df00935a4e61137c9d9f30bd72643d8c57d37a5ad2712c9d9850fa2a491376b	open	missing:q35_ring3_system_interfaces_clause_witnesses	Add exact Q35 Ring 3 witnesses for every required clause before closing this parent.
functions/ctanf.html	functions/ctanf.html	ctan	635267b5ad2fee56752826e00345ad788d58faa9c71a0f598ae0b40ebf717cd1	11	8df00935a4e61137c9d9f30bd72643d8c57d37a5ad2712c9d9850fa2a491376b	open	missing:q35_ring3_system_interfaces_clause_witnesses	Add exact Q35 Ring 3 witnesses for every required clause before closing this parent.
functions/ctanh.html	functions/ctanh.html	ctanh	bd7a66cb3c73eed8ce40f4134fd3714d85829d51e8b08fb08cf5cd8ecdbef29d	11	cd24f50b6feeb71191ed1c8f1e50322a5f3ca237ee7774b688617b71098f6d97	open	missing:q35_ring3_system_interfaces_clause_witnesses	Add exact Q35 Ring 3 witnesses for every required clause before closing this parent.
functions/ctanhf.html	functions/ctanhf.html	ctanh	bd7a66cb3c73eed8ce40f4134fd3714d85829d51e8b08fb08cf5cd8ecdbef29d	11	cd24f50b6feeb71191ed1c8f1e50322a5f3ca237ee7774b688617b71098f6d97	open	missing:q35_ring3_system_interfaces_clause_witnesses	Add exact Q35 Ring 3 witnesses for every required clause before closing this parent.
functions/ctanhl.html	functions/ctanhl.html	ctanh	bd7a66cb3c73eed8ce40f4134fd3714d85829d51e8b08fb08cf5cd8ecdbef29d	11	cd24f50b6feeb71191ed1c8f1e50322a5f3ca237ee7774b688617b71098f6d97	open	missing:q35_ring3_system_interfaces_clause_witnesses	Add exact Q35 Ring 3 witnesses for every required clause before closing this parent.
functions/ctanl.html	functions/ctanl.html	ctan	635267b5ad2fee56752826e00345ad788d58faa9c71a0f598ae0b40ebf717cd1	11	8df00935a4e61137c9d9f30bd72643d8c57d37a5ad2712c9d9850fa2a491376b	open	missing:q35_ring3_system_interfaces_clause_witnesses	Add exact Q35 Ring 3 witnesses for every required clause before closing this parent.
functions/ctermid.html	functions/ctermid.html	ctermid	d47035742d0fac7b14c3435c579ee239f1f511e4a16415562047a3184ae77fa8	15	69aea5d4a8efcb10c4285d1840b13041498745018bc7e93997cd85dad5522795	open	missing:q35_ring3_system_interfaces_clause_witnesses	Add exact Q35 Ring 3 witnesses for every required clause before closing this parent.
functions/ctime.html	functions/ctime.html	ctime	29aa8a341279fc6c04815ce6b4e1b57d842eb000cc9792d5e93cb65a30021efe	14	db8f2b90129027627895470bf32ce937266207834f985791b36c5d3b67f1ebdc	open	missing:q35_ring3_system_interfaces_clause_witnesses	Add exact Q35 Ring 3 witnesses for every required clause before closing this parent.
functions/ctime_r.html	functions/ctime_r.html	ctime	29aa8a341279fc6c04815ce6b4e1b57d842eb000cc9792d5e93cb65a30021efe	14	db8f2b90129027627895470bf32ce937266207834f985791b36c5d3b67f1ebdc	open	missing:q35_ring3_system_interfaces_clause_witnesses	Add exact Q35 Ring 3 witnesses for every required clause before closing this parent.
functions/daylight.html	functions/daylight.html	tzset	fd9a42983fe468139a7783dcd4473f40ee545215f9708dd3ad9d9062a00cb4b8	13	ba13502ec52c00480179e3ad70d3da8b293f050e1a430369440d7c578a68e31f	open	missing:q35_ring3_system_interfaces_clause_witnesses	Add exact Q35 Ring 3 witnesses for every required clause before closing this parent.
functions/dbm_clearerr.html	functions/dbm_clearerr.html	dbm_clearerr	25667d29f9cf9ea73053f5e8dcc90ddf4ca9def9900af1a3e108f482fffcf2be	14	d16643393e27655484d82e8aa97a9bd323182875b89bb83b42963f6338aa524c	open	missing:q35_ring3_system_interfaces_clause_witnesses	Add exact Q35 Ring 3 witnesses for every required clause before closing this parent.
functions/dbm_close.html	functions/dbm_close.html	dbm_clearerr	25667d29f9cf9ea73053f5e8dcc90ddf4ca9def9900af1a3e108f482fffcf2be	14	d16643393e27655484d82e8aa97a9bd323182875b89bb83b42963f6338aa524c	open	missing:q35_ring3_system_interfaces_clause_witnesses	Add exact Q35 Ring 3 witnesses for every required clause before closing this parent.
functions/dbm_delete.html	functions/dbm_delete.html	dbm_clearerr	25667d29f9cf9ea73053f5e8dcc90ddf4ca9def9900af1a3e108f482fffcf2be	14	d16643393e27655484d82e8aa97a9bd323182875b89bb83b42963f6338aa524c	open	missing:q35_ring3_system_interfaces_clause_witnesses	Add exact Q35 Ring 3 witnesses for every required clause before closing this parent.
functions/dbm_error.html	functions/dbm_error.html	dbm_clearerr	25667d29f9cf9ea73053f5e8dcc90ddf4ca9def9900af1a3e108f482fffcf2be	14	d16643393e27655484d82e8aa97a9bd323182875b89bb83b42963f6338aa524c	open	missing:q35_ring3_system_interfaces_clause_witnesses	Add exact Q35 Ring 3 witnesses for every required clause before closing this parent.
functions/dbm_fetch.html	functions/dbm_fetch.html	dbm_clearerr	25667d29f9cf9ea73053f5e8dcc90ddf4ca9def9900af1a3e108f482fffcf2be	14	d16643393e27655484d82e8aa97a9bd323182875b89bb83b42963f6338aa524c	open	missing:q35_ring3_system_interfaces_clause_witnesses	Add exact Q35 Ring 3 witnesses for every required clause before closing this parent.
functions/dbm_firstkey.html	functions/dbm_firstkey.html	dbm_clearerr	25667d29f9cf9ea73053f5e8dcc90ddf4ca9def9900af1a3e108f482fffcf2be	14	d16643393e27655484d82e8aa97a9bd323182875b89bb83b42963f6338aa524c	open	missing:q35_ring3_system_interfaces_clause_witnesses	Add exact Q35 Ring 3 witnesses for every required clause before closing this parent.
functions/dbm_nextkey.html	functions/dbm_nextkey.html	dbm_clearerr	25667d29f9cf9ea73053f5e8dcc90ddf4ca9def9900af1a3e108f482fffcf2be	14	d16643393e27655484d82e8aa97a9bd323182875b89bb83b42963f6338aa524c	open	missing:q35_ring3_system_interfaces_clause_witnesses	Add exact Q35 Ring 3 witnesses for every required clause before closing this parent.
functions/dbm_open.html	functions/dbm_open.html	dbm_clearerr	25667d29f9cf9ea73053f5e8dcc90ddf4ca9def9900af1a3e108f482fffcf2be	14	d16643393e27655484d82e8aa97a9bd323182875b89bb83b42963f6338aa524c	open	missing:q35_ring3_system_interfaces_clause_witnesses	Add exact Q35 Ring 3 witnesses for every required clause before closing this parent.
functions/dbm_store.html	functions/dbm_store.html	dbm_clearerr	25667d29f9cf9ea73053f5e8dcc90ddf4ca9def9900af1a3e108f482fffcf2be	14	d16643393e27655484d82e8aa97a9bd323182875b89bb83b42963f6338aa524c	open	missing:q35_ring3_system_interfaces_clause_witnesses	Add exact Q35 Ring 3 witnesses for every required clause before closing this parent.
functions/difftime.html	functions/difftime.html	difftime	bf5ceadaf38322a58da0d2d9597ceda7cc9e6e0e0839bebf8a209499034e667b	11	6529c38e6bacfb7adf66ba857b1a65ea23d7aa8bb1e78454f8b4d58abdeefd80	open	missing:q35_ring3_system_interfaces_clause_witnesses	Add exact Q35 Ring 3 witnesses for every required clause before closing this parent.
functions/dirfd.html	functions/dirfd.html	dirfd	b0e0646f64886886df358aba4cf0473fe05f9f9de059258d7790931c9c120d9b	11	7ca05a5fa8401e51e6759beffb3d51f85d8e74b5cd7ff49d6a79a42b932ccc3d	open	missing:q35_ring3_system_interfaces_clause_witnesses	Add exact Q35 Ring 3 witnesses for every required clause before closing this parent.
functions/dirname.html	functions/dirname.html	dirname	dc99ed564f14d7cdc404a9e29658e48aae2fefb18fd2328d2363ef4d6f141608	13	8cbb8f99fb9a0817271554498a579a8362c8f0e7d766e1bd0e8300b0208f5b97	open	missing:q35_ring3_system_interfaces_clause_witnesses	Add exact Q35 Ring 3 witnesses for every required clause before closing this parent.
functions/div.html	functions/div.html	div	a46578d7102a751346520537cd2c25c5d4eff7eb5c7c49dfbbd01289eda8dc31	11	84a2c16480e549ab8c469e223964df036ff37b498d62c34db838b5465a2f3187	open	missing:q35_ring3_system_interfaces_clause_witnesses	Add exact Q35 Ring 3 witnesses for every required clause before closing this parent.
functions/dlclose.html	functions/dlclose.html	dlclose	807a33d78993772ac7667ae95e65ec2a02a5eea4e26fda7371d2ef6f2cd3cc9f	13	722dcc8b866a93b47dff74751b3445952999e2678cc347c467b716f4c6d86f31	open	missing:q35_ring3_system_interfaces_clause_witnesses	Add exact Q35 Ring 3 witnesses for every required clause before closing this parent.
functions/dlerror.html	functions/dlerror.html	dlerror	a81a7976e3aee92d4b92db765720b6886d1cf780c09f9837d2013d4ab85d9832	13	f177049fd0a682f9f1c3f3658b3d12504f548132eb3e69ca04937a707e9e9b04	open	missing:q35_ring3_system_interfaces_clause_witnesses	Add exact Q35 Ring 3 witnesses for every required clause before closing this parent.
functions/dlopen.html	functions/dlopen.html	dlopen	9bccac0f8cbec6e6e84ee2107e9d4392629b7804e30522b8f665a12c3508bd9f	13	656bf6bae58358cae0edbba5eeb0ae4cd7eed9956439b18fc199a5731f3c0406	open	missing:q35_ring3_system_interfaces_clause_witnesses	Add exact Q35 Ring 3 witnesses for every required clause before closing this parent.
functions/dlsym.html	functions/dlsym.html	dlsym	2ad29bbf531d4c8b4ef803721f78c6f9d17af5621fa7f59229771dd6a714f0c1	13	3ee78ab3a6580c290f4bb89d7336f23dfcd52cd3ceebc574a9e6cd549d49adcb	open	missing:q35_ring3_system_interfaces_clause_witnesses	Add exact Q35 Ring 3 witnesses for every required clause before closing this parent.
functions/dprintf.html	functions/dprintf.html	fprintf	b97fe351db1c5e6969076d81a8af4d438845873fceef53bcfe6ab5e3b438fc5b	24	292d69b1a005d79351b26c5430d772251a068908c6dd1bfddeff3b3200ac42ab	open	missing:q35_ring3_system_interfaces_clause_witnesses	Add exact Q35 Ring 3 witnesses for every required clause before closing this parent.
functions/drand48.html	functions/drand48.html	drand48	4dab62b21b52200f41a4aac85491c82f351ffc79e5dcd8dceab7d572aef8761d	14	674357d1cc0477d1cd59ae6636cea9a6d9af106fb896eff2b134f3e7be33cada	open	missing:q35_ring3_system_interfaces_clause_witnesses	Add exact Q35 Ring 3 witnesses for every required clause before closing this parent.
functions/dup.html	functions/dup.html	dup	654c14d5a13fddc179d5c0087ed521e4fc9c0200bb3fe8c5eb6ea597dde206cc	14	c0ba50c0387e434db2d193334a9ee336878bbd6fcfdd5e8f5207813e625d225e	open	missing:q35_ring3_system_interfaces_clause_witnesses	Add exact Q35 Ring 3 witnesses for every required clause before closing this parent.
functions/dup2.html	functions/dup2.html	dup	654c14d5a13fddc179d5c0087ed521e4fc9c0200bb3fe8c5eb6ea597dde206cc	14	c0ba50c0387e434db2d193334a9ee336878bbd6fcfdd5e8f5207813e625d225e	open	missing:q35_ring3_system_interfaces_clause_witnesses	Add exact Q35 Ring 3 witnesses for every required clause before closing this parent.
functions/duplocale.html	functions/duplocale.html	duplocale	a8782a78913773e721c6ff38af23033606e4c6c8c921ff0cb3593df5b4d8282b	12	7065358cf72e744392ebfb37ea80664c60d4c13d601ef8fad66b10be281e184c	open	missing:q35_ring3_system_interfaces_clause_witnesses	Add exact Q35 Ring 3 witnesses for every required clause before closing this parent.
functions/encrypt.html	functions/encrypt.html	encrypt	f3ea7bec028a407d274e227f40e30c33a0eae98e32cfdef9cd244940472590ee	14	f23f0889ce7ae32b4310c1a0fb36de91fe7e7def2225ddf7a05342a5ebc25fd8	open	missing:q35_ring3_system_interfaces_clause_witnesses	Add exact Q35 Ring 3 witnesses for every required clause before closing this parent.
functions/endgrent.html	functions/endgrent.html	endgrent	621abb19336c88599a25715ff1d84f07ba0e1e06f4128e45d807c6c89a1c1020	14	4e21fd77af273d02b0fd5f65db7ffa8156297b777d22c36866a0e65fbaaa3292	open	missing:q35_ring3_system_interfaces_clause_witnesses	Add exact Q35 Ring 3 witnesses for every required clause before closing this parent.
functions/endhostent.html	functions/endhostent.html	endhostent	6c795d7bc90492a11eb7573df86d022f3de5867db3ad2ad8d927a1a0eff3aeda	12	7c05a1cf66c1a9a7f2650767a4b3c0232e32995e22ec01154310a07af6f2a701	open	missing:q35_ring3_system_interfaces_clause_witnesses	Add exact Q35 Ring 3 witnesses for every required clause before closing this parent.
functions/endnetent.html	functions/endnetent.html	endnetent	50b332764e542c44ab114f75e3acc303b769f14acf72ff491c02aa992941a94b	12	ff252c37e67197158647127a6dce470204cdf2f6db88421b6643031aacfcc4f5	open	missing:q35_ring3_system_interfaces_clause_witnesses	Add exact Q35 Ring 3 witnesses for every required clause before closing this parent.
functions/endprotoent.html	functions/endprotoent.html	endprotoent	5c64991fc966f070c1c951e5325ad9b19799d5b6c7985d7eaadd50b21b962ebf	12	07a58e53df8a57306b2ffe06823da1b3f5d813b29b2b246d0a084ce8d5436339	open	missing:q35_ring3_system_interfaces_clause_witnesses	Add exact Q35 Ring 3 witnesses for every required clause before closing this parent.
functions/endpwent.html	functions/endpwent.html	endpwent	0b369548df94b23e7b53512e1a26108887da4a981f0633a5842abbb83e32829e	15	70b2a163980efb8aaf1267d2298e3e5d5bfd6301c6b62880b6dc006b621fa9e9	open	missing:q35_ring3_system_interfaces_clause_witnesses	Add exact Q35 Ring 3 witnesses for every required clause before closing this parent.
functions/endservent.html	functions/endservent.html	endservent	76855a4f0736f2c193ce855930f207a03c8a4452deeb49e545c1bde413bc19b3	12	20b51a23c69bc839eaf98313b36754c16fb0fc508c23dcbeb90d3ff1ee46eb11	open	missing:q35_ring3_system_interfaces_clause_witnesses	Add exact Q35 Ring 3 witnesses for every required clause before closing this parent.
functions/endutxent.html	functions/endutxent.html	endutxent	cb0419ced45570475a99a9a70cdef775fbb0a84b1c8bb87d32cbc2e4f28f05da	14	b742470132e5978929c38ad1ed9a5d5813604ecd2bcd1d37cdd4de6505c85452	open	missing:q35_ring3_system_interfaces_clause_witnesses	Add exact Q35 Ring 3 witnesses for every required clause before closing this parent.
functions/environ.html	functions/environ.html	exec	578d4d551e8ee04654fea376a0ebb4e5319fbc2b5195a003ee43beb9639fa018	20	6fd38529a6ea15e1242fa45aa4bb89a567ea63595f5e92b6e63d09159cf8ba61	open	missing:q35_ring3_system_interfaces_clause_witnesses	Add exact Q35 Ring 3 witnesses for every required clause before closing this parent.
functions/erand48.html	functions/erand48.html	drand48	4dab62b21b52200f41a4aac85491c82f351ffc79e5dcd8dceab7d572aef8761d	14	674357d1cc0477d1cd59ae6636cea9a6d9af106fb896eff2b134f3e7be33cada	open	missing:q35_ring3_system_interfaces_clause_witnesses	Add exact Q35 Ring 3 witnesses for every required clause before closing this parent.
functions/erf.html	functions/erf.html	erf	07500620fa07295af74c01132711e80b11fa21cef768640d1e6fb946c1ef45ee	15	04703dd220e9044aceb62e2471ec7fa5f20399cf8530b2efc3e646ad9510c778	open	missing:q35_ring3_system_interfaces_clause_witnesses	Add exact Q35 Ring 3 witnesses for every required clause before closing this parent.
functions/erfc.html	functions/erfc.html	erfc	72c74aa7314574626f871413941cb780d9c991af61af3d815cf95c46c02a6e37	14	d6ec592a070aa4e7f43a85409641b1c81e81fa5f885ef4c9a9c7857986317964	open	missing:q35_ring3_system_interfaces_clause_witnesses	Add exact Q35 Ring 3 witnesses for every required clause before closing this parent.
functions/erfcf.html	functions/erfcf.html	erfc	72c74aa7314574626f871413941cb780d9c991af61af3d815cf95c46c02a6e37	14	d6ec592a070aa4e7f43a85409641b1c81e81fa5f885ef4c9a9c7857986317964	open	missing:q35_ring3_system_interfaces_clause_witnesses	Add exact Q35 Ring 3 witnesses for every required clause before closing this parent.
functions/erfcl.html	functions/erfcl.html	erfc	72c74aa7314574626f871413941cb780d9c991af61af3d815cf95c46c02a6e37	14	d6ec592a070aa4e7f43a85409641b1c81e81fa5f885ef4c9a9c7857986317964	open	missing:q35_ring3_system_interfaces_clause_witnesses	Add exact Q35 Ring 3 witnesses for every required clause before closing this parent.
functions/erff.html	functions/erff.html	erf	07500620fa07295af74c01132711e80b11fa21cef768640d1e6fb946c1ef45ee	15	04703dd220e9044aceb62e2471ec7fa5f20399cf8530b2efc3e646ad9510c778	open	missing:q35_ring3_system_interfaces_clause_witnesses	Add exact Q35 Ring 3 witnesses for every required clause before closing this parent.
functions/erfl.html	functions/erfl.html	erf	07500620fa07295af74c01132711e80b11fa21cef768640d1e6fb946c1ef45ee	15	04703dd220e9044aceb62e2471ec7fa5f20399cf8530b2efc3e646ad9510c778	open	missing:q35_ring3_system_interfaces_clause_witnesses	Add exact Q35 Ring 3 witnesses for every required clause before closing this parent.
functions/errno.html	functions/errno.html	errno	6e45fed6a07e005b95793fcc56a398cb0c57bd4ededfccb5ddfb7b34a4b6c4a0	13	ec003cf38052c6c42cdf783b30a740e755452d2d791984dc56d3b166a67c7427	open	missing:q35_ring3_system_interfaces_clause_witnesses	Add exact Q35 Ring 3 witnesses for every required clause before closing this parent.
functions/exec.html	functions/exec.html	exec	578d4d551e8ee04654fea376a0ebb4e5319fbc2b5195a003ee43beb9639fa018	20	6fd38529a6ea15e1242fa45aa4bb89a567ea63595f5e92b6e63d09159cf8ba61	open	missing:q35_ring3_system_interfaces_clause_witnesses	Add exact Q35 Ring 3 witnesses for every required clause before closing this parent.
functions/execl.html	functions/execl.html	exec	578d4d551e8ee04654fea376a0ebb4e5319fbc2b5195a003ee43beb9639fa018	20	6fd38529a6ea15e1242fa45aa4bb89a567ea63595f5e92b6e63d09159cf8ba61	open	missing:q35_ring3_system_interfaces_clause_witnesses	Add exact Q35 Ring 3 witnesses for every required clause before closing this parent.
functions/execle.html	functions/execle.html	exec	578d4d551e8ee04654fea376a0ebb4e5319fbc2b5195a003ee43beb9639fa018	20	6fd38529a6ea15e1242fa45aa4bb89a567ea63595f5e92b6e63d09159cf8ba61	open	missing:q35_ring3_system_interfaces_clause_witnesses	Add exact Q35 Ring 3 witnesses for every required clause before closing this parent.
functions/execlp.html	functions/execlp.html	exec	578d4d551e8ee04654fea376a0ebb4e5319fbc2b5195a003ee43beb9639fa018	20	6fd38529a6ea15e1242fa45aa4bb89a567ea63595f5e92b6e63d09159cf8ba61	open	missing:q35_ring3_system_interfaces_clause_witnesses	Add exact Q35 Ring 3 witnesses for every required clause before closing this parent.
functions/execv.html	functions/execv.html	exec	578d4d551e8ee04654fea376a0ebb4e5319fbc2b5195a003ee43beb9639fa018	20	6fd38529a6ea15e1242fa45aa4bb89a567ea63595f5e92b6e63d09159cf8ba61	open	missing:q35_ring3_system_interfaces_clause_witnesses	Add exact Q35 Ring 3 witnesses for every required clause before closing this parent.
functions/execve.html	functions/execve.html	exec	578d4d551e8ee04654fea376a0ebb4e5319fbc2b5195a003ee43beb9639fa018	20	6fd38529a6ea15e1242fa45aa4bb89a567ea63595f5e92b6e63d09159cf8ba61	open	missing:q35_ring3_system_interfaces_clause_witnesses	Add exact Q35 Ring 3 witnesses for every required clause before closing this parent.
functions/execvp.html	functions/execvp.html	exec	578d4d551e8ee04654fea376a0ebb4e5319fbc2b5195a003ee43beb9639fa018	20	6fd38529a6ea15e1242fa45aa4bb89a567ea63595f5e92b6e63d09159cf8ba61	open	missing:q35_ring3_system_interfaces_clause_witnesses	Add exact Q35 Ring 3 witnesses for every required clause before closing this parent.
functions/exit.html	functions/exit.html	exit	0a45f3103735bc830f15512d4e970ae683860bc115027fe34a4ed7c212d26928	12	004519cb81e4253d286e89cfc83845402edf9d4f11f76337b3f7896e39f2c89e	open	missing:q35_ring3_system_interfaces_clause_witnesses	Add exact Q35 Ring 3 witnesses for every required clause before closing this parent.
functions/exp.html	functions/exp.html	exp	17d8ac83daabcafc366fcc74dcc3b6cd35a0599ef805877a2c35fdc9c797d713	15	34886cb5942aac4a7a5f4f4592c297d9f1ccf16d686c13fe8e79f12be2c0851f	open	missing:q35_ring3_system_interfaces_clause_witnesses	Add exact Q35 Ring 3 witnesses for every required clause before closing this parent.
functions/exp2.html	functions/exp2.html	exp2	d1b8cc83387ac6c32ed34404a2e47bb7add29a9b1a9921f8aa7201dd70f5939b	12	1f6c35f5a8b98b74826ddc4572be1eae25223500a8023021a94c0083f4985a5f	open	missing:q35_ring3_system_interfaces_clause_witnesses	Add exact Q35 Ring 3 witnesses for every required clause before closing this parent.
functions/exp2f.html	functions/exp2f.html	exp2	d1b8cc83387ac6c32ed34404a2e47bb7add29a9b1a9921f8aa7201dd70f5939b	12	1f6c35f5a8b98b74826ddc4572be1eae25223500a8023021a94c0083f4985a5f	open	missing:q35_ring3_system_interfaces_clause_witnesses	Add exact Q35 Ring 3 witnesses for every required clause before closing this parent.
functions/exp2l.html	functions/exp2l.html	exp2	d1b8cc83387ac6c32ed34404a2e47bb7add29a9b1a9921f8aa7201dd70f5939b	12	1f6c35f5a8b98b74826ddc4572be1eae25223500a8023021a94c0083f4985a5f	open	missing:q35_ring3_system_interfaces_clause_witnesses	Add exact Q35 Ring 3 witnesses for every required clause before closing this parent.
functions/expf.html	functions/expf.html	exp	17d8ac83daabcafc366fcc74dcc3b6cd35a0599ef805877a2c35fdc9c797d713	15	34886cb5942aac4a7a5f4f4592c297d9f1ccf16d686c13fe8e79f12be2c0851f	open	missing:q35_ring3_system_interfaces_clause_witnesses	Add exact Q35 Ring 3 witnesses for every required clause before closing this parent.
functions/expl.html	functions/expl.html	exp	17d8ac83daabcafc366fcc74dcc3b6cd35a0599ef805877a2c35fdc9c797d713	15	34886cb5942aac4a7a5f4f4592c297d9f1ccf16d686c13fe8e79f12be2c0851f	open	missing:q35_ring3_system_interfaces_clause_witnesses	Add exact Q35 Ring 3 witnesses for every required clause before closing this parent.
functions/expm1.html	functions/expm1.html	expm1	cc9140a0ba60d2e70b1107e20b23aa6c6be3724ca9f9a6456737362d7fe1c8b1	14	b6da3bec81aaa0fbd0410702a60e85b4585697b7df0fd89e4da288c039550e1b	open	missing:q35_ring3_system_interfaces_clause_witnesses	Add exact Q35 Ring 3 witnesses for every required clause before closing this parent.
functions/expm1f.html	functions/expm1f.html	expm1	cc9140a0ba60d2e70b1107e20b23aa6c6be3724ca9f9a6456737362d7fe1c8b1	14	b6da3bec81aaa0fbd0410702a60e85b4585697b7df0fd89e4da288c039550e1b	open	missing:q35_ring3_system_interfaces_clause_witnesses	Add exact Q35 Ring 3 witnesses for every required clause before closing this parent.
functions/expm1l.html	functions/expm1l.html	expm1	cc9140a0ba60d2e70b1107e20b23aa6c6be3724ca9f9a6456737362d7fe1c8b1	14	b6da3bec81aaa0fbd0410702a60e85b4585697b7df0fd89e4da288c039550e1b	open	missing:q35_ring3_system_interfaces_clause_witnesses	Add exact Q35 Ring 3 witnesses for every required clause before closing this parent.
functions/fabs.html	functions/fabs.html	fabs	ae1a6ee60e7483c97c86c2cc4508bbdc4ec45700fc73b85d5d7b09888c9993d7	14	160bbe00accd142eb3f5ca11603c99e981a8310022fde45565950232ec78d19e	open	missing:q35_ring3_system_interfaces_clause_witnesses	Add exact Q35 Ring 3 witnesses for every required clause before closing this parent.
functions/fabsf.html	functions/fabsf.html	fabs	ae1a6ee60e7483c97c86c2cc4508bbdc4ec45700fc73b85d5d7b09888c9993d7	14	160bbe00accd142eb3f5ca11603c99e981a8310022fde45565950232ec78d19e	open	missing:q35_ring3_system_interfaces_clause_witnesses	Add exact Q35 Ring 3 witnesses for every required clause before closing this parent.
functions/fabsl.html	functions/fabsl.html	fabs	ae1a6ee60e7483c97c86c2cc4508bbdc4ec45700fc73b85d5d7b09888c9993d7	14	160bbe00accd142eb3f5ca11603c99e981a8310022fde45565950232ec78d19e	open	missing:q35_ring3_system_interfaces_clause_witnesses	Add exact Q35 Ring 3 witnesses for every required clause before closing this parent.
functions/faccessat.html	functions/faccessat.html	access	2cc1d19fe3c8d6eb9ca5568cf50b598ed5241a9e8b9fdfeb1b3aaf2e1cd4bdb6	14	347014e940397197fc016c49366f09ab1812f4527ddfae3f390df71a720fea4d	open	missing:q35_ring3_system_interfaces_clause_witnesses	Add exact Q35 Ring 3 witnesses for every required clause before closing this parent.
functions/fattach.html	functions/fattach.html	fattach	2173a3b8c44c867437e27768c49c195c7cfec982486adb65971f7d80633235d1	15	3b3d976181436e22068b062318e7e7e638cdc985cbb8c8fa06002ac430d71d66	open	missing:q35_ring3_system_interfaces_clause_witnesses	Add exact Q35 Ring 3 witnesses for every required clause before closing this parent.
functions/fchdir.html	functions/fchdir.html	fchdir	a365ae3d7e5e160e834f1100bed6882094c31a8e172f764609e0891d002eb32f	13	ab3027981ae07679d4141c9593dd33e44ae01314f1480441d8b4e29728fa7fc0	open	missing:q35_ring3_system_interfaces_clause_witnesses	Add exact Q35 Ring 3 witnesses for every required clause before closing this parent.
functions/fchmod.html	functions/fchmod.html	fchmod	9803744b65a254e84f10a11ee2ce121dad8d58839d38c1cf9cd77dd304be6e06	14	f7eb4be1f3d32627dac9d2836f6045f3a52225167d8f185e3e92f368940dfaeb	open	missing:q35_ring3_system_interfaces_clause_witnesses	Add exact Q35 Ring 3 witnesses for every required clause before closing this parent.
functions/fchmodat.html	functions/fchmodat.html	chmod	8c882927624ef98df5b5f78c292607eda5da7266ef8aaff717024df2db13a392	17	c210f2fb2f6c61f09243cd1a3bca80fa11a253174cecb29c6f1719bb7ced9b5c	open	missing:q35_ring3_system_interfaces_clause_witnesses	Add exact Q35 Ring 3 witnesses for every required clause before closing this parent.
functions/fchown.html	functions/fchown.html	fchown	f1ed7da81907900d0dbd162ac476578fa834e9180fd3c91a0356e510484e029a	15	1f6ec749ca108c04541e8346c8fe1c4dd4976c973191cc24bcc83b602d2715ed	open	missing:q35_ring3_system_interfaces_clause_witnesses	Add exact Q35 Ring 3 witnesses for every required clause before closing this parent.
functions/fchownat.html	functions/fchownat.html	chown	c14a45da8f71d23624d74f12b8a6eb89bddec7ad99da7da516e68947093bbf92	13	e0918d374008df3f27c1c2654184d8bdf8648bad9cdab30c401d563850c5953e	open	missing:q35_ring3_system_interfaces_clause_witnesses	Add exact Q35 Ring 3 witnesses for every required clause before closing this parent.
functions/fclose.html	functions/fclose.html	fclose	b9ebc17eea3ee6fcd5b85efe2b68097a0caee45d91e07b193ceb1ec307d3541f	14	2917b7775e1d39421ca322b9b6cb1f916b6849b7bce92ce694e426200e2c0968	open	missing:q35_ring3_system_interfaces_clause_witnesses	Add exact Q35 Ring 3 witnesses for every required clause before closing this parent.
functions/fcntl.html	functions/fcntl.html	fcntl	4c53ab3e022b00ddcd956b581de831404f043aabe4bb6fb5d9f4140449ea7c55	16	5b6636f7e60253f8c4a6180758f3f43e7c27ca70e3fd311e8f2c60afd88e0158	open	missing:q35_ring3_system_interfaces_clause_witnesses	Add exact Q35 Ring 3 witnesses for every required clause before closing this parent.
functions/fdatasync.html	functions/fdatasync.html	fdatasync	d78e3d6a6aac16ed2902891dce12835d13a32e772f559be7e89d4b4f108aa941	13	d1158fedbd18259acf7cd77cc2ead3ffe85fcf57d1069a92d3ef742c41dd2f6d	open	missing:q35_ring3_system_interfaces_clause_witnesses	Add exact Q35 Ring 3 witnesses for every required clause before closing this parent.
functions/fdetach.html	functions/fdetach.html	fdetach	641f07237b2bc8a066c372c47e9eec6fb5be4060a7f7b67db87efe7e74daa777	15	bf738dcee32156bfecf7c0b5924fa4e668408cca9d7d476273c9dd4f9886f213	open	missing:q35_ring3_system_interfaces_clause_witnesses	Add exact Q35 Ring 3 witnesses for every required clause before closing this parent.
functions/fdim.html	functions/fdim.html	fdim	e9a0ef192e3b02fe2d3942e7f53f16a1673647107e2b45b34851474ada7109ed	12	10299a9760bfa4c928aa0818b64ccbf75f9d94f294b3e8139898b98ea41197f1	open	missing:q35_ring3_system_interfaces_clause_witnesses	Add exact Q35 Ring 3 witnesses for every required clause before closing this parent.
functions/fdimf.html	functions/fdimf.html	fdim	e9a0ef192e3b02fe2d3942e7f53f16a1673647107e2b45b34851474ada7109ed	12	10299a9760bfa4c928aa0818b64ccbf75f9d94f294b3e8139898b98ea41197f1	open	missing:q35_ring3_system_interfaces_clause_witnesses	Add exact Q35 Ring 3 witnesses for every required clause before closing this parent.
functions/fdiml.html	functions/fdiml.html	fdim	e9a0ef192e3b02fe2d3942e7f53f16a1673647107e2b45b34851474ada7109ed	12	10299a9760bfa4c928aa0818b64ccbf75f9d94f294b3e8139898b98ea41197f1	open	missing:q35_ring3_system_interfaces_clause_witnesses	Add exact Q35 Ring 3 witnesses for every required clause before closing this parent.
functions/fdopen.html	functions/fdopen.html	fdopen	7410535117e9040699f28a244c3191624f6b9cd9c53cf218135457bd0ede917c	14	ad83ee923e6b0d4bfe0a7c3453662d4a0ba35e658d735c199db9b32146669571	open	missing:q35_ring3_system_interfaces_clause_witnesses	Add exact Q35 Ring 3 witnesses for every required clause before closing this parent.
functions/fdopendir.html	functions/fdopendir.html	fdopendir	b5a9768440a37c147ea1cca91e6268c61de6da8ab76c4a93545b1df7db171b4c	15	db2a6a8a6c4c70c04ce78ec47c8a39384a071b4bedae95e5877afd3fd2fe8d40	open	missing:q35_ring3_system_interfaces_clause_witnesses	Add exact Q35 Ring 3 witnesses for every required clause before closing this parent.
functions/feclearexcept.html	functions/feclearexcept.html	feclearexcept	bf5a2402f66e7773b831bb233176b34a5e4fb799c3fcf6ad9722973edb3a322b	11	e874597baea74e013589d6b913166676fae0ad86b50edf7d52f920527c1f328a	open	missing:q35_ring3_system_interfaces_clause_witnesses	Add exact Q35 Ring 3 witnesses for every required clause before closing this parent.
functions/fegetenv.html	functions/fegetenv.html	fegetenv	171aedd78ba4358c04015e11d09a30aaccbf6645aba799e9350b9eef3d4ec2a8	11	261e6fab606a2e4a02368d609971d655770e9071fc92578e89bdba3e9907453d	open	missing:q35_ring3_system_interfaces_clause_witnesses	Add exact Q35 Ring 3 witnesses for every required clause before closing this parent.
functions/fegetexceptflag.html	functions/fegetexceptflag.html	fegetexceptflag	ffb7a55d9efd5e5d5ad69d6eb79ca1db64c6e84343364dbf2784d88ee1bfc099	11	888d23e31a4336a378bf60c24ea90026d63c1e2b3a1d11da2094e7bcb2a9daa8	open	missing:q35_ring3_system_interfaces_clause_witnesses	Add exact Q35 Ring 3 witnesses for every required clause before closing this parent.
functions/fegetround.html	functions/fegetround.html	fegetround	3b68578e9b72dcd1d633a4ffe4cd4d10e527f9ff2b598e8d8e9826272e94fa81	11	0ed1bf2bf466bf97de7d1e972a3d04144739539883f6a3653f600e4d36e8d504	open	missing:q35_ring3_system_interfaces_clause_witnesses	Add exact Q35 Ring 3 witnesses for every required clause before closing this parent.
functions/feholdexcept.html	functions/feholdexcept.html	feholdexcept	21546f181fd997698f32ff2581b52452d12f68ecc1b81dce3d037852f7a207ac	11	82ea7d7b96c784289e119a300dd883f61998163050525af7020e267a1b1e2f08	open	missing:q35_ring3_system_interfaces_clause_witnesses	Add exact Q35 Ring 3 witnesses for every required clause before closing this parent.
functions/feof.html	functions/feof.html	feof	80407169e9291eda7b4664dbb30805983f9bbed3080a7fa652c473a246434d38	12	76cc3167bb3bd442cb58032c5f7c5e1dd04fe07894a63f994c9047c9c060994a	open	missing:q35_ring3_system_interfaces_clause_witnesses	Add exact Q35 Ring 3 witnesses for every required clause before closing this parent.
functions/feraiseexcept.html	functions/feraiseexcept.html	feraiseexcept	8f4d7f16e017dfbcc79153ef2bea8fe286ac48b9b4731ae8d4b8e4f3b7e111cf	12	005dcd9ff1edf0e110836fa04799114b49cc8dd603b4351da97963e6bf8c370c	open	missing:q35_ring3_system_interfaces_clause_witnesses	Add exact Q35 Ring 3 witnesses for every required clause before closing this parent.
functions/ferror.html	functions/ferror.html	ferror	ed07917cad73b88e9dbd868aa9bc6769fc6dca0e1c46960677658009ba1e777b	12	1a40319f8b383505ff9848a772e083b36ed5ce665d644c3d93cea027c1836de7	open	missing:q35_ring3_system_interfaces_clause_witnesses	Add exact Q35 Ring 3 witnesses for every required clause before closing this parent.
functions/fesetenv.html	functions/fesetenv.html	fegetenv	171aedd78ba4358c04015e11d09a30aaccbf6645aba799e9350b9eef3d4ec2a8	11	261e6fab606a2e4a02368d609971d655770e9071fc92578e89bdba3e9907453d	open	missing:q35_ring3_system_interfaces_clause_witnesses	Add exact Q35 Ring 3 witnesses for every required clause before closing this parent.
functions/fesetexceptflag.html	functions/fesetexceptflag.html	fegetexceptflag	ffb7a55d9efd5e5d5ad69d6eb79ca1db64c6e84343364dbf2784d88ee1bfc099	11	888d23e31a4336a378bf60c24ea90026d63c1e2b3a1d11da2094e7bcb2a9daa8	open	missing:q35_ring3_system_interfaces_clause_witnesses	Add exact Q35 Ring 3 witnesses for every required clause before closing this parent.
functions/fesetround.html	functions/fesetround.html	fegetround	3b68578e9b72dcd1d633a4ffe4cd4d10e527f9ff2b598e8d8e9826272e94fa81	11	0ed1bf2bf466bf97de7d1e972a3d04144739539883f6a3653f600e4d36e8d504	open	missing:q35_ring3_system_interfaces_clause_witnesses	Add exact Q35 Ring 3 witnesses for every required clause before closing this parent.
functions/fetestexcept.html	functions/fetestexcept.html	fetestexcept	191776686d9a4fce55ab1647ab1724a12f36164011a7ff064a5f9200a3f42c14	11	17618dd7de0f66833d4ba8adb5972b770ae29d618b0c132d829f4192f3c80601	open	missing:q35_ring3_system_interfaces_clause_witnesses	Add exact Q35 Ring 3 witnesses for every required clause before closing this parent.
functions/feupdateenv.html	functions/feupdateenv.html	feupdateenv	5f59681da125313fd154c6197199f87ef188cd14c4a2a53ab27208ad4f764819	11	82c5b705fa46d26537ad2bc1621ab6908884f4b4761a506d837652fb38bd9ec6	open	missing:q35_ring3_system_interfaces_clause_witnesses	Add exact Q35 Ring 3 witnesses for every required clause before closing this parent.
functions/fexecve.html	functions/fexecve.html	exec	578d4d551e8ee04654fea376a0ebb4e5319fbc2b5195a003ee43beb9639fa018	20	6fd38529a6ea15e1242fa45aa4bb89a567ea63595f5e92b6e63d09159cf8ba61	open	missing:q35_ring3_system_interfaces_clause_witnesses	Add exact Q35 Ring 3 witnesses for every required clause before closing this parent.
functions/fflush.html	functions/fflush.html	fflush	3c380564571b3c8c67917b972a208450018842192e44f0b02c926318669f962a	15	ebb6585bbdec23f7a75bbdcd4c03ee073f4ae3111fd1a29f1d7a7ddd5113cacf	open	missing:q35_ring3_system_interfaces_clause_witnesses	Add exact Q35 Ring 3 witnesses for every required clause before closing this parent.
functions/ffs.html	functions/ffs.html	ffs	f068d342d40435f9cfdb13c4a497e9cc443181dc7cbfa5ad87539849f7554e24	12	39d484f94b01db2eb5dc398c8d030e924d6b12a913f3c6981376f998f4a23bc4	open	missing:q35_ring3_system_interfaces_clause_witnesses	Add exact Q35 Ring 3 witnesses for every required clause before closing this parent.
functions/fgetc.html	functions/fgetc.html	fgetc	87f032151b20bfeb88cfffbf2023dadba2b481b94e63a69d079bf4953d03b9ff	14	7495ce04aacf09381580ad69162afb96bf2afe22b8de306e36268cb12f5c0877	open	missing:q35_ring3_system_interfaces_clause_witnesses	Add exact Q35 Ring 3 witnesses for every required clause before closing this parent.
functions/fgetpos.html	functions/fgetpos.html	fgetpos	1419cc8419ff001141d79a7bf28797678ad87822e40b085e637ab810a841e226	14	f83834b4815ec498fd7fee4089e24481d191c32eaea9523b491696cea996309f	open	missing:q35_ring3_system_interfaces_clause_witnesses	Add exact Q35 Ring 3 witnesses for every required clause before closing this parent.
functions/fgets.html	functions/fgets.html	fgets	9e7acb044c30d746477fcf99acb0b806c5a63919a522be17bcac65ddc85f1238	14	ba75b9fb4ecdb794ad14975bb12a036202eca5dd94e28e18e02862505489c517	open	missing:q35_ring3_system_interfaces_clause_witnesses	Add exact Q35 Ring 3 witnesses for every required clause before closing this parent.
functions/fgetwc.html	functions/fgetwc.html	fgetwc	f05412bdf013c9569fe35a565a6b82063a490ebf654c073c55907b8dbdc36c9e	14	b41f0e4e36944d185f5a92766feb46c5b0cd50ad6f4ddf65afb99fbb942427c4	open	missing:q35_ring3_system_interfaces_clause_witnesses	Add exact Q35 Ring 3 witnesses for every required clause before closing this parent.
functions/fgetws.html	functions/fgetws.html	fgetws	e92095ffe960a0ad7e8b897c2c59b9fdad5b2ad5ee23c8b76ea09cfe88361410	14	47b10acd30cc0bcc46aba6627e5407779aa51733fda865b3ab8c085b9337d7cd	open	missing:q35_ring3_system_interfaces_clause_witnesses	Add exact Q35 Ring 3 witnesses for every required clause before closing this parent.
functions/fileno.html	functions/fileno.html	fileno	33d117924a1518525a27067d1b5d30134a5220821eae1284267ea3bc48c19d46	13	8767d19a25f8cd8a6838fa1322d877a221233d5cd229be045dc75cf150034318	open	missing:q35_ring3_system_interfaces_clause_witnesses	Add exact Q35 Ring 3 witnesses for every required clause before closing this parent.
functions/flockfile.html	functions/flockfile.html	flockfile	afb92d94d6e8a5f61abb306bb1142562f3e09f6fe699669d4841392f5a9a08e7	13	2831fbeb8385981767ab2aa1fad2656d815a9a2f5498a459cf2c050916bfa85b	open	missing:q35_ring3_system_interfaces_clause_witnesses	Add exact Q35 Ring 3 witnesses for every required clause before closing this parent.
functions/floor.html	functions/floor.html	floor	78f77db9b382058806ea83c539171d014a7e0f5bdadcfa9e5c232664957990ca	14	6cfd362d34ca162ddd95710bc7a19b592621375edecc7cf6e6bb34c9e1f0ede4	open	missing:q35_ring3_system_interfaces_clause_witnesses	Add exact Q35 Ring 3 witnesses for every required clause before closing this parent.
functions/floorf.html	functions/floorf.html	floor	78f77db9b382058806ea83c539171d014a7e0f5bdadcfa9e5c232664957990ca	14	6cfd362d34ca162ddd95710bc7a19b592621375edecc7cf6e6bb34c9e1f0ede4	open	missing:q35_ring3_system_interfaces_clause_witnesses	Add exact Q35 Ring 3 witnesses for every required clause before closing this parent.
functions/floorl.html	functions/floorl.html	floor	78f77db9b382058806ea83c539171d014a7e0f5bdadcfa9e5c232664957990ca	14	6cfd362d34ca162ddd95710bc7a19b592621375edecc7cf6e6bb34c9e1f0ede4	open	missing:q35_ring3_system_interfaces_clause_witnesses	Add exact Q35 Ring 3 witnesses for every required clause before closing this parent.
functions/fma.html	functions/fma.html	fma	fe8db03168b3b1c50ad9d5ee3df29f5206a09965d9a9d61b39b16e5a52fa2675	12	da0e23ac3ee7b8f225d68a322e179317d93c4377319b738ac082997177f3b87a	open	missing:q35_ring3_system_interfaces_clause_witnesses	Add exact Q35 Ring 3 witnesses for every required clause before closing this parent.
functions/fmaf.html	functions/fmaf.html	fma	fe8db03168b3b1c50ad9d5ee3df29f5206a09965d9a9d61b39b16e5a52fa2675	12	da0e23ac3ee7b8f225d68a322e179317d93c4377319b738ac082997177f3b87a	open	missing:q35_ring3_system_interfaces_clause_witnesses	Add exact Q35 Ring 3 witnesses for every required clause before closing this parent.
functions/fmal.html	functions/fmal.html	fma	fe8db03168b3b1c50ad9d5ee3df29f5206a09965d9a9d61b39b16e5a52fa2675	12	da0e23ac3ee7b8f225d68a322e179317d93c4377319b738ac082997177f3b87a	open	missing:q35_ring3_system_interfaces_clause_witnesses	Add exact Q35 Ring 3 witnesses for every required clause before closing this parent.
functions/fmax.html	functions/fmax.html	fmax	cc4fa06908f67f2cff66a9b6581496986b3d7f965c35024a2b7f2888324cf128	12	b5c839f287f8198cb44e4d7853ece61bf07513e8faf2cb4531d36c6fe1d6164e	open	missing:q35_ring3_system_interfaces_clause_witnesses	Add exact Q35 Ring 3 witnesses for every required clause before closing this parent.
functions/fmaxf.html	functions/fmaxf.html	fmax	cc4fa06908f67f2cff66a9b6581496986b3d7f965c35024a2b7f2888324cf128	12	b5c839f287f8198cb44e4d7853ece61bf07513e8faf2cb4531d36c6fe1d6164e	open	missing:q35_ring3_system_interfaces_clause_witnesses	Add exact Q35 Ring 3 witnesses for every required clause before closing this parent.
functions/fmaxl.html	functions/fmaxl.html	fmax	cc4fa06908f67f2cff66a9b6581496986b3d7f965c35024a2b7f2888324cf128	12	b5c839f287f8198cb44e4d7853ece61bf07513e8faf2cb4531d36c6fe1d6164e	open	missing:q35_ring3_system_interfaces_clause_witnesses	Add exact Q35 Ring 3 witnesses for every required clause before closing this parent.
functions/fmemopen.html	functions/fmemopen.html	fmemopen	f50e8b2305eb239a16b010a3728106f679b9fd10ea0c48399f88177832814982	11	f4898de1cf6ea19cc9325f06a40a8edb1434c0615adfd16fe46e09673847bc98	open	missing:q35_ring3_system_interfaces_clause_witnesses	Add exact Q35 Ring 3 witnesses for every required clause before closing this parent.
functions/fmin.html	functions/fmin.html	fmin	4df490ddf69b0ac05b9d7d2ba68f7d2eeeb5a3929f35cba187992cdf7dfcedcb	12	d6232f692cfdbea9e8051818ca853424780c70abbfe96f6cda271675ed1390d0	open	missing:q35_ring3_system_interfaces_clause_witnesses	Add exact Q35 Ring 3 witnesses for every required clause before closing this parent.
functions/fminf.html	functions/fminf.html	fmin	4df490ddf69b0ac05b9d7d2ba68f7d2eeeb5a3929f35cba187992cdf7dfcedcb	12	d6232f692cfdbea9e8051818ca853424780c70abbfe96f6cda271675ed1390d0	open	missing:q35_ring3_system_interfaces_clause_witnesses	Add exact Q35 Ring 3 witnesses for every required clause before closing this parent.
functions/fminl.html	functions/fminl.html	fmin	4df490ddf69b0ac05b9d7d2ba68f7d2eeeb5a3929f35cba187992cdf7dfcedcb	12	d6232f692cfdbea9e8051818ca853424780c70abbfe96f6cda271675ed1390d0	open	missing:q35_ring3_system_interfaces_clause_witnesses	Add exact Q35 Ring 3 witnesses for every required clause before closing this parent.
functions/fmod.html	functions/fmod.html	fmod	06f588bc6d05dfa3bcdd785a1beaf5bad64eaedebf6e8ad1fa82895958842afe	14	e7ffc264927e64d8c4ee2fa7d9e90433df499cfc464edbe290ef864fbb10d5e1	open	missing:q35_ring3_system_interfaces_clause_witnesses	Add exact Q35 Ring 3 witnesses for every required clause before closing this parent.
functions/fmodf.html	functions/fmodf.html	fmod	06f588bc6d05dfa3bcdd785a1beaf5bad64eaedebf6e8ad1fa82895958842afe	14	e7ffc264927e64d8c4ee2fa7d9e90433df499cfc464edbe290ef864fbb10d5e1	open	missing:q35_ring3_system_interfaces_clause_witnesses	Add exact Q35 Ring 3 witnesses for every required clause before closing this parent.
functions/fmodl.html	functions/fmodl.html	fmod	06f588bc6d05dfa3bcdd785a1beaf5bad64eaedebf6e8ad1fa82895958842afe	14	e7ffc264927e64d8c4ee2fa7d9e90433df499cfc464edbe290ef864fbb10d5e1	open	missing:q35_ring3_system_interfaces_clause_witnesses	Add exact Q35 Ring 3 witnesses for every required clause before closing this parent.
functions/fmtmsg.html	functions/fmtmsg.html	fmtmsg	b5474f849ed1fa226f793b0ddad599168e168a6a653d67b091d4daee538fa341	12	5f5580aafd65b3c959ea5b9ae756edc2ce3295924ef128ef83d197a5a1c5b688	open	missing:q35_ring3_system_interfaces_clause_witnesses	Add exact Q35 Ring 3 witnesses for every required clause before closing this parent.
functions/fnmatch.html	functions/fnmatch.html	fnmatch	fa2cec10020421f49eb36252baa684153995ce3d16a87c2a6e7d5059888e198c	13	e9fc69db59bcdab253bc3303edf59881beffd380e8642fed70d6c924d16b14f8	open	missing:q35_ring3_system_interfaces_clause_witnesses	Add exact Q35 Ring 3 witnesses for every required clause before closing this parent.
functions/fopen.html	functions/fopen.html	fopen	793ab0dde9f200b43535e7b8685199adf2413e7463f3bba01122f3cd91d2714d	15	c2c1c0663309e02eb6a4112950fa93fc2816848946abaccbf7ddbac62ee927b4	open	missing:q35_ring3_system_interfaces_clause_witnesses	Add exact Q35 Ring 3 witnesses for every required clause before closing this parent.
functions/fork.html	functions/fork.html	fork	a910d437296872d93b4de9aa6819be26d9f8ed54bec05fcaf6f40f381d57da41	14	a39cf1a5e72a8fc461a8943d5c2891efe78020a021a9d421f6bc66621d99d8e3	open	missing:q35_ring3_system_interfaces_clause_witnesses	Add exact Q35 Ring 3 witnesses for every required clause before closing this parent.
functions/fpathconf.html	functions/fpathconf.html	fpathconf	8b4fab502b98a58e8d4789cd48d1fbc698355301a3b08e2f46b4864ecbc4d06a	15	d8603226eb39306e27492dbb4d54aadd3a503a7d1c6d286a3966e849d6aa8d39	open	missing:q35_ring3_system_interfaces_clause_witnesses	Add exact Q35 Ring 3 witnesses for every required clause before closing this parent.
functions/fpclassify.html	functions/fpclassify.html	fpclassify	d99dbc981c3d1eacb53c1c2acac315aff62d7af121d9c879f58d211bf4fb09e8	11	d5f94752377203a02006371e1c364675a14e409bca89ced5c9ca625cab6b2215	open	missing:q35_ring3_system_interfaces_clause_witnesses	Add exact Q35 Ring 3 witnesses for every required clause before closing this parent.
functions/fprintf.html	functions/fprintf.html	fprintf	b97fe351db1c5e6969076d81a8af4d438845873fceef53bcfe6ab5e3b438fc5b	24	292d69b1a005d79351b26c5430d772251a068908c6dd1bfddeff3b3200ac42ab	open	missing:q35_ring3_system_interfaces_clause_witnesses	Add exact Q35 Ring 3 witnesses for every required clause before closing this parent.
functions/fputc.html	functions/fputc.html	fputc	8d567d35e81cda138a668e9758c2043ede06453cdaa7ff2dd5154e0904415e98	14	5902a07084ddec0e17673bd45dc9b62005b8809c3406cc0542261fc8ae0d2cb8	open	missing:q35_ring3_system_interfaces_clause_witnesses	Add exact Q35 Ring 3 witnesses for every required clause before closing this parent.
functions/fputs.html	functions/fputs.html	fputs	fd181cf6b0e68e9088e8726ba027e82a0e7c5e5ea1dd491a1753756c1e405241	14	4c23094becf5ae6b02271562f18e3253e8014684368e00c38f7125c7e8910e3e	open	missing:q35_ring3_system_interfaces_clause_witnesses	Add exact Q35 Ring 3 witnesses for every required clause before closing this parent.
functions/fputwc.html	functions/fputwc.html	fputwc	a4276912a145c1ec44e765f6ce36f134af1f11313b37f106c887b86a047166a7	14	3ed8d3c9e5283af48f58116c8c0838eb0c3080e87da324595328d061e676d5f4	open	missing:q35_ring3_system_interfaces_clause_witnesses	Add exact Q35 Ring 3 witnesses for every required clause before closing this parent.
functions/fputws.html	functions/fputws.html	fputws	f8d24e7e66c17df142392e75cdaaef749ef54dae452a8ce31a1d924002ce4747	14	9f72c9352f56161325b44bebbe6abb5eb05f6c61fb0807c233bee0f747bc629d	open	missing:q35_ring3_system_interfaces_clause_witnesses	Add exact Q35 Ring 3 witnesses for every required clause before closing this parent.
functions/fread.html	functions/fread.html	fread	245512c7053ee44bf19d98b681c3c6a20b1967df01c5a9ecef40b1979766ffb5	14	b627fc5bb53f35af8673a42d3f3aec3c4b06deda744b63e942696cab9326639e	open	missing:q35_ring3_system_interfaces_clause_witnesses	Add exact Q35 Ring 3 witnesses for every required clause before closing this parent.
functions/free.html	functions/free.html	free	b82e9256d29e9b7c2312ae51eb3912d52ee5575abbb223e9ab6141defa0b88fe	13	92232f464cd29f09ed86f415c1382b6528484babeb932b54ee486aa726ac6c59	open	missing:q35_ring3_system_interfaces_clause_witnesses	Add exact Q35 Ring 3 witnesses for every required clause before closing this parent.
functions/freeaddrinfo.html	functions/freeaddrinfo.html	freeaddrinfo	ddb29a5ce458d10e18749bf5dd94550647501d697d7f770aefd90f5f66610fb8	12	c50f684ca0f631399f4598041f31b6c04f255c6c252ee1119769c4b90c496ad5	open	missing:q35_ring3_system_interfaces_clause_witnesses	Add exact Q35 Ring 3 witnesses for every required clause before closing this parent.
functions/freelocale.html	functions/freelocale.html	freelocale	4d08ee11b784ea899677a9931c04dfb7002794bca8a2bdf122f99df90148179b	12	5aad2bc646a522d4d05de4d4701b58b61f65f58da81dc9513fbe7eaabd75c5d4	open	missing:q35_ring3_system_interfaces_clause_witnesses	Add exact Q35 Ring 3 witnesses for every required clause before closing this parent.
functions/freopen.html	functions/freopen.html	freopen	f7f14bd599a88a22e8813e7623d4199fb2952265748003fc8bf559e677e20fbe	15	5b4a9cd238c06387d46a03eabb131b189dc49209cbb1485fc11a58cdd4e4698e	open	missing:q35_ring3_system_interfaces_clause_witnesses	Add exact Q35 Ring 3 witnesses for every required clause before closing this parent.
functions/frexp.html	functions/frexp.html	frexp	964488e00ab45eab4b93d08538263abb749b75cba468cfe995d61c7f42ba4122	13	3c0f773fcbb56bbb547ff8299a65313253ee4b8c9ac2c1518b38596cbdb21489	open	missing:q35_ring3_system_interfaces_clause_witnesses	Add exact Q35 Ring 3 witnesses for every required clause before closing this parent.
functions/frexpf.html	functions/frexpf.html	frexp	964488e00ab45eab4b93d08538263abb749b75cba468cfe995d61c7f42ba4122	13	3c0f773fcbb56bbb547ff8299a65313253ee4b8c9ac2c1518b38596cbdb21489	open	missing:q35_ring3_system_interfaces_clause_witnesses	Add exact Q35 Ring 3 witnesses for every required clause before closing this parent.
functions/frexpl.html	functions/frexpl.html	frexp	964488e00ab45eab4b93d08538263abb749b75cba468cfe995d61c7f42ba4122	13	3c0f773fcbb56bbb547ff8299a65313253ee4b8c9ac2c1518b38596cbdb21489	open	missing:q35_ring3_system_interfaces_clause_witnesses	Add exact Q35 Ring 3 witnesses for every required clause before closing this parent.
functions/fscanf.html	functions/fscanf.html	fscanf	5864ef7954d5f3e72c6c1c8617605d7d2def837c4be8210e6dc8438902562e89	15	231e4265cea30cbfcb2313fa072c6bb463f3835aab7ed8176ec2f6b1d7a48f42	open	missing:q35_ring3_system_interfaces_clause_witnesses	Add exact Q35 Ring 3 witnesses for every required clause before closing this parent.
functions/fseek.html	functions/fseek.html	fseek	761cdca35730cad6c7804b9129993ee16a2aa3fd970e7eb4a2ff5a0ab05fb9a2	14	548e58efe9efd579cb5226e94a096a89582894154bea7657323021b7d45e149a	open	missing:q35_ring3_system_interfaces_clause_witnesses	Add exact Q35 Ring 3 witnesses for every required clause before closing this parent.
functions/fseeko.html	functions/fseeko.html	fseek	761cdca35730cad6c7804b9129993ee16a2aa3fd970e7eb4a2ff5a0ab05fb9a2	14	548e58efe9efd579cb5226e94a096a89582894154bea7657323021b7d45e149a	open	missing:q35_ring3_system_interfaces_clause_witnesses	Add exact Q35 Ring 3 witnesses for every required clause before closing this parent.
functions/fsetpos.html	functions/fsetpos.html	fsetpos	0841ea07459173873d15ecd4461b4eb6925d1a56e9c304ccef6aecbbe5a3fc1e	13	4df1a4308b13b31901e070f10f74c5f9cebdd3c9c20adfe371667e43b5ef4613	open	missing:q35_ring3_system_interfaces_clause_witnesses	Add exact Q35 Ring 3 witnesses for every required clause before closing this parent.
functions/fstat.html	functions/fstat.html	fstat	8a817259e3173db186523c5281f3313e9953a74f0b17d3f9136da33e13d2d800	15	1a96afca1fc108c5516323ad18c02e44091ef9fb4de0b8ffaf084580cf8665ce	open	missing:q35_ring3_system_interfaces_clause_witnesses	Add exact Q35 Ring 3 witnesses for every required clause before closing this parent.
functions/fstatat.html	functions/fstatat.html	fstatat	b499f14533366e32e0e37f832ad1150422ad11d2b99d85dfb45be04384e2c620	17	ef22fee9e2b2071bd7850f2d7577c2cf79c391d4f4debb76e580c63c4f3c0f0c	open	missing:q35_ring3_system_interfaces_clause_witnesses	Add exact Q35 Ring 3 witnesses for every required clause before closing this parent.
functions/fstatvfs.html	functions/fstatvfs.html	fstatvfs	f473eebc3890ed9ff13468b58660d014fba5253498d999cce440269e83eb29bb	16	ddb7791a9cf70a9d140eec39350018515923e22e37e77df11e2508b699f15e4c	open	missing:q35_ring3_system_interfaces_clause_witnesses	Add exact Q35 Ring 3 witnesses for every required clause before closing this parent.
functions/fsync.html	functions/fsync.html	fsync	48a117e985f964f08a829203e065e12781d4dd39f22bef92d4be79a7296b2981	13	c87bc735241da6be3f1c98257250941e75d41ce00e82b40893dae559b0a73b33	open	missing:q35_ring3_system_interfaces_clause_witnesses	Add exact Q35 Ring 3 witnesses for every required clause before closing this parent.
functions/ftell.html	functions/ftell.html	ftell	e0b8f7c4eaf0589242c42b4fdfd7377b4f62ca4e2dfe623970ce14a9cc9494c1	14	67e940fb899840dbccbb39cb3cf7af19a88c99be53f6de4d8060f4a631f9215d	open	missing:q35_ring3_system_interfaces_clause_witnesses	Add exact Q35 Ring 3 witnesses for every required clause before closing this parent.
functions/ftello.html	functions/ftello.html	ftell	e0b8f7c4eaf0589242c42b4fdfd7377b4f62ca4e2dfe623970ce14a9cc9494c1	14	67e940fb899840dbccbb39cb3cf7af19a88c99be53f6de4d8060f4a631f9215d	open	missing:q35_ring3_system_interfaces_clause_witnesses	Add exact Q35 Ring 3 witnesses for every required clause before closing this parent.
functions/ftok.html	functions/ftok.html	ftok	4dd0c7a3eff4a73ac9550dcc6661d69fdd541efe30516550b65b456be0368254	15	29645db51ac17c7967d5cb5f049fc5e1639e40d927701b2ef9ce5f4d6dfbf075	open	missing:q35_ring3_system_interfaces_clause_witnesses	Add exact Q35 Ring 3 witnesses for every required clause before closing this parent.
functions/ftruncate.html	functions/ftruncate.html	ftruncate	c2546a43aaeb0696b5c11dd491faa3a51c0d28f7147509ad0835bce27fb059e9	14	3baf662e0705eb99081f0900ca16e241cefdd4203c6f4f834f10f2d6f0744452	open	missing:q35_ring3_system_interfaces_clause_witnesses	Add exact Q35 Ring 3 witnesses for every required clause before closing this parent.
functions/ftrylockfile.html	functions/ftrylockfile.html	flockfile	afb92d94d6e8a5f61abb306bb1142562f3e09f6fe699669d4841392f5a9a08e7	13	2831fbeb8385981767ab2aa1fad2656d815a9a2f5498a459cf2c050916bfa85b	open	missing:q35_ring3_system_interfaces_clause_witnesses	Add exact Q35 Ring 3 witnesses for every required clause before closing this parent.
functions/ftw.html	functions/ftw.html	ftw	2e7dc9caa5557120c959de45b9d2431c6e22bd39431655a332078720f2c61f81	15	832650750010d533c1604e66cb9648f5b2fc43834c8247f5a9045ff3b271a731	open	missing:q35_ring3_system_interfaces_clause_witnesses	Add exact Q35 Ring 3 witnesses for every required clause before closing this parent.
functions/funlockfile.html	functions/funlockfile.html	flockfile	afb92d94d6e8a5f61abb306bb1142562f3e09f6fe699669d4841392f5a9a08e7	13	2831fbeb8385981767ab2aa1fad2656d815a9a2f5498a459cf2c050916bfa85b	open	missing:q35_ring3_system_interfaces_clause_witnesses	Add exact Q35 Ring 3 witnesses for every required clause before closing this parent.
functions/futimens.html	functions/futimens.html	futimens	63ab1e88eb7feaaa79a528ac341a9fc0dd18bcd69c6f6cebc1f7722d8b00c09f	14	c030043ca0e95681871d3d4cf65c5d44aa01c053c29f0c5806d335c8d16fa72c	open	missing:q35_ring3_system_interfaces_clause_witnesses	Add exact Q35 Ring 3 witnesses for every required clause before closing this parent.
functions/fwide.html	functions/fwide.html	fwide	69809bf31d5158d98004a01f22cd8b0e3cf50010a78b122ae823ed2261b4f05b	13	0a603624987fe970646c18bc7ff923925c5870bc61dda06e53f5a596efebcaa1	open	missing:q35_ring3_system_interfaces_clause_witnesses	Add exact Q35 Ring 3 witnesses for every required clause before closing this parent.
functions/fwprintf.html	functions/fwprintf.html	fwprintf	6c5f841fd35837c1d94f7401c12e8a12ccc4f0ebebb75fe7ff8d2421ef32646e	13	2e3fff83b0acc10f3f420fd4dc3e129593ef67084c04f7c3e6d1b65035060380	open	missing:q35_ring3_system_interfaces_clause_witnesses	Add exact Q35 Ring 3 witnesses for every required clause before closing this parent.
functions/fwrite.html	functions/fwrite.html	fwrite	ec88f92a6c4f03bc5100b1b6c4757cb03da06ecb33dbe7e909077045a35a29ed	13	eb2ffccb46a5e054340202135481a2aaa0b0abcdab3c78f927b9b362644391a3	open	missing:q35_ring3_system_interfaces_clause_witnesses	Add exact Q35 Ring 3 witnesses for every required clause before closing this parent.
functions/fwscanf.html	functions/fwscanf.html	fwscanf	bdaa0f62e4468683c53c96443c0dc8442f94d5a6d71d73a70e630d4d38f82fa5	13	26ba36ab7f04250ddff0a9fe47762705a09c59ee7bb645997ab7e304d3cba182	open	missing:q35_ring3_system_interfaces_clause_witnesses	Add exact Q35 Ring 3 witnesses for every required clause before closing this parent.
functions/gai_strerror.html	functions/gai_strerror.html	gai_strerror	37b6008c2d706155a0a5d4f70b17750a03257fb259acd4fd6559d9a8d29efacb	11	cbdfdf8b4dcc75ef0997900c6a14b2bf378d89c18c302053dfff4dd51c33c97b	open	missing:q35_ring3_system_interfaces_clause_witnesses	Add exact Q35 Ring 3 witnesses for every required clause before closing this parent.
functions/getaddrinfo.html	functions/getaddrinfo.html	freeaddrinfo	ddb29a5ce458d10e18749bf5dd94550647501d697d7f770aefd90f5f66610fb8	12	c50f684ca0f631399f4598041f31b6c04f255c6c252ee1119769c4b90c496ad5	open	missing:q35_ring3_system_interfaces_clause_witnesses	Add exact Q35 Ring 3 witnesses for every required clause before closing this parent.
functions/getc.html	functions/getc.html	getc	66496d817911d33e943095c11470dff1edf557e2eb1b36dcaab37378d955488a	12	377ed6333e5e1232684cf8a3ad538f9f01cdd6c38717a94d6061969e5d60b843	open	missing:q35_ring3_system_interfaces_clause_witnesses	Add exact Q35 Ring 3 witnesses for every required clause before closing this parent.
functions/getc_unlocked.html	functions/getc_unlocked.html	getc_unlocked	3dfb5a891d6fae350b12d838f3093734d893078006be461dce9a837e0c422f14	13	19c4517d7af0f6dfb8c15c78b94d937c242869ac55a3a2c49e2dd9b7e9aa482e	open	missing:q35_ring3_system_interfaces_clause_witnesses	Add exact Q35 Ring 3 witnesses for every required clause before closing this parent.
functions/getchar.html	functions/getchar.html	getchar	1a706527b09cb9a494f1417c583b018cd6e65d5b3e7c32dde56c1f2c9275faf0	12	3829e29a2d089aa9543e859788efff44dd53983336f24178ae42505163d87024	open	missing:q35_ring3_system_interfaces_clause_witnesses	Add exact Q35 Ring 3 witnesses for every required clause before closing this parent.
functions/getchar_unlocked.html	functions/getchar_unlocked.html	getc_unlocked	3dfb5a891d6fae350b12d838f3093734d893078006be461dce9a837e0c422f14	13	19c4517d7af0f6dfb8c15c78b94d937c242869ac55a3a2c49e2dd9b7e9aa482e	open	missing:q35_ring3_system_interfaces_clause_witnesses	Add exact Q35 Ring 3 witnesses for every required clause before closing this parent.
functions/getcwd.html	functions/getcwd.html	getcwd	10eb1d181ada292374e6de91516dbafeb66a240a515b25719d265b3c1799ce78	13	bf47ef5fc9c30c617b4f1d6568deeee0506d3fcc0dfacdc61b36ae5c52851836	open	missing:q35_ring3_system_interfaces_clause_witnesses	Add exact Q35 Ring 3 witnesses for every required clause before closing this parent.
functions/getdate.html	functions/getdate.html	getdate	9d9737366ca6800e99278eecfd8b840d786f0a8ad3cd7b4d05d4a800ada42de6	14	f28a977ce7cb8025f24acfeeb0910c08b3cd06affeb9b7963996c540fc94f7cc	open	missing:q35_ring3_system_interfaces_clause_witnesses	Add exact Q35 Ring 3 witnesses for every required clause before closing this parent.
functions/getdate_err.html	functions/getdate_err.html	getdate	9d9737366ca6800e99278eecfd8b840d786f0a8ad3cd7b4d05d4a800ada42de6	14	f28a977ce7cb8025f24acfeeb0910c08b3cd06affeb9b7963996c540fc94f7cc	open	missing:q35_ring3_system_interfaces_clause_witnesses	Add exact Q35 Ring 3 witnesses for every required clause before closing this parent.
functions/getdelim.html	functions/getdelim.html	getdelim	4680fa690d48f96726a545f6693433de5973c562b2a270a608e6ae23a29cab9b	11	d42e04937faf609654228f0ad27aed0150801b6393d724d63790ca44e031b76c	open	missing:q35_ring3_system_interfaces_clause_witnesses	Add exact Q35 Ring 3 witnesses for every required clause before closing this parent.
functions/getegid.html	functions/getegid.html	getegid	23373d0bd94609318e49d1cf13748585b9ac6871b32482aaef54aad24cfcbb03	13	e502775b7d40d3ef0f49bf1bba9c4b289ae104d2812dcd417d9b04e6e5741311	open	missing:q35_ring3_system_interfaces_clause_witnesses	Add exact Q35 Ring 3 witnesses for every required clause before closing this parent.
functions/getenv.html	functions/getenv.html	getenv	5bdac1f90f82c4c70ad4d0a7988afb1854d189884706d95e2c3238e55d65277a	15	9640201732b4c44efa500d8f6fe18ed79d11292a18fffbe2f72ea4f1428551fd	open	missing:q35_ring3_system_interfaces_clause_witnesses	Add exact Q35 Ring 3 witnesses for every required clause before closing this parent.
functions/geteuid.html	functions/geteuid.html	geteuid	6cd1520fe0ed869a5ae13ac728ab11ac3ea32a141c4b8f1b60336f36f994a569	13	2668586c5902476f6cdf6d603dd6f330332a96b517e39a9414e27c0f28c6f71a	open	missing:q35_ring3_system_interfaces_clause_witnesses	Add exact Q35 Ring 3 witnesses for every required clause before closing this parent.
functions/getgid.html	functions/getgid.html	getgid	3bac3e59e81355053dc2f6e9e64ca938f79ca2ea4ab60ba68b4dbd61e77eb5c0	13	78f2a1c1720f9a9386ee6cbb5747df32e01c73b05cf12c87bf675531d0ab8edf	open	missing:q35_ring3_system_interfaces_clause_witnesses	Add exact Q35 Ring 3 witnesses for every required clause before closing this parent.
functions/getgrent.html	functions/getgrent.html	endgrent	621abb19336c88599a25715ff1d84f07ba0e1e06f4128e45d807c6c89a1c1020	14	4e21fd77af273d02b0fd5f65db7ffa8156297b777d22c36866a0e65fbaaa3292	open	missing:q35_ring3_system_interfaces_clause_witnesses	Add exact Q35 Ring 3 witnesses for every required clause before closing this parent.
functions/getgrgid.html	functions/getgrgid.html	getgrgid	ed431e2095a0d5664d4948e20b20185c9ee0f62540070f31956d618415b86558	15	31b4b1a205f86b5e47405546a0bc4b5da00803fe51ab9cf11ade444d25247d9f	open	missing:q35_ring3_system_interfaces_clause_witnesses	Add exact Q35 Ring 3 witnesses for every required clause before closing this parent.
functions/getgrgid_r.html	functions/getgrgid_r.html	getgrgid	ed431e2095a0d5664d4948e20b20185c9ee0f62540070f31956d618415b86558	15	31b4b1a205f86b5e47405546a0bc4b5da00803fe51ab9cf11ade444d25247d9f	open	missing:q35_ring3_system_interfaces_clause_witnesses	Add exact Q35 Ring 3 witnesses for every required clause before closing this parent.
functions/getgrnam.html	functions/getgrnam.html	getgrnam	ed04d1979284b219fcc7e9e00adc04ff28cf0bf8ee26379276a7a111755f12d2	14	0dc03f53de38dcc73d4afbd704990f5665a81c14db4b24fa566808a176fd8c80	open	missing:q35_ring3_system_interfaces_clause_witnesses	Add exact Q35 Ring 3 witnesses for every required clause before closing this parent.
functions/getgrnam_r.html	functions/getgrnam_r.html	getgrnam	ed04d1979284b219fcc7e9e00adc04ff28cf0bf8ee26379276a7a111755f12d2	14	0dc03f53de38dcc73d4afbd704990f5665a81c14db4b24fa566808a176fd8c80	open	missing:q35_ring3_system_interfaces_clause_witnesses	Add exact Q35 Ring 3 witnesses for every required clause before closing this parent.
functions/getgroups.html	functions/getgroups.html	getgroups	27ae8c93215b9a0cc92cde1d6a4745fea479dca92c28fc54ba446246c3eb7395	14	fb7ce71a90da4aaaaf3cfd920368615df3222efcb1fdc199962e3aa286aca462	open	missing:q35_ring3_system_interfaces_clause_witnesses	Add exact Q35 Ring 3 witnesses for every required clause before closing this parent.
functions/gethostent.html	functions/gethostent.html	endhostent	6c795d7bc90492a11eb7573df86d022f3de5867db3ad2ad8d927a1a0eff3aeda	12	7c05a1cf66c1a9a7f2650767a4b3c0232e32995e22ec01154310a07af6f2a701	open	missing:q35_ring3_system_interfaces_clause_witnesses	Add exact Q35 Ring 3 witnesses for every required clause before closing this parent.
functions/gethostid.html	functions/gethostid.html	gethostid	52525779183b0f158cec8b8e3bc7d0fc6011264f46a8246d281f02833083f7b7	12	19482af74261dadacd092239ba2fcc85ef7b9f51e0f3e44c084dfabd0f143981	open	missing:q35_ring3_system_interfaces_clause_witnesses	Add exact Q35 Ring 3 witnesses for every required clause before closing this parent.
functions/gethostname.html	functions/gethostname.html	gethostname	9837f9fce13b829684171356a336b3d93eb9e04f48e27c5547c1384b94679967	11	2484c9997afd1b705b0a6f2b581cdc47b4f15ac64e3e7d7e90f7106ae538b1ef	open	missing:q35_ring3_system_interfaces_clause_witnesses	Add exact Q35 Ring 3 witnesses for every required clause before closing this parent.
functions/getitimer.html	functions/getitimer.html	getitimer	7385c143852f90e52549cfa7533ec33b43238933f1a77c91c3bddd0e12a7a240	14	7df3b2ae24dc5d76d8bbcf974b98a7c7e9b26d88e665f7cd53aae664ee8e62c0	open	missing:q35_ring3_system_interfaces_clause_witnesses	Add exact Q35 Ring 3 witnesses for every required clause before closing this parent.
functions/getline.html	functions/getline.html	getdelim	4680fa690d48f96726a545f6693433de5973c562b2a270a608e6ae23a29cab9b	11	d42e04937faf609654228f0ad27aed0150801b6393d724d63790ca44e031b76c	open	missing:q35_ring3_system_interfaces_clause_witnesses	Add exact Q35 Ring 3 witnesses for every required clause before closing this parent.
functions/getlogin.html	functions/getlogin.html	getlogin	abec65418536105777da353319873a4ca1101c711e57e2b9e310d77ee60ff675	15	2ea7ff1c15ad7fc30476f9ded9355b458f86011ea8c16263fe3d7af81d938a03	open	missing:q35_ring3_system_interfaces_clause_witnesses	Add exact Q35 Ring 3 witnesses for every required clause before closing this parent.
functions/getlogin_r.html	functions/getlogin_r.html	getlogin	abec65418536105777da353319873a4ca1101c711e57e2b9e310d77ee60ff675	15	2ea7ff1c15ad7fc30476f9ded9355b458f86011ea8c16263fe3d7af81d938a03	open	missing:q35_ring3_system_interfaces_clause_witnesses	Add exact Q35 Ring 3 witnesses for every required clause before closing this parent.
functions/getmsg.html	functions/getmsg.html	getmsg	18cbeea440e474cf05b04105931169bb8d501680fa9ad5635b67e04122548a4c	16	36ca3f2cd75016d1c4e1d5b5fd6a4df2a3e88610b582846ea9d5c35320136696	open	missing:q35_ring3_system_interfaces_clause_witnesses	Add exact Q35 Ring 3 witnesses for every required clause before closing this parent.
functions/getnameinfo.html	functions/getnameinfo.html	getnameinfo	cadc8476f7b3ed75497c533b1d357a1f43fa9db899a0e9dbcde749fca51caf93	12	13cc0e3404beecde37255f439a4bd1609ebf0cf50d1fc58725a1bb9bfce80f09	open	missing:q35_ring3_system_interfaces_clause_witnesses	Add exact Q35 Ring 3 witnesses for every required clause before closing this parent.
functions/getnetbyaddr.html	functions/getnetbyaddr.html	endnetent	50b332764e542c44ab114f75e3acc303b769f14acf72ff491c02aa992941a94b	12	ff252c37e67197158647127a6dce470204cdf2f6db88421b6643031aacfcc4f5	open	missing:q35_ring3_system_interfaces_clause_witnesses	Add exact Q35 Ring 3 witnesses for every required clause before closing this parent.
functions/getnetbyname.html	functions/getnetbyname.html	endnetent	50b332764e542c44ab114f75e3acc303b769f14acf72ff491c02aa992941a94b	12	ff252c37e67197158647127a6dce470204cdf2f6db88421b6643031aacfcc4f5	open	missing:q35_ring3_system_interfaces_clause_witnesses	Add exact Q35 Ring 3 witnesses for every required clause before closing this parent.
functions/getnetent.html	functions/getnetent.html	endnetent	50b332764e542c44ab114f75e3acc303b769f14acf72ff491c02aa992941a94b	12	ff252c37e67197158647127a6dce470204cdf2f6db88421b6643031aacfcc4f5	open	missing:q35_ring3_system_interfaces_clause_witnesses	Add exact Q35 Ring 3 witnesses for every required clause before closing this parent.
functions/getopt.html	functions/getopt.html	getopt	fd92bc69fe491aaca9f60748ffa87854a3c9aedd7bfb434edfa3023127b2f252	16	b82860ca71e1fca06b5788bf0fc6dda8f949a68c7d69cca98e747fc24e339860	open	missing:q35_ring3_system_interfaces_clause_witnesses	Add exact Q35 Ring 3 witnesses for every required clause before closing this parent.
functions/getpeername.html	functions/getpeername.html	getpeername	7db31a0ab7f8dc21da7d7da3f12e1b1c72b1458a1701dede84a0f5143605198d	12	7ce5bb1d7cba62a638ef2a9dd1e5047161f95c4785bd5cce6c8bbbb70572e5e7	open	missing:q35_ring3_system_interfaces_clause_witnesses	Add exact Q35 Ring 3 witnesses for every required clause before closing this parent.
functions/getpgid.html	functions/getpgid.html	getpgid	acece284542ebcf81f42a55a8f49c500096f43bc91e82d96460232c5ccf8fab0	13	ada7197cbb71cba5c819d74d7f40aa5f8d2c0ae4f5583c159ca3da744697d362	open	missing:q35_ring3_system_interfaces_clause_witnesses	Add exact Q35 Ring 3 witnesses for every required clause before closing this parent.
functions/getpgrp.html	functions/getpgrp.html	getpgrp	78c35250826a96d3d4cf8ef13480121416b529a74d118d171b6f967dfff9c8fe	12	b99e53536cfb16f64902a3fd49d3990f48cb5bfafbf6a1acd11b9967d80ec146	open	missing:q35_ring3_system_interfaces_clause_witnesses	Add exact Q35 Ring 3 witnesses for every required clause before closing this parent.
functions/getpid.html	functions/getpid.html	getpid	7b81273990fc92b1ae3a93c33d4dbdbc20f631969d966b5deaac6dff516a4739	12	053e9ae27b326439c77a52480a7318476679e8a0bc000f4f37f348b924a58457	open	missing:q35_ring3_system_interfaces_clause_witnesses	Add exact Q35 Ring 3 witnesses for every required clause before closing this parent.
functions/getpmsg.html	functions/getpmsg.html	getmsg	18cbeea440e474cf05b04105931169bb8d501680fa9ad5635b67e04122548a4c	16	36ca3f2cd75016d1c4e1d5b5fd6a4df2a3e88610b582846ea9d5c35320136696	open	missing:q35_ring3_system_interfaces_clause_witnesses	Add exact Q35 Ring 3 witnesses for every required clause before closing this parent.
functions/getppid.html	functions/getppid.html	getppid	30dd9552d5725baa63479e3b4c06ad9d41caeb8731257e00d48ca8c3d2fd8780	12	dfa6538dad4523d6aff194503b548085e33738321ec5a4cb4887b0e36bcb2b7e	open	missing:q35_ring3_system_interfaces_clause_witnesses	Add exact Q35 Ring 3 witnesses for every required clause before closing this parent.
functions/getpriority.html	functions/getpriority.html	getpriority	83a12375f7c77d36e57ee98053aa763540db280af3925c92eb90024729402b1e	14	07c49159bc078a9e0d2cfd7ba006768526d4d5db2b9e5621050f8692760dfd28	open	missing:q35_ring3_system_interfaces_clause_witnesses	Add exact Q35 Ring 3 witnesses for every required clause before closing this parent.
functions/getprotobyname.html	functions/getprotobyname.html	endprotoent	5c64991fc966f070c1c951e5325ad9b19799d5b6c7985d7eaadd50b21b962ebf	12	07a58e53df8a57306b2ffe06823da1b3f5d813b29b2b246d0a084ce8d5436339	open	missing:q35_ring3_system_interfaces_clause_witnesses	Add exact Q35 Ring 3 witnesses for every required clause before closing this parent.
functions/getprotobynumber.html	functions/getprotobynumber.html	endprotoent	5c64991fc966f070c1c951e5325ad9b19799d5b6c7985d7eaadd50b21b962ebf	12	07a58e53df8a57306b2ffe06823da1b3f5d813b29b2b246d0a084ce8d5436339	open	missing:q35_ring3_system_interfaces_clause_witnesses	Add exact Q35 Ring 3 witnesses for every required clause before closing this parent.
functions/getprotoent.html	functions/getprotoent.html	endprotoent	5c64991fc966f070c1c951e5325ad9b19799d5b6c7985d7eaadd50b21b962ebf	12	07a58e53df8a57306b2ffe06823da1b3f5d813b29b2b246d0a084ce8d5436339	open	missing:q35_ring3_system_interfaces_clause_witnesses	Add exact Q35 Ring 3 witnesses for every required clause before closing this parent.
functions/getpwent.html	functions/getpwent.html	endpwent	0b369548df94b23e7b53512e1a26108887da4a981f0633a5842abbb83e32829e	15	70b2a163980efb8aaf1267d2298e3e5d5bfd6301c6b62880b6dc006b621fa9e9	open	missing:q35_ring3_system_interfaces_clause_witnesses	Add exact Q35 Ring 3 witnesses for every required clause before closing this parent.
functions/getpwnam.html	functions/getpwnam.html	getpwnam	f2a60443b6b02724cc9ee71ed268439f63672046db77c9eacbbbc283bcbdf0da	15	3b6740b0df3fad188966c8631aafbf133c4bbe84793bbb2d046e3bd0c6c7a538	open	missing:q35_ring3_system_interfaces_clause_witnesses	Add exact Q35 Ring 3 witnesses for every required clause before closing this parent.
functions/getpwnam_r.html	functions/getpwnam_r.html	getpwnam	f2a60443b6b02724cc9ee71ed268439f63672046db77c9eacbbbc283bcbdf0da	15	3b6740b0df3fad188966c8631aafbf133c4bbe84793bbb2d046e3bd0c6c7a538	open	missing:q35_ring3_system_interfaces_clause_witnesses	Add exact Q35 Ring 3 witnesses for every required clause before closing this parent.
functions/getpwuid.html	functions/getpwuid.html	getpwuid	13a05aec4a53e565cf144e70cef48eb3d572961271351e2946f2d6d2fe5bdd5b	17	b24a09f04de2b606823d527328068b9d94a61dd4d53cb1065bbd8cbeb1688d7f	open	missing:q35_ring3_system_interfaces_clause_witnesses	Add exact Q35 Ring 3 witnesses for every required clause before closing this parent.
functions/getpwuid_r.html	functions/getpwuid_r.html	getpwuid	13a05aec4a53e565cf144e70cef48eb3d572961271351e2946f2d6d2fe5bdd5b	17	b24a09f04de2b606823d527328068b9d94a61dd4d53cb1065bbd8cbeb1688d7f	open	missing:q35_ring3_system_interfaces_clause_witnesses	Add exact Q35 Ring 3 witnesses for every required clause before closing this parent.
functions/getrlimit.html	functions/getrlimit.html	getrlimit	e18c8674e51b4843dd35c42d1cd2e2d2946719134ec9f23ac4243f4bfcd2c19d	13	059ef3e525006a40df2eb9e90565e1eabd78f4519578794d025938649db7708c	open	missing:q35_ring3_system_interfaces_clause_witnesses	Add exact Q35 Ring 3 witnesses for every required clause before closing this parent.
functions/getrusage.html	functions/getrusage.html	getrusage	76d120a55a6e9e16055fde1da4aba54e44fe8def8906c403b81de2917b37b01c	13	1c14aba704db90a11159aba88a65b249d43ffab2d7a25038116c554efa383108	open	missing:q35_ring3_system_interfaces_clause_witnesses	Add exact Q35 Ring 3 witnesses for every required clause before closing this parent.
functions/gets.html	functions/gets.html	gets	10ba5594830f21ddb6dc1a79276cd5de1177df5c8a48c51cf90cd44ca786d5ee	13	2d8aed5beb1c903480439f1aa72f12b8f1cb0970dc3708aa86734192a964fcd0	open	missing:q35_ring3_system_interfaces_clause_witnesses	Add exact Q35 Ring 3 witnesses for every required clause before closing this parent.
functions/getservbyname.html	functions/getservbyname.html	endservent	76855a4f0736f2c193ce855930f207a03c8a4452deeb49e545c1bde413bc19b3	12	20b51a23c69bc839eaf98313b36754c16fb0fc508c23dcbeb90d3ff1ee46eb11	open	missing:q35_ring3_system_interfaces_clause_witnesses	Add exact Q35 Ring 3 witnesses for every required clause before closing this parent.
functions/getservbyport.html	functions/getservbyport.html	endservent	76855a4f0736f2c193ce855930f207a03c8a4452deeb49e545c1bde413bc19b3	12	20b51a23c69bc839eaf98313b36754c16fb0fc508c23dcbeb90d3ff1ee46eb11	open	missing:q35_ring3_system_interfaces_clause_witnesses	Add exact Q35 Ring 3 witnesses for every required clause before closing this parent.
functions/getservent.html	functions/getservent.html	endservent	76855a4f0736f2c193ce855930f207a03c8a4452deeb49e545c1bde413bc19b3	12	20b51a23c69bc839eaf98313b36754c16fb0fc508c23dcbeb90d3ff1ee46eb11	open	missing:q35_ring3_system_interfaces_clause_witnesses	Add exact Q35 Ring 3 witnesses for every required clause before closing this parent.
functions/getsid.html	functions/getsid.html	getsid	14342dd8904f460a168c0e161e752224e3678c5f5d38f20af2403824ced1a39b	13	20a0e2fbcd9f4617b77e649d2fe618a738c8bdc75a5402f093a37a0a9679fb63	open	missing:q35_ring3_system_interfaces_clause_witnesses	Add exact Q35 Ring 3 witnesses for every required clause before closing this parent.
functions/getsockname.html	functions/getsockname.html	getsockname	b3144d4941fa05364ca8ab70275e553a608b29f1bbe06d5e0cc74b6375651e39	12	34565350b671af90538d94cd4817b7bde80a74c9c7d52d5646c481701446ef60	open	missing:q35_ring3_system_interfaces_clause_witnesses	Add exact Q35 Ring 3 witnesses for every required clause before closing this parent.
functions/getsockopt.html	functions/getsockopt.html	getsockopt	0a62f4325462a6c2936a1183924f1bff95bed77d18e8c1de6d253ab6da9a6c1a	12	54d58902a08cf8a34063012cf840239eab6467f17880bb927645b0b50ee25c7f	open	missing:q35_ring3_system_interfaces_clause_witnesses	Add exact Q35 Ring 3 witnesses for every required clause before closing this parent.
functions/getsubopt.html	functions/getsubopt.html	getsubopt	4ae62031155d5b0040540801fd51f7d2e1f83e3659e7cdc3e3fa7cbad5a1fa36	15	46658d98a985d1ab89a56d23b0d83e5767595c42bf87fa0c5ce3a1e6b9d29a45	open	missing:q35_ring3_system_interfaces_clause_witnesses	Add exact Q35 Ring 3 witnesses for every required clause before closing this parent.
functions/gettimeofday.html	functions/gettimeofday.html	gettimeofday	a15f1de932f907444c4bd80f2d50c70da61087ecfa02714546ae61f2c5708ff2	14	ef0d1d159dff286d5e97f1c62e319e0a1d8dc11d8743721d2109968104581db5	open	missing:q35_ring3_system_interfaces_clause_witnesses	Add exact Q35 Ring 3 witnesses for every required clause before closing this parent.
functions/getuid.html	functions/getuid.html	getuid	bbf5f9d76169ea1ff76f34d4d3a75699e7399698952c222d13d6e2e9577abfe1	14	6fbdc1a3d8f0769e5be5b6b43b167d6b08df6a760ec81620e36772f69ee10e03	open	missing:q35_ring3_system_interfaces_clause_witnesses	Add exact Q35 Ring 3 witnesses for every required clause before closing this parent.
functions/getutxent.html	functions/getutxent.html	endutxent	cb0419ced45570475a99a9a70cdef775fbb0a84b1c8bb87d32cbc2e4f28f05da	14	b742470132e5978929c38ad1ed9a5d5813604ecd2bcd1d37cdd4de6505c85452	open	missing:q35_ring3_system_interfaces_clause_witnesses	Add exact Q35 Ring 3 witnesses for every required clause before closing this parent.
functions/getutxid.html	functions/getutxid.html	endutxent	cb0419ced45570475a99a9a70cdef775fbb0a84b1c8bb87d32cbc2e4f28f05da	14	b742470132e5978929c38ad1ed9a5d5813604ecd2bcd1d37cdd4de6505c85452	open	missing:q35_ring3_system_interfaces_clause_witnesses	Add exact Q35 Ring 3 witnesses for every required clause before closing this parent.
functions/getutxline.html	functions/getutxline.html	endutxent	cb0419ced45570475a99a9a70cdef775fbb0a84b1c8bb87d32cbc2e4f28f05da	14	b742470132e5978929c38ad1ed9a5d5813604ecd2bcd1d37cdd4de6505c85452	open	missing:q35_ring3_system_interfaces_clause_witnesses	Add exact Q35 Ring 3 witnesses for every required clause before closing this parent.
functions/getwc.html	functions/getwc.html	getwc	212777926261e0e9d1bd8cc33c09828821a45152563980009f1d4ebb8838127e	13	8640ab72449b130e52bafe977108114aa162c23cf78593acbfa51f80930d7d85	open	missing:q35_ring3_system_interfaces_clause_witnesses	Add exact Q35 Ring 3 witnesses for every required clause before closing this parent.
functions/getwchar.html	functions/getwchar.html	getwchar	ecdc820adffe53531203fa71a330c469e7bcde065c709dd7515392fb93136b1e	12	7d61332ac4c8abfa646aed283dea9292af230f3ba0d06a53c4a8f5110951b44c	open	missing:q35_ring3_system_interfaces_clause_witnesses	Add exact Q35 Ring 3 witnesses for every required clause before closing this parent.
functions/glob.html	functions/glob.html	glob	d442511050569537d3759510bbf4917663769430f080b13661ab1f986bfb1676	13	e04dc2396299b12d60961d8af8fa094d4aad3ee28bc1fb3e49aaee85c5601efe	open	missing:q35_ring3_system_interfaces_clause_witnesses	Add exact Q35 Ring 3 witnesses for every required clause before closing this parent.
functions/globfree.html	functions/globfree.html	glob	d442511050569537d3759510bbf4917663769430f080b13661ab1f986bfb1676	13	e04dc2396299b12d60961d8af8fa094d4aad3ee28bc1fb3e49aaee85c5601efe	open	missing:q35_ring3_system_interfaces_clause_witnesses	Add exact Q35 Ring 3 witnesses for every required clause before closing this parent.
functions/gmtime.html	functions/gmtime.html	gmtime	98b925cd839a5ce3da739e86eb2dd8076a86d2ff0e114dbe6ecdaaa7707cc460	14	4a1f50259a5262a3ab9104ab0946d0f1cfe5854a345dce35c875b0d928b245a2	open	missing:q35_ring3_system_interfaces_clause_witnesses	Add exact Q35 Ring 3 witnesses for every required clause before closing this parent.
functions/gmtime_r.html	functions/gmtime_r.html	gmtime	98b925cd839a5ce3da739e86eb2dd8076a86d2ff0e114dbe6ecdaaa7707cc460	14	4a1f50259a5262a3ab9104ab0946d0f1cfe5854a345dce35c875b0d928b245a2	open	missing:q35_ring3_system_interfaces_clause_witnesses	Add exact Q35 Ring 3 witnesses for every required clause before closing this parent.
functions/grantpt.html	functions/grantpt.html	grantpt	16aed66dcf0739cb4d1c387d1a8216c06b30bf9d9cfb8db9a8694065eef25085	13	7674fd0c058d00b6bc8ddbac13a3deb87af634bea52b326301ce75434de8d9e2	open	missing:q35_ring3_system_interfaces_clause_witnesses	Add exact Q35 Ring 3 witnesses for every required clause before closing this parent.
functions/hcreate.html	functions/hcreate.html	hcreate	649ae92ee9f088740c17942d04657281b1990ad84b4aa4b77738e8c433bd084c	13	b2a30272876600aece9cf2e84b3bbe6379e9f8f1e19ac4aea7c1f83290977219	open	missing:q35_ring3_system_interfaces_clause_witnesses	Add exact Q35 Ring 3 witnesses for every required clause before closing this parent.
functions/hdestroy.html	functions/hdestroy.html	hcreate	649ae92ee9f088740c17942d04657281b1990ad84b4aa4b77738e8c433bd084c	13	b2a30272876600aece9cf2e84b3bbe6379e9f8f1e19ac4aea7c1f83290977219	open	missing:q35_ring3_system_interfaces_clause_witnesses	Add exact Q35 Ring 3 witnesses for every required clause before closing this parent.
functions/hsearch.html	functions/hsearch.html	hcreate	649ae92ee9f088740c17942d04657281b1990ad84b4aa4b77738e8c433bd084c	13	b2a30272876600aece9cf2e84b3bbe6379e9f8f1e19ac4aea7c1f83290977219	open	missing:q35_ring3_system_interfaces_clause_witnesses	Add exact Q35 Ring 3 witnesses for every required clause before closing this parent.
functions/htonl.html	functions/htonl.html	htonl	f6e3f319b764f89bac067ff0ba2f615029ccddb1a85ffe0579d3a1253579551c	11	c1cbd50379e00caebb225802054c161001d520ba2b8bfd293142e7411ac9b038	open	missing:q35_ring3_system_interfaces_clause_witnesses	Add exact Q35 Ring 3 witnesses for every required clause before closing this parent.
functions/htons.html	functions/htons.html	htonl	f6e3f319b764f89bac067ff0ba2f615029ccddb1a85ffe0579d3a1253579551c	11	c1cbd50379e00caebb225802054c161001d520ba2b8bfd293142e7411ac9b038	open	missing:q35_ring3_system_interfaces_clause_witnesses	Add exact Q35 Ring 3 witnesses for every required clause before closing this parent.
functions/hypot.html	functions/hypot.html	hypot	f03928740b2c0c6d0689dc209ed05f9376c20aa94c889cc7aac95eda40ded2e4	14	4b7e878df6b167578476fd0cb667c25d355e7e83a2df89bc9aed186ed14413b3	open	missing:q35_ring3_system_interfaces_clause_witnesses	Add exact Q35 Ring 3 witnesses for every required clause before closing this parent.
functions/hypotf.html	functions/hypotf.html	hypot	f03928740b2c0c6d0689dc209ed05f9376c20aa94c889cc7aac95eda40ded2e4	14	4b7e878df6b167578476fd0cb667c25d355e7e83a2df89bc9aed186ed14413b3	open	missing:q35_ring3_system_interfaces_clause_witnesses	Add exact Q35 Ring 3 witnesses for every required clause before closing this parent.
functions/hypotl.html	functions/hypotl.html	hypot	f03928740b2c0c6d0689dc209ed05f9376c20aa94c889cc7aac95eda40ded2e4	14	4b7e878df6b167578476fd0cb667c25d355e7e83a2df89bc9aed186ed14413b3	open	missing:q35_ring3_system_interfaces_clause_witnesses	Add exact Q35 Ring 3 witnesses for every required clause before closing this parent.
functions/iconv.html	functions/iconv.html	iconv	9cce8d5e0564cbcf8f89f05969764f7e2579d625e646310314c34bd3bb0f950e	13	29b5f789a5b812743523f0ec3bc9220a5b0605a6e03a3af2cd4cb8cdb8c75b45	open	missing:q35_ring3_system_interfaces_clause_witnesses	Add exact Q35 Ring 3 witnesses for every required clause before closing this parent.
functions/iconv_close.html	functions/iconv_close.html	iconv_close	5eb5e6ec1f95dd6a3e694b40af14c86a58cdc668a3f32406e852c668e12a1d71	12	d027ac6ad5d56b3699b35b44ad580c4f7d8d3e90738f78e22af0a17be44401a0	open	missing:q35_ring3_system_interfaces_clause_witnesses	Add exact Q35 Ring 3 witnesses for every required clause before closing this parent.
functions/iconv_open.html	functions/iconv_open.html	iconv_open	1e6d06a88576cc812c9cb15695ebe5fb867daf6c6e2aa5ca1c2936fd7634e7cf	12	e5db504c160fca6665e72ea0720c4dc653cf399a1b67fcad0e738ab3056398d4	open	missing:q35_ring3_system_interfaces_clause_witnesses	Add exact Q35 Ring 3 witnesses for every required clause before closing this parent.
functions/if_freenameindex.html	functions/if_freenameindex.html	if_freenameindex	ecddf320f67e9a8ee2e361c8cb89458c8ab7e8abf4fba89ab2fc1a1739fe2adb	11	5b619179b29b39ada4d978eee2426c41e0a1e88b6cd7730877d0c860f6195c72	open	missing:q35_ring3_system_interfaces_clause_witnesses	Add exact Q35 Ring 3 witnesses for every required clause before closing this parent.
functions/if_indextoname.html	functions/if_indextoname.html	if_indextoname	ed3760cd896d79ff75cec8b819f126573f452ceec8279675ef1f322a5a4a91d2	11	629a84063fc2dc784ad1c0761d3fafaa39fda399ba90ed84b14a901e6f136b42	open	missing:q35_ring3_system_interfaces_clause_witnesses	Add exact Q35 Ring 3 witnesses for every required clause before closing this parent.
functions/if_nameindex.html	functions/if_nameindex.html	if_nameindex	02560b04d48a43aa439c0b6a5d7dcaa4f17f2f59abe223f25073481985cd3eac	11	070932886bea163eee2ada2368c91b780cd5d9d6d203d98f6b5284ecc2642463	open	missing:q35_ring3_system_interfaces_clause_witnesses	Add exact Q35 Ring 3 witnesses for every required clause before closing this parent.
functions/if_nametoindex.html	functions/if_nametoindex.html	if_nametoindex	4e92cdcea034d601ceca3abc1937c9e04ff7d10d668381dd2c6a9e8e6f7b95c2	11	6933625ae5bd14c5c1d7dd8ff88eae05f4343d1e90eeb7c94e2c53dfae264598	open	missing:q35_ring3_system_interfaces_clause_witnesses	Add exact Q35 Ring 3 witnesses for every required clause before closing this parent.
functions/ilogb.html	functions/ilogb.html	ilogb	ed857839307632786b84b76ea103f7878dc52ab01ae865afa173d19acfa82aab	14	8a1c288d85fc9472bf94c7bb839377e8baf4389353eb2dcf2529de4caf383707	open	missing:q35_ring3_system_interfaces_clause_witnesses	Add exact Q35 Ring 3 witnesses for every required clause before closing this parent.
functions/ilogbf.html	functions/ilogbf.html	ilogb	ed857839307632786b84b76ea103f7878dc52ab01ae865afa173d19acfa82aab	14	8a1c288d85fc9472bf94c7bb839377e8baf4389353eb2dcf2529de4caf383707	open	missing:q35_ring3_system_interfaces_clause_witnesses	Add exact Q35 Ring 3 witnesses for every required clause before closing this parent.
functions/ilogbl.html	functions/ilogbl.html	ilogb	ed857839307632786b84b76ea103f7878dc52ab01ae865afa173d19acfa82aab	14	8a1c288d85fc9472bf94c7bb839377e8baf4389353eb2dcf2529de4caf383707	open	missing:q35_ring3_system_interfaces_clause_witnesses	Add exact Q35 Ring 3 witnesses for every required clause before closing this parent.
functions/imaxabs.html	functions/imaxabs.html	imaxabs	1ea34e15735fcdc05601b24c69816b14518469ca0a8491eaae87052bfe007aaf	11	2b1f22b18386b14fbc564a49eea2b0fe0920a2a874ef20a98bea044febac1ccc	open	missing:q35_ring3_system_interfaces_clause_witnesses	Add exact Q35 Ring 3 witnesses for every required clause before closing this parent.
functions/imaxdiv.html	functions/imaxdiv.html	imaxdiv	22db36915210566e1c724efb8e404ee5fbf21d4bc9acda03172e0eb30d92be32	11	5a99bc7254b4072f211cafd332af0dabdd840d0fdede2a0f0b0d36f1de6b8221	open	missing:q35_ring3_system_interfaces_clause_witnesses	Add exact Q35 Ring 3 witnesses for every required clause before closing this parent.
functions/inet_addr.html	functions/inet_addr.html	inet_addr	037b34ef1024d364ffe44f0d039e8a289c516be191431e19b3043e8e3d905cc3	12	489f6d4c00e69a9132e5f9fd4ac75db12f16a9d2e510b8a0408d0f3c5df21300	open	missing:q35_ring3_system_interfaces_clause_witnesses	Add exact Q35 Ring 3 witnesses for every required clause before closing this parent.
functions/inet_ntoa.html	functions/inet_ntoa.html	inet_addr	037b34ef1024d364ffe44f0d039e8a289c516be191431e19b3043e8e3d905cc3	12	489f6d4c00e69a9132e5f9fd4ac75db12f16a9d2e510b8a0408d0f3c5df21300	open	missing:q35_ring3_system_interfaces_clause_witnesses	Add exact Q35 Ring 3 witnesses for every required clause before closing this parent.
functions/inet_ntop.html	functions/inet_ntop.html	inet_ntop	6a42ef7e50f76af4a0fcc1cb4e7a8a4bca992add697e1c78eb0b019cf0bef0d0	12	8d04407ec376e100b2953538d1561754a76c7eeea28f5036454cae5f4935c5ff	open	missing:q35_ring3_system_interfaces_clause_witnesses	Add exact Q35 Ring 3 witnesses for every required clause before closing this parent.
functions/inet_pton.html	functions/inet_pton.html	inet_ntop	6a42ef7e50f76af4a0fcc1cb4e7a8a4bca992add697e1c78eb0b019cf0bef0d0	12	8d04407ec376e100b2953538d1561754a76c7eeea28f5036454cae5f4935c5ff	open	missing:q35_ring3_system_interfaces_clause_witnesses	Add exact Q35 Ring 3 witnesses for every required clause before closing this parent.
functions/initstate.html	functions/initstate.html	initstate	8129cacb309f1c0aae61d8e1fde13556fcf26ea3cdd915b925a61e983ad3ed4d	14	adb107cceaa65b0f3300303be45bd36ebbcc282304f1bf1b400fb3f7cc77cecf	open	missing:q35_ring3_system_interfaces_clause_witnesses	Add exact Q35 Ring 3 witnesses for every required clause before closing this parent.
functions/insque.html	functions/insque.html	insque	b799f1d6dc0cb7c1df74e5304e7de85546aa85251967cab690c361e0aca18b47	16	64424560ffa746891102854733960644b34a6e7a5f1c9e4af8fed0f43878307a	open	missing:q35_ring3_system_interfaces_clause_witnesses	Add exact Q35 Ring 3 witnesses for every required clause before closing this parent.
functions/ioctl.html	functions/ioctl.html	ioctl	938896e96b8c2ef2098f4dd5181f30ce1ce016e9ee9a1419c1640a321aa2a439	15	de856509ab446877867924747eb42d200972537b6feca15664dbf8563eb3f678	open	missing:q35_ring3_system_interfaces_clause_witnesses	Add exact Q35 Ring 3 witnesses for every required clause before closing this parent.
functions/isalnum.html	functions/isalnum.html	isalnum	ed040e7fb1e2504a6a1215b069acf9e29449f6b8ad8c9eb407e18dcfdc523e85	13	2bc3bd1d35731541e61ac73798ab5aedce8754c955f9c42e551e04683ed2d61e	open	missing:q35_ring3_system_interfaces_clause_witnesses	Add exact Q35 Ring 3 witnesses for every required clause before closing this parent.
functions/isalnum_l.html	functions/isalnum_l.html	isalnum	ed040e7fb1e2504a6a1215b069acf9e29449f6b8ad8c9eb407e18dcfdc523e85	13	2bc3bd1d35731541e61ac73798ab5aedce8754c955f9c42e551e04683ed2d61e	open	missing:q35_ring3_system_interfaces_clause_witnesses	Add exact Q35 Ring 3 witnesses for every required clause before closing this parent.
functions/isalpha.html	functions/isalpha.html	isalpha	b95b0c8a655c62116140e03862fa1ef287c0ec7c4638f7ea34a43a15a0bad4c6	13	41f2e798a926b4738d8cca08e596b1c0ab0c28a296f908b7180588d91889fd69	open	missing:q35_ring3_system_interfaces_clause_witnesses	Add exact Q35 Ring 3 witnesses for every required clause before closing this parent.
functions/isalpha_l.html	functions/isalpha_l.html	isalpha	b95b0c8a655c62116140e03862fa1ef287c0ec7c4638f7ea34a43a15a0bad4c6	13	41f2e798a926b4738d8cca08e596b1c0ab0c28a296f908b7180588d91889fd69	open	missing:q35_ring3_system_interfaces_clause_witnesses	Add exact Q35 Ring 3 witnesses for every required clause before closing this parent.
functions/isascii.html	functions/isascii.html	isascii	6bb3796e4e7a775c555aa84cdabd3f789c53e0ca30091ba6e14df1059ce09c48	12	c913028cc41b901a3b6df91dfb09191c97824969ab634c60aff91f5ad1a381e2	open	missing:q35_ring3_system_interfaces_clause_witnesses	Add exact Q35 Ring 3 witnesses for every required clause before closing this parent.
functions/isastream.html	functions/isastream.html	isastream	196087ff5935ef0d1e5067c685f12d28d4e1d64861b50cc4dd96e0e5f6db6461	13	5335a0da54df00d87bdc009847a93b841cef2a1fa09463c21dd556cbc52268fc	open	missing:q35_ring3_system_interfaces_clause_witnesses	Add exact Q35 Ring 3 witnesses for every required clause before closing this parent.
functions/isatty.html	functions/isatty.html	isatty	2ee73994e09b1466c4a4313394f3c512c571f78effa429270f5100a7d2aea67d	13	fe968ed5f3a5d2f66ab3678d867bfe2eb752a32cf560e6ec66ba9dc9392bd423	open	missing:q35_ring3_system_interfaces_clause_witnesses	Add exact Q35 Ring 3 witnesses for every required clause before closing this parent.
functions/isblank.html	functions/isblank.html	isblank	1fd55420e7dde9d9b1c75766c1f66b4c4d7924324c67e1889600d0fbabba76f7	12	05e63ce54cf2e82f2076e9e0f54559c2bc3f3702b86aaf756392b42a84d21b00	open	missing:q35_ring3_system_interfaces_clause_witnesses	Add exact Q35 Ring 3 witnesses for every required clause before closing this parent.
functions/isblank_l.html	functions/isblank_l.html	isblank	1fd55420e7dde9d9b1c75766c1f66b4c4d7924324c67e1889600d0fbabba76f7	12	05e63ce54cf2e82f2076e9e0f54559c2bc3f3702b86aaf756392b42a84d21b00	open	missing:q35_ring3_system_interfaces_clause_witnesses	Add exact Q35 Ring 3 witnesses for every required clause before closing this parent.
functions/iscntrl.html	functions/iscntrl.html	iscntrl	95d59271a12bb918f2f1dc5bfdc18dd8c78568668325077363366856a2d757df	13	595bdc7944822eb006a09486d0d06225f43cd93773684b3d8f3f19f6014e9349	open	missing:q35_ring3_system_interfaces_clause_witnesses	Add exact Q35 Ring 3 witnesses for every required clause before closing this parent.
functions/iscntrl_l.html	functions/iscntrl_l.html	iscntrl	95d59271a12bb918f2f1dc5bfdc18dd8c78568668325077363366856a2d757df	13	595bdc7944822eb006a09486d0d06225f43cd93773684b3d8f3f19f6014e9349	open	missing:q35_ring3_system_interfaces_clause_witnesses	Add exact Q35 Ring 3 witnesses for every required clause before closing this parent.
functions/isdigit.html	functions/isdigit.html	isdigit	80dc967243eeb73445e376a8ea975c60ceaae7e19a99cbee9ccd9f2e6880f7cf	13	f6d71c97219b3085af9c64fd40652f466fc9b5133ec51155166102d805bd4c38	open	missing:q35_ring3_system_interfaces_clause_witnesses	Add exact Q35 Ring 3 witnesses for every required clause before closing this parent.
functions/isdigit_l.html	functions/isdigit_l.html	isdigit	80dc967243eeb73445e376a8ea975c60ceaae7e19a99cbee9ccd9f2e6880f7cf	13	f6d71c97219b3085af9c64fd40652f466fc9b5133ec51155166102d805bd4c38	open	missing:q35_ring3_system_interfaces_clause_witnesses	Add exact Q35 Ring 3 witnesses for every required clause before closing this parent.
functions/isfinite.html	functions/isfinite.html	isfinite	2318257892bee8ec4d18506b347f6a5c0b44b1981673ed79c85242c532ae4d83	11	5e22ad0f1efc517b02f0865d3da9322406e7bc2d4400871e6de617fae6797441	open	missing:q35_ring3_system_interfaces_clause_witnesses	Add exact Q35 Ring 3 witnesses for every required clause before closing this parent.
functions/isgraph.html	functions/isgraph.html	isgraph	d77041802798ffe4a8baf9dc65f8348e21dbfbcb37df9c84222c606e92741792	13	d7a3211572ddc38d4e0e1551fae530aeb36802984de16ec05f52bbaded56b76e	open	missing:q35_ring3_system_interfaces_clause_witnesses	Add exact Q35 Ring 3 witnesses for every required clause before closing this parent.
functions/isgraph_l.html	functions/isgraph_l.html	isgraph	d77041802798ffe4a8baf9dc65f8348e21dbfbcb37df9c84222c606e92741792	13	d7a3211572ddc38d4e0e1551fae530aeb36802984de16ec05f52bbaded56b76e	open	missing:q35_ring3_system_interfaces_clause_witnesses	Add exact Q35 Ring 3 witnesses for every required clause before closing this parent.
functions/isgreater.html	functions/isgreater.html	isgreater	72a8643417751eb3648144c7587b6db605e91a7f90e431ed1912e9756c09d95d	11	0399b53ef03973bf4c61d5f466db3826c77bc40d7ead93ba9bb6f913be387b96	open	missing:q35_ring3_system_interfaces_clause_witnesses	Add exact Q35 Ring 3 witnesses for every required clause before closing this parent.
functions/isgreaterequal.html	functions/isgreaterequal.html	isgreaterequal	7b4fb7b0e553100b451fa7ef78f346c94f61a4f88d776683e0a6e923681ebc93	11	f6167743a18ce6c087247bd880c8d11e87ec07d57e4015e6c9cf9a12dcdc0ec5	open	missing:q35_ring3_system_interfaces_clause_witnesses	Add exact Q35 Ring 3 witnesses for every required clause before closing this parent.
functions/isinf.html	functions/isinf.html	isinf	24e32ac2f492c41605191f702a6828a0a0895da350944fb663b05c5c28eff578	11	85f4329a8b2599d7ea5d49aa57e0e2eb2d3a09b0ce7ea9703ca019d688a24471	open	missing:q35_ring3_system_interfaces_clause_witnesses	Add exact Q35 Ring 3 witnesses for every required clause before closing this parent.
functions/isless.html	functions/isless.html	isless	fb92b37f5da8635ceffd5fe009b7008c71fa364002a1bf06bfb279552d5d4afc	11	e2cb50c5f8002e6e9e3edd1c638b69ff00cc9323dbda04a117c2bd699bd2bb94	open	missing:q35_ring3_system_interfaces_clause_witnesses	Add exact Q35 Ring 3 witnesses for every required clause before closing this parent.
functions/islessequal.html	functions/islessequal.html	islessequal	52f28d4ec70ebf47a65b08a45b98e262a1c52660dd828fa2d819927e229e85c4	11	a85e8ab480c0ae419d18fa4c90eaea43e51770db9393831d20fbbf956d9beed6	open	missing:q35_ring3_system_interfaces_clause_witnesses	Add exact Q35 Ring 3 witnesses for every required clause before closing this parent.
functions/islessgreater.html	functions/islessgreater.html	islessgreater	64b981c6f640c679f7d6990f753a9a73e5fd5b5791d699faab2f7d605e4eea34	11	18a8d4825bfd470ae61572d2b905aa85fa725b1092acfbd28a7ae7964272b797	open	missing:q35_ring3_system_interfaces_clause_witnesses	Add exact Q35 Ring 3 witnesses for every required clause before closing this parent.
functions/islower.html	functions/islower.html	islower	d634b662ac24578d15593625fc1f27297a6ce6039bec49805c57629470858852	14	08afbc696a89ad086b3e1859620f98eb6a847546c6ea0d844eee6ae013df95ac	open	missing:q35_ring3_system_interfaces_clause_witnesses	Add exact Q35 Ring 3 witnesses for every required clause before closing this parent.
functions/islower_l.html	functions/islower_l.html	islower	d634b662ac24578d15593625fc1f27297a6ce6039bec49805c57629470858852	14	08afbc696a89ad086b3e1859620f98eb6a847546c6ea0d844eee6ae013df95ac	open	missing:q35_ring3_system_interfaces_clause_witnesses	Add exact Q35 Ring 3 witnesses for every required clause before closing this parent.
functions/isnan.html	functions/isnan.html	isnan	b4b30093a9951242a738ab109f4a1e3c08d9ca9dca5abd445bcaef16b67543b3	13	43ce5cf28af8d31251d23d394226cff77b5b3ef91b6fc845aa5b905e5146bdce	open	missing:q35_ring3_system_interfaces_clause_witnesses	Add exact Q35 Ring 3 witnesses for every required clause before closing this parent.
functions/isnormal.html	functions/isnormal.html	isnormal	31d2144498816d6d2ba7359a7a7ad9900fd0aa08fb04fc1aa6105670752b8fa8	11	d580c4aed9b0bb9e62ded176fee09f00406cdea2aa755381df8f3556ba5d3551	open	missing:q35_ring3_system_interfaces_clause_witnesses	Add exact Q35 Ring 3 witnesses for every required clause before closing this parent.
functions/isprint.html	functions/isprint.html	isprint	7c67bea40b02585fee180a91952f734b0a8889d2839538bf52d93c549d89ef58	13	c7b268c6229a00d41b18dd8f411c7a5e118eade7387f8aaaf6f285b509d22429	open	missing:q35_ring3_system_interfaces_clause_witnesses	Add exact Q35 Ring 3 witnesses for every required clause before closing this parent.
functions/isprint_l.html	functions/isprint_l.html	isprint	7c67bea40b02585fee180a91952f734b0a8889d2839538bf52d93c549d89ef58	13	c7b268c6229a00d41b18dd8f411c7a5e118eade7387f8aaaf6f285b509d22429	open	missing:q35_ring3_system_interfaces_clause_witnesses	Add exact Q35 Ring 3 witnesses for every required clause before closing this parent.
functions/ispunct.html	functions/ispunct.html	ispunct	8c9a186b2655c8696e6e8573798c4391a3c5ea469dc52d93e19481f131f6833c	13	54670065ddca4f078320d20e9c48bd758f9a35c54e6cc053bfaf2f7d20ea88b2	open	missing:q35_ring3_system_interfaces_clause_witnesses	Add exact Q35 Ring 3 witnesses for every required clause before closing this parent.
functions/ispunct_l.html	functions/ispunct_l.html	ispunct	8c9a186b2655c8696e6e8573798c4391a3c5ea469dc52d93e19481f131f6833c	13	54670065ddca4f078320d20e9c48bd758f9a35c54e6cc053bfaf2f7d20ea88b2	open	missing:q35_ring3_system_interfaces_clause_witnesses	Add exact Q35 Ring 3 witnesses for every required clause before closing this parent.
functions/isspace.html	functions/isspace.html	isspace	e759b857fc6457e30b9a549721d207e2616270d11ebd16cb37993695193a611c	13	4869bad6a4f0078c935c79b9d5b0ab952cc4f59f94cdb2ae94354514d50b9033	open	missing:q35_ring3_system_interfaces_clause_witnesses	Add exact Q35 Ring 3 witnesses for every required clause before closing this parent.
functions/isspace_l.html	functions/isspace_l.html	isspace	e759b857fc6457e30b9a549721d207e2616270d11ebd16cb37993695193a611c	13	4869bad6a4f0078c935c79b9d5b0ab952cc4f59f94cdb2ae94354514d50b9033	open	missing:q35_ring3_system_interfaces_clause_witnesses	Add exact Q35 Ring 3 witnesses for every required clause before closing this parent.
functions/isunordered.html	functions/isunordered.html	isunordered	aa89c86d9020e495fd0303162246da7fb556da82623a3b96019efbaa037c3bca	11	071365994ce0bd138bce65ae115cf3531b4732f9f0dc5acda63cdc4e2883b002	open	missing:q35_ring3_system_interfaces_clause_witnesses	Add exact Q35 Ring 3 witnesses for every required clause before closing this parent.
functions/isupper.html	functions/isupper.html	isupper	298de88da05beb22ef1daee99610f355bd01171191e653a3a9f0ef3ed7bb54c8	13	744554e70be11fc3e9b35f07e0248776b00285fe231209c2269dfebe805a8160	open	missing:q35_ring3_system_interfaces_clause_witnesses	Add exact Q35 Ring 3 witnesses for every required clause before closing this parent.
functions/isupper_l.html	functions/isupper_l.html	isupper	298de88da05beb22ef1daee99610f355bd01171191e653a3a9f0ef3ed7bb54c8	13	744554e70be11fc3e9b35f07e0248776b00285fe231209c2269dfebe805a8160	open	missing:q35_ring3_system_interfaces_clause_witnesses	Add exact Q35 Ring 3 witnesses for every required clause before closing this parent.
functions/iswalnum.html	functions/iswalnum.html	iswalnum	63018b960d2aa0247ad65817b68621968b70eab304eddb68300c67466c5fc43f	14	7142bc49cdeed2dd76dd7a1d3b0bbbc8ce94f53f8a7fb46e3a966e8fd224dda5	open	missing:q35_ring3_system_interfaces_clause_witnesses	Add exact Q35 Ring 3 witnesses for every required clause before closing this parent.
functions/iswalnum_l.html	functions/iswalnum_l.html	iswalnum	63018b960d2aa0247ad65817b68621968b70eab304eddb68300c67466c5fc43f	14	7142bc49cdeed2dd76dd7a1d3b0bbbc8ce94f53f8a7fb46e3a966e8fd224dda5	open	missing:q35_ring3_system_interfaces_clause_witnesses	Add exact Q35 Ring 3 witnesses for every required clause before closing this parent.
functions/iswalpha.html	functions/iswalpha.html	iswalpha	1e3a7641a11901e30ae4871cfdcd12ec0f11883e79d60cf2ad44eda734bbf9d9	14	46a8d41017a807d6b07734d8552445807ed3e797f9a98b57404a25d06d68ca43	open	missing:q35_ring3_system_interfaces_clause_witnesses	Add exact Q35 Ring 3 witnesses for every required clause before closing this parent.
functions/iswalpha_l.html	functions/iswalpha_l.html	iswalpha	1e3a7641a11901e30ae4871cfdcd12ec0f11883e79d60cf2ad44eda734bbf9d9	14	46a8d41017a807d6b07734d8552445807ed3e797f9a98b57404a25d06d68ca43	open	missing:q35_ring3_system_interfaces_clause_witnesses	Add exact Q35 Ring 3 witnesses for every required clause before closing this parent.
functions/iswblank.html	functions/iswblank.html	iswblank	98943550b0491979dcdad53a4858df6827481b8be2e7d2295acaf99f0734c8db	12	9ec1458181492b6f71b264238e2c8c4cb0938f10131876f96660a2988d76be80	open	missing:q35_ring3_system_interfaces_clause_witnesses	Add exact Q35 Ring 3 witnesses for every required clause before closing this parent.
functions/iswblank_l.html	functions/iswblank_l.html	iswblank	98943550b0491979dcdad53a4858df6827481b8be2e7d2295acaf99f0734c8db	12	9ec1458181492b6f71b264238e2c8c4cb0938f10131876f96660a2988d76be80	open	missing:q35_ring3_system_interfaces_clause_witnesses	Add exact Q35 Ring 3 witnesses for every required clause before closing this parent.
functions/iswcntrl.html	functions/iswcntrl.html	iswcntrl	5b3e91f70a37c19b892c796ed76494d7e3e26f9522d3fd6d6ba2d24b1dd65e4c	14	4e4dbe32f3ea7d3b7e4b10f56115042db749f3deb02b7986aae6aaa2e6050ed1	open	missing:q35_ring3_system_interfaces_clause_witnesses	Add exact Q35 Ring 3 witnesses for every required clause before closing this parent.
functions/iswcntrl_l.html	functions/iswcntrl_l.html	iswcntrl	5b3e91f70a37c19b892c796ed76494d7e3e26f9522d3fd6d6ba2d24b1dd65e4c	14	4e4dbe32f3ea7d3b7e4b10f56115042db749f3deb02b7986aae6aaa2e6050ed1	open	missing:q35_ring3_system_interfaces_clause_witnesses	Add exact Q35 Ring 3 witnesses for every required clause before closing this parent.
functions/iswctype.html	functions/iswctype.html	iswctype	f91296978607885b20df4c65c3af3e905e2666c260565f2462b414a2acc6a346	15	e5416306b0dbd20ea0eafbdc22244d863d37ab81c6dc02fc5910214c56de3695	open	missing:q35_ring3_system_interfaces_clause_witnesses	Add exact Q35 Ring 3 witnesses for every required clause before closing this parent.
functions/iswctype_l.html	functions/iswctype_l.html	iswctype	f91296978607885b20df4c65c3af3e905e2666c260565f2462b414a2acc6a346	15	e5416306b0dbd20ea0eafbdc22244d863d37ab81c6dc02fc5910214c56de3695	open	missing:q35_ring3_system_interfaces_clause_witnesses	Add exact Q35 Ring 3 witnesses for every required clause before closing this parent.
functions/iswdigit.html	functions/iswdigit.html	iswdigit	21e365ede23e2f311f5dc6a112909b7cba2472a80b363f67a43e18a3f42157b0	14	9250bc33ef0108dd3daa0775c1d1bbbbd6bb30f49a32b87ddb216454642487aa	open	missing:q35_ring3_system_interfaces_clause_witnesses	Add exact Q35 Ring 3 witnesses for every required clause before closing this parent.
functions/iswdigit_l.html	functions/iswdigit_l.html	iswdigit	21e365ede23e2f311f5dc6a112909b7cba2472a80b363f67a43e18a3f42157b0	14	9250bc33ef0108dd3daa0775c1d1bbbbd6bb30f49a32b87ddb216454642487aa	open	missing:q35_ring3_system_interfaces_clause_witnesses	Add exact Q35 Ring 3 witnesses for every required clause before closing this parent.
functions/iswgraph.html	functions/iswgraph.html	iswgraph	348dccb5ee03e67f0ea2ffa4c69805a07c425131dd72334d2a14f080fb4262ec	14	2e9008c3ea2de521d80e788479eeda38da4665ce03dbda1eaaf5f9719efc868e	open	missing:q35_ring3_system_interfaces_clause_witnesses	Add exact Q35 Ring 3 witnesses for every required clause before closing this parent.
functions/iswgraph_l.html	functions/iswgraph_l.html	iswgraph	348dccb5ee03e67f0ea2ffa4c69805a07c425131dd72334d2a14f080fb4262ec	14	2e9008c3ea2de521d80e788479eeda38da4665ce03dbda1eaaf5f9719efc868e	open	missing:q35_ring3_system_interfaces_clause_witnesses	Add exact Q35 Ring 3 witnesses for every required clause before closing this parent.
functions/iswlower.html	functions/iswlower.html	iswlower	e725f4d591beac105a122f7c8d81c7f9979f77c0fb9eaabc5574b3ffe683d5ee	14	f17d9dc808b8ea394961d74373921dc514c960b7aea5df162a24227dd764d23f	open	missing:q35_ring3_system_interfaces_clause_witnesses	Add exact Q35 Ring 3 witnesses for every required clause before closing this parent.
functions/iswlower_l.html	functions/iswlower_l.html	iswlower	e725f4d591beac105a122f7c8d81c7f9979f77c0fb9eaabc5574b3ffe683d5ee	14	f17d9dc808b8ea394961d74373921dc514c960b7aea5df162a24227dd764d23f	open	missing:q35_ring3_system_interfaces_clause_witnesses	Add exact Q35 Ring 3 witnesses for every required clause before closing this parent.
functions/iswprint.html	functions/iswprint.html	iswprint	fdce9ecce57ad06753378df4d9dbc514e1e3592cb9759be9cd2ddc1ab096f7c2	14	2f8ee2ea2071a4eafc8e2774cd8209af09069c1e3db28c8c245a61e1af906dea	open	missing:q35_ring3_system_interfaces_clause_witnesses	Add exact Q35 Ring 3 witnesses for every required clause before closing this parent.
functions/iswprint_l.html	functions/iswprint_l.html	iswprint	fdce9ecce57ad06753378df4d9dbc514e1e3592cb9759be9cd2ddc1ab096f7c2	14	2f8ee2ea2071a4eafc8e2774cd8209af09069c1e3db28c8c245a61e1af906dea	open	missing:q35_ring3_system_interfaces_clause_witnesses	Add exact Q35 Ring 3 witnesses for every required clause before closing this parent.
functions/iswpunct.html	functions/iswpunct.html	iswpunct	3e9b8c334ee49dc079a0f878a854c960d266c872a7b3fc2b9e64861662c7fc82	14	c044ce8171236a4d1c4754d21f335ee10c769ae7ecbf8610d990123f794f06e9	open	missing:q35_ring3_system_interfaces_clause_witnesses	Add exact Q35 Ring 3 witnesses for every required clause before closing this parent.
functions/iswpunct_l.html	functions/iswpunct_l.html	iswpunct	3e9b8c334ee49dc079a0f878a854c960d266c872a7b3fc2b9e64861662c7fc82	14	c044ce8171236a4d1c4754d21f335ee10c769ae7ecbf8610d990123f794f06e9	open	missing:q35_ring3_system_interfaces_clause_witnesses	Add exact Q35 Ring 3 witnesses for every required clause before closing this parent.
functions/iswspace.html	functions/iswspace.html	iswspace	dee98a21ce96625301f555a0a8dc3fddc611a78e69b6ccd134c87b003b44fc0d	14	ad5b26d78c265087699e8b81a6375c67af2328d853f9b9399070e398d5bfb549	open	missing:q35_ring3_system_interfaces_clause_witnesses	Add exact Q35 Ring 3 witnesses for every required clause before closing this parent.
functions/iswspace_l.html	functions/iswspace_l.html	iswspace	dee98a21ce96625301f555a0a8dc3fddc611a78e69b6ccd134c87b003b44fc0d	14	ad5b26d78c265087699e8b81a6375c67af2328d853f9b9399070e398d5bfb549	open	missing:q35_ring3_system_interfaces_clause_witnesses	Add exact Q35 Ring 3 witnesses for every required clause before closing this parent.
functions/iswupper.html	functions/iswupper.html	iswupper	cac95e0df4a1c6a1f8455f7f0939c07858ba0294432478796973e48e503a9fe4	14	68bdaa3cfbdf5707f71fd39094f63f8d4ae1d17e410040881048e23e34c5c1a2	open	missing:q35_ring3_system_interfaces_clause_witnesses	Add exact Q35 Ring 3 witnesses for every required clause before closing this parent.
functions/iswupper_l.html	functions/iswupper_l.html	iswupper	cac95e0df4a1c6a1f8455f7f0939c07858ba0294432478796973e48e503a9fe4	14	68bdaa3cfbdf5707f71fd39094f63f8d4ae1d17e410040881048e23e34c5c1a2	open	missing:q35_ring3_system_interfaces_clause_witnesses	Add exact Q35 Ring 3 witnesses for every required clause before closing this parent.
functions/iswxdigit.html	functions/iswxdigit.html	iswxdigit	4fca3683db8a6a26a02aff7a4b47f72cc2c5949ced0110e27f094c75f8059ed8	14	28958fee2fc4371a0e4d191a916d5dadec7803ab3e56ef92869a20855109c5c4	open	missing:q35_ring3_system_interfaces_clause_witnesses	Add exact Q35 Ring 3 witnesses for every required clause before closing this parent.
functions/iswxdigit_l.html	functions/iswxdigit_l.html	iswxdigit	4fca3683db8a6a26a02aff7a4b47f72cc2c5949ced0110e27f094c75f8059ed8	14	28958fee2fc4371a0e4d191a916d5dadec7803ab3e56ef92869a20855109c5c4	open	missing:q35_ring3_system_interfaces_clause_witnesses	Add exact Q35 Ring 3 witnesses for every required clause before closing this parent.
functions/isxdigit.html	functions/isxdigit.html	isxdigit	4482b28c1e06a9b08fa731ba498deb6b61e3bbe3d051ff4300e8af65e7ceb400	13	01c36115e2e45f8d4f23cd069cba33ee6ddeb9f66a6a56a1f1e51e54099707ff	open	missing:q35_ring3_system_interfaces_clause_witnesses	Add exact Q35 Ring 3 witnesses for every required clause before closing this parent.
functions/isxdigit_l.html	functions/isxdigit_l.html	isxdigit	4482b28c1e06a9b08fa731ba498deb6b61e3bbe3d051ff4300e8af65e7ceb400	13	01c36115e2e45f8d4f23cd069cba33ee6ddeb9f66a6a56a1f1e51e54099707ff	open	missing:q35_ring3_system_interfaces_clause_witnesses	Add exact Q35 Ring 3 witnesses for every required clause before closing this parent.
functions/j0.html	functions/j0.html	j0	0e8d2f2fcec6de5656720a5a5862f219c17cef6235c52b4b8a8bcdcc6cdda30b	14	23492e170946b398c194511cc6bddca2e74df1727df305d5731e7dda681e6da6	open	missing:q35_ring3_system_interfaces_clause_witnesses	Add exact Q35 Ring 3 witnesses for every required clause before closing this parent.
functions/j1.html	functions/j1.html	j0	0e8d2f2fcec6de5656720a5a5862f219c17cef6235c52b4b8a8bcdcc6cdda30b	14	23492e170946b398c194511cc6bddca2e74df1727df305d5731e7dda681e6da6	open	missing:q35_ring3_system_interfaces_clause_witnesses	Add exact Q35 Ring 3 witnesses for every required clause before closing this parent.
functions/jn.html	functions/jn.html	j0	0e8d2f2fcec6de5656720a5a5862f219c17cef6235c52b4b8a8bcdcc6cdda30b	14	23492e170946b398c194511cc6bddca2e74df1727df305d5731e7dda681e6da6	open	missing:q35_ring3_system_interfaces_clause_witnesses	Add exact Q35 Ring 3 witnesses for every required clause before closing this parent.
functions/jrand48.html	functions/jrand48.html	drand48	4dab62b21b52200f41a4aac85491c82f351ffc79e5dcd8dceab7d572aef8761d	14	674357d1cc0477d1cd59ae6636cea9a6d9af106fb896eff2b134f3e7be33cada	open	missing:q35_ring3_system_interfaces_clause_witnesses	Add exact Q35 Ring 3 witnesses for every required clause before closing this parent.
functions/kill.html	functions/kill.html	kill	00be028b1ef513a814a9085d6a8c7d678fa55c2d8625b1a5a88e728dac15f3d7	14	266cadfa5c503cc52323b955c3fc68e41e6e1b4dede83438392e015b6cd7a1e8	open	missing:q35_ring3_system_interfaces_clause_witnesses	Add exact Q35 Ring 3 witnesses for every required clause before closing this parent.
functions/killpg.html	functions/killpg.html	killpg	3315a06d265f6da46b043f741fd0d934bb523c7b142a5cdc0b4979023527e259	14	0510c0d23288a0da4ed194a9ce7d3a47a03295e39e627a21b648e5ac35f4bfc2	open	missing:q35_ring3_system_interfaces_clause_witnesses	Add exact Q35 Ring 3 witnesses for every required clause before closing this parent.
functions/l64a.html	functions/l64a.html	a64l	96c1c0b761fea71536b41588ce85e9599f38dda93e1130fda9bc99dbf0e3f015	13	aa805c98edaf835a55a1ab806ac4bbf3ec4a01b99e78f4bf548fe0d898e4f842	open	missing:q35_ring3_system_interfaces_clause_witnesses	Add exact Q35 Ring 3 witnesses for every required clause before closing this parent.
functions/labs.html	functions/labs.html	labs	efe8ada9c85e27a0b4b34ee480cf1bc07a8583d10b96fe241b53e8be1e550349	13	0a50f1a2a6834928912e17ca6521ddbbda56832df9ced0bdfeff5e21cb816592	open	missing:q35_ring3_system_interfaces_clause_witnesses	Add exact Q35 Ring 3 witnesses for every required clause before closing this parent.
functions/lchown.html	functions/lchown.html	lchown	949d8402ffab425207fcdf5d7e5d26408b6ad3bce9209f93778d32402002bf9d	15	922137cec7f1a7fc0be3848659ff09b798bbfd32a29d6c1148c5209d22531d0c	open	missing:q35_ring3_system_interfaces_clause_witnesses	Add exact Q35 Ring 3 witnesses for every required clause before closing this parent.
functions/lcong48.html	functions/lcong48.html	drand48	4dab62b21b52200f41a4aac85491c82f351ffc79e5dcd8dceab7d572aef8761d	14	674357d1cc0477d1cd59ae6636cea9a6d9af106fb896eff2b134f3e7be33cada	open	missing:q35_ring3_system_interfaces_clause_witnesses	Add exact Q35 Ring 3 witnesses for every required clause before closing this parent.
functions/ldexp.html	functions/ldexp.html	ldexp	af6d4acf5d5c04d6360325044322edadf6f3db00c0740fbb315e2a8bab796b99	14	9bb67b6f4516f0774dca1393f12056fbb548380c28fcf740c26df13851e6847e	open	missing:q35_ring3_system_interfaces_clause_witnesses	Add exact Q35 Ring 3 witnesses for every required clause before closing this parent.
functions/ldexpf.html	functions/ldexpf.html	ldexp	af6d4acf5d5c04d6360325044322edadf6f3db00c0740fbb315e2a8bab796b99	14	9bb67b6f4516f0774dca1393f12056fbb548380c28fcf740c26df13851e6847e	open	missing:q35_ring3_system_interfaces_clause_witnesses	Add exact Q35 Ring 3 witnesses for every required clause before closing this parent.
functions/ldexpl.html	functions/ldexpl.html	ldexp	af6d4acf5d5c04d6360325044322edadf6f3db00c0740fbb315e2a8bab796b99	14	9bb67b6f4516f0774dca1393f12056fbb548380c28fcf740c26df13851e6847e	open	missing:q35_ring3_system_interfaces_clause_witnesses	Add exact Q35 Ring 3 witnesses for every required clause before closing this parent.
functions/ldiv.html	functions/ldiv.html	ldiv	169617cf91b989d3281a59e70585af5801540fb1981becb05f4ce3eb1eca031f	12	a94d48fba424850e1646f0f2e1b96aecebbc551949c941bc0311afeb2523a579	open	missing:q35_ring3_system_interfaces_clause_witnesses	Add exact Q35 Ring 3 witnesses for every required clause before closing this parent.
functions/lfind.html	functions/lfind.html	lsearch	39265bb49115f5af5b05030cbe6385140408bc3a5851c0252dc2a2a2179865d9	14	f347db512f4b9ecf50160c1134d73754d38c8bb5baf0ee042a92c26df9b96884	open	missing:q35_ring3_system_interfaces_clause_witnesses	Add exact Q35 Ring 3 witnesses for every required clause before closing this parent.
functions/lgamma.html	functions/lgamma.html	lgamma	6b5813cb9c04166eb4519bbc435bb393e3aecd607f92ef2f48bbd4f60aafdeba	14	42f42e04d742304bba544a7da8ae7b5decba304a6ce355cdb08a93b690c0db36	open	missing:q35_ring3_system_interfaces_clause_witnesses	Add exact Q35 Ring 3 witnesses for every required clause before closing this parent.
functions/lgammaf.html	functions/lgammaf.html	lgamma	6b5813cb9c04166eb4519bbc435bb393e3aecd607f92ef2f48bbd4f60aafdeba	14	42f42e04d742304bba544a7da8ae7b5decba304a6ce355cdb08a93b690c0db36	open	missing:q35_ring3_system_interfaces_clause_witnesses	Add exact Q35 Ring 3 witnesses for every required clause before closing this parent.
functions/lgammal.html	functions/lgammal.html	lgamma	6b5813cb9c04166eb4519bbc435bb393e3aecd607f92ef2f48bbd4f60aafdeba	14	42f42e04d742304bba544a7da8ae7b5decba304a6ce355cdb08a93b690c0db36	open	missing:q35_ring3_system_interfaces_clause_witnesses	Add exact Q35 Ring 3 witnesses for every required clause before closing this parent.
functions/link.html	functions/link.html	link	832f6408a68b281b80e335c4379af50cd524ad64e7d542017c3f121dcd630383	15	9ad168bdd23955ece7abb421c5b9e0dd7a3b406517b1a8a77fd2e4d3a5e9ea52	open	missing:q35_ring3_system_interfaces_clause_witnesses	Add exact Q35 Ring 3 witnesses for every required clause before closing this parent.
functions/linkat.html	functions/linkat.html	link	832f6408a68b281b80e335c4379af50cd524ad64e7d542017c3f121dcd630383	15	9ad168bdd23955ece7abb421c5b9e0dd7a3b406517b1a8a77fd2e4d3a5e9ea52	open	missing:q35_ring3_system_interfaces_clause_witnesses	Add exact Q35 Ring 3 witnesses for every required clause before closing this parent.
functions/lio_listio.html	functions/lio_listio.html	lio_listio	d3e9f6526219bdb115b665e0f66c35012db38c4c823b82dac11d01e33c65f3c9	14	68abcb4b1db767fa4ce5e081a4097d436dbf8c20ac2c362cd2024c8e5dc148b3	open	missing:q35_ring3_system_interfaces_clause_witnesses	Add exact Q35 Ring 3 witnesses for every required clause before closing this parent.
functions/listen.html	functions/listen.html	listen	4168f2db2e097df6095193ba45c23d74203beb7a47ce43327919e5d7efce61ea	11	356bda8182cdc93c488ddc83f46da19fd88105bfe2b5ff747e3e4737fc312ebc	open	missing:q35_ring3_system_interfaces_clause_witnesses	Add exact Q35 Ring 3 witnesses for every required clause before closing this parent.
functions/llabs.html	functions/llabs.html	labs	efe8ada9c85e27a0b4b34ee480cf1bc07a8583d10b96fe241b53e8be1e550349	13	0a50f1a2a6834928912e17ca6521ddbbda56832df9ced0bdfeff5e21cb816592	open	missing:q35_ring3_system_interfaces_clause_witnesses	Add exact Q35 Ring 3 witnesses for every required clause before closing this parent.
functions/lldiv.html	functions/lldiv.html	ldiv	169617cf91b989d3281a59e70585af5801540fb1981becb05f4ce3eb1eca031f	12	a94d48fba424850e1646f0f2e1b96aecebbc551949c941bc0311afeb2523a579	open	missing:q35_ring3_system_interfaces_clause_witnesses	Add exact Q35 Ring 3 witnesses for every required clause before closing this parent.
functions/llrint.html	functions/llrint.html	llrint	818f5aeec24ffe371058db412470d1f69580dcb0d9f289b82d84f4a0651f4fda	12	d7d1e8a335ec9ef51b3c7d565c2af30150a55b040332bc6e7b65208b4cf86ea4	open	missing:q35_ring3_system_interfaces_clause_witnesses	Add exact Q35 Ring 3 witnesses for every required clause before closing this parent.
functions/llrintf.html	functions/llrintf.html	llrint	818f5aeec24ffe371058db412470d1f69580dcb0d9f289b82d84f4a0651f4fda	12	d7d1e8a335ec9ef51b3c7d565c2af30150a55b040332bc6e7b65208b4cf86ea4	open	missing:q35_ring3_system_interfaces_clause_witnesses	Add exact Q35 Ring 3 witnesses for every required clause before closing this parent.
functions/llrintl.html	functions/llrintl.html	llrint	818f5aeec24ffe371058db412470d1f69580dcb0d9f289b82d84f4a0651f4fda	12	d7d1e8a335ec9ef51b3c7d565c2af30150a55b040332bc6e7b65208b4cf86ea4	open	missing:q35_ring3_system_interfaces_clause_witnesses	Add exact Q35 Ring 3 witnesses for every required clause before closing this parent.
functions/llround.html	functions/llround.html	llround	7dce5c606b9d08600591db054970569b1dfcafb77bd92b0506ce04ed4ec6cf7e	12	9967f03ba8d92a221f764f45f195b9d5afa9525835528c30d3c90c9cfd33adce	open	missing:q35_ring3_system_interfaces_clause_witnesses	Add exact Q35 Ring 3 witnesses for every required clause before closing this parent.
functions/llroundf.html	functions/llroundf.html	llround	7dce5c606b9d08600591db054970569b1dfcafb77bd92b0506ce04ed4ec6cf7e	12	9967f03ba8d92a221f764f45f195b9d5afa9525835528c30d3c90c9cfd33adce	open	missing:q35_ring3_system_interfaces_clause_witnesses	Add exact Q35 Ring 3 witnesses for every required clause before closing this parent.
functions/llroundl.html	functions/llroundl.html	llround	7dce5c606b9d08600591db054970569b1dfcafb77bd92b0506ce04ed4ec6cf7e	12	9967f03ba8d92a221f764f45f195b9d5afa9525835528c30d3c90c9cfd33adce	open	missing:q35_ring3_system_interfaces_clause_witnesses	Add exact Q35 Ring 3 witnesses for every required clause before closing this parent.
functions/localeconv.html	functions/localeconv.html	localeconv	8880ebcd6aee2eedde8fef34108b3e5b6aab00db2e3eea6f8d6af796c25047d5	13	546b3df47dd571fda59f29faa3aa87bf3895937b7d7e2a52e3e5ebb1b1ac493a	open	missing:q35_ring3_system_interfaces_clause_witnesses	Add exact Q35 Ring 3 witnesses for every required clause before closing this parent.
functions/localtime.html	functions/localtime.html	localtime	012f670f6c5ca9c46341b7df2e5d4e72cf4d6d4201c72b2f4ce85d248c655035	17	dfdf5ab4db3437405c0956552b15b9f2002db62a6629c9cd4389c167f686b263	open	missing:q35_ring3_system_interfaces_clause_witnesses	Add exact Q35 Ring 3 witnesses for every required clause before closing this parent.
functions/localtime_r.html	functions/localtime_r.html	localtime	012f670f6c5ca9c46341b7df2e5d4e72cf4d6d4201c72b2f4ce85d248c655035	17	dfdf5ab4db3437405c0956552b15b9f2002db62a6629c9cd4389c167f686b263	open	missing:q35_ring3_system_interfaces_clause_witnesses	Add exact Q35 Ring 3 witnesses for every required clause before closing this parent.
functions/lockf.html	functions/lockf.html	lockf	81256a7eb91db6cc92838d9e06d3e4dcf77ee3aa8efd5538f74b7ee59237a955	15	5e8162d133a0bdc9092c568a04eb5951d2565c66061dd1fc6ccac7df2041369a	open	missing:q35_ring3_system_interfaces_clause_witnesses	Add exact Q35 Ring 3 witnesses for every required clause before closing this parent.
functions/log.html	functions/log.html	log	9f8261447ff92f87368caf36a0fa3f391f95919f95eac84709f436221075d2f6	13	7df8535a3ac187fedba953e528e474e4c47ea70d23d818dfb3b78c4057aa6f3f	open	missing:q35_ring3_system_interfaces_clause_witnesses	Add exact Q35 Ring 3 witnesses for every required clause before closing this parent.
functions/log10.html	functions/log10.html	log10	836e8c36aa52b739646e7853768e26b0e964cdcc45b4f92bb02bfd27af10b16c	13	31df89a9ef4fe09d5906c395b22588f5b0df8d4431be85c283cdd19578856b22	open	missing:q35_ring3_system_interfaces_clause_witnesses	Add exact Q35 Ring 3 witnesses for every required clause before closing this parent.
functions/log10f.html	functions/log10f.html	log10	836e8c36aa52b739646e7853768e26b0e964cdcc45b4f92bb02bfd27af10b16c	13	31df89a9ef4fe09d5906c395b22588f5b0df8d4431be85c283cdd19578856b22	open	missing:q35_ring3_system_interfaces_clause_witnesses	Add exact Q35 Ring 3 witnesses for every required clause before closing this parent.
functions/log10l.html	functions/log10l.html	log10	836e8c36aa52b739646e7853768e26b0e964cdcc45b4f92bb02bfd27af10b16c	13	31df89a9ef4fe09d5906c395b22588f5b0df8d4431be85c283cdd19578856b22	open	missing:q35_ring3_system_interfaces_clause_witnesses	Add exact Q35 Ring 3 witnesses for every required clause before closing this parent.
functions/log1p.html	functions/log1p.html	log1p	e5cf3a698877f1f92a38be6c827e486292c1d8e4ed8572aedaadbe4708e4bb66	14	bef3813a1e14e95758816e2bfd281d6b442d05a92b13517a8b19296639e2e124	open	missing:q35_ring3_system_interfaces_clause_witnesses	Add exact Q35 Ring 3 witnesses for every required clause before closing this parent.
functions/log1pf.html	functions/log1pf.html	log1p	e5cf3a698877f1f92a38be6c827e486292c1d8e4ed8572aedaadbe4708e4bb66	14	bef3813a1e14e95758816e2bfd281d6b442d05a92b13517a8b19296639e2e124	open	missing:q35_ring3_system_interfaces_clause_witnesses	Add exact Q35 Ring 3 witnesses for every required clause before closing this parent.
functions/log1pl.html	functions/log1pl.html	log1p	e5cf3a698877f1f92a38be6c827e486292c1d8e4ed8572aedaadbe4708e4bb66	14	bef3813a1e14e95758816e2bfd281d6b442d05a92b13517a8b19296639e2e124	open	missing:q35_ring3_system_interfaces_clause_witnesses	Add exact Q35 Ring 3 witnesses for every required clause before closing this parent.
functions/log2.html	functions/log2.html	log2	9321f33b26019fd9330366ec02242022609e97e0679eae444e69945d96f3e500	11	a97d23fd83877fcea8439604bc83281b05fee1095f51659c7fc45d56bc5766b2	open	missing:q35_ring3_system_interfaces_clause_witnesses	Add exact Q35 Ring 3 witnesses for every required clause before closing this parent.
functions/log2f.html	functions/log2f.html	log2	9321f33b26019fd9330366ec02242022609e97e0679eae444e69945d96f3e500	11	a97d23fd83877fcea8439604bc83281b05fee1095f51659c7fc45d56bc5766b2	open	missing:q35_ring3_system_interfaces_clause_witnesses	Add exact Q35 Ring 3 witnesses for every required clause before closing this parent.
functions/log2l.html	functions/log2l.html	log2	9321f33b26019fd9330366ec02242022609e97e0679eae444e69945d96f3e500	11	a97d23fd83877fcea8439604bc83281b05fee1095f51659c7fc45d56bc5766b2	open	missing:q35_ring3_system_interfaces_clause_witnesses	Add exact Q35 Ring 3 witnesses for every required clause before closing this parent.
functions/logb.html	functions/logb.html	logb	7a2d1ee3260fbb4a532adc610c5b012aa26363c06f2d3f7a9cfe2eb0d61559f9	14	4fb1999e46d0aa20414e09eeb340e841d41fa74286c7c12e1c8e4df960758927	open	missing:q35_ring3_system_interfaces_clause_witnesses	Add exact Q35 Ring 3 witnesses for every required clause before closing this parent.
functions/logbf.html	functions/logbf.html	logb	7a2d1ee3260fbb4a532adc610c5b012aa26363c06f2d3f7a9cfe2eb0d61559f9	14	4fb1999e46d0aa20414e09eeb340e841d41fa74286c7c12e1c8e4df960758927	open	missing:q35_ring3_system_interfaces_clause_witnesses	Add exact Q35 Ring 3 witnesses for every required clause before closing this parent.
functions/logbl.html	functions/logbl.html	logb	7a2d1ee3260fbb4a532adc610c5b012aa26363c06f2d3f7a9cfe2eb0d61559f9	14	4fb1999e46d0aa20414e09eeb340e841d41fa74286c7c12e1c8e4df960758927	open	missing:q35_ring3_system_interfaces_clause_witnesses	Add exact Q35 Ring 3 witnesses for every required clause before closing this parent.
functions/logf.html	functions/logf.html	log	9f8261447ff92f87368caf36a0fa3f391f95919f95eac84709f436221075d2f6	13	7df8535a3ac187fedba953e528e474e4c47ea70d23d818dfb3b78c4057aa6f3f	open	missing:q35_ring3_system_interfaces_clause_witnesses	Add exact Q35 Ring 3 witnesses for every required clause before closing this parent.
functions/logl.html	functions/logl.html	log	9f8261447ff92f87368caf36a0fa3f391f95919f95eac84709f436221075d2f6	13	7df8535a3ac187fedba953e528e474e4c47ea70d23d818dfb3b78c4057aa6f3f	open	missing:q35_ring3_system_interfaces_clause_witnesses	Add exact Q35 Ring 3 witnesses for every required clause before closing this parent.
functions/longjmp.html	functions/longjmp.html	longjmp	ecbb146c52d252c87e286bf252d11a01f992f7eebd2b72919a2a4c694bf6eb0b	14	d8e96e0ae428bc5b96a59bf2f09d7c09f14d9740b3307b3c3d61c77865a3970c	open	missing:q35_ring3_system_interfaces_clause_witnesses	Add exact Q35 Ring 3 witnesses for every required clause before closing this parent.
functions/lrand48.html	functions/lrand48.html	drand48	4dab62b21b52200f41a4aac85491c82f351ffc79e5dcd8dceab7d572aef8761d	14	674357d1cc0477d1cd59ae6636cea9a6d9af106fb896eff2b134f3e7be33cada	open	missing:q35_ring3_system_interfaces_clause_witnesses	Add exact Q35 Ring 3 witnesses for every required clause before closing this parent.
functions/lrint.html	functions/lrint.html	lrint	8543d3b48c0f08c00ce11e9f0549e8f8e5e25c2d7f4a82fe5902ae779e3818d5	12	0895e26513e56a2168950cafa547564ac36e8729c3bfdf9a410c98e19cd084d3	open	missing:q35_ring3_system_interfaces_clause_witnesses	Add exact Q35 Ring 3 witnesses for every required clause before closing this parent.
functions/lrintf.html	functions/lrintf.html	lrint	8543d3b48c0f08c00ce11e9f0549e8f8e5e25c2d7f4a82fe5902ae779e3818d5	12	0895e26513e56a2168950cafa547564ac36e8729c3bfdf9a410c98e19cd084d3	open	missing:q35_ring3_system_interfaces_clause_witnesses	Add exact Q35 Ring 3 witnesses for every required clause before closing this parent.
functions/lrintl.html	functions/lrintl.html	lrint	8543d3b48c0f08c00ce11e9f0549e8f8e5e25c2d7f4a82fe5902ae779e3818d5	12	0895e26513e56a2168950cafa547564ac36e8729c3bfdf9a410c98e19cd084d3	open	missing:q35_ring3_system_interfaces_clause_witnesses	Add exact Q35 Ring 3 witnesses for every required clause before closing this parent.
functions/lround.html	functions/lround.html	lround	fa77bb04377d7429eea1dab301d04a17776e6a013fd8e99f22a69aff4b7d65cf	12	a1bcb597b2fd3651691fa80f4110ced2c4d5f9920f52720617753d50c74b0a37	open	missing:q35_ring3_system_interfaces_clause_witnesses	Add exact Q35 Ring 3 witnesses for every required clause before closing this parent.
functions/lroundf.html	functions/lroundf.html	lround	fa77bb04377d7429eea1dab301d04a17776e6a013fd8e99f22a69aff4b7d65cf	12	a1bcb597b2fd3651691fa80f4110ced2c4d5f9920f52720617753d50c74b0a37	open	missing:q35_ring3_system_interfaces_clause_witnesses	Add exact Q35 Ring 3 witnesses for every required clause before closing this parent.
functions/lroundl.html	functions/lroundl.html	lround	fa77bb04377d7429eea1dab301d04a17776e6a013fd8e99f22a69aff4b7d65cf	12	a1bcb597b2fd3651691fa80f4110ced2c4d5f9920f52720617753d50c74b0a37	open	missing:q35_ring3_system_interfaces_clause_witnesses	Add exact Q35 Ring 3 witnesses for every required clause before closing this parent.
functions/lsearch.html	functions/lsearch.html	lsearch	39265bb49115f5af5b05030cbe6385140408bc3a5851c0252dc2a2a2179865d9	14	f347db512f4b9ecf50160c1134d73754d38c8bb5baf0ee042a92c26df9b96884	open	missing:q35_ring3_system_interfaces_clause_witnesses	Add exact Q35 Ring 3 witnesses for every required clause before closing this parent.
functions/lseek.html	functions/lseek.html	lseek	0fe878991d16fdd8b20bba256be832a0b23e4474f8b6996793f9778adbbacc37	14	e924e631436014c98156249c517acc0fcdf244225b212e81b48711692e9e78ce	open	missing:q35_ring3_system_interfaces_clause_witnesses	Add exact Q35 Ring 3 witnesses for every required clause before closing this parent.
functions/lstat.html	functions/lstat.html	fstatat	b499f14533366e32e0e37f832ad1150422ad11d2b99d85dfb45be04384e2c620	17	ef22fee9e2b2071bd7850f2d7577c2cf79c391d4f4debb76e580c63c4f3c0f0c	open	missing:q35_ring3_system_interfaces_clause_witnesses	Add exact Q35 Ring 3 witnesses for every required clause before closing this parent.
functions/malloc.html	functions/malloc.html	malloc	792e29f142a93a8ef902c220f4470264531fc4a21f7efa8bdd8a7f980340d74e	13	f4d21a40ce596cb05de842305b53cb56279b6fe1f43479e371b7d1f56e1efd3b	open	missing:q35_ring3_system_interfaces_clause_witnesses	Add exact Q35 Ring 3 witnesses for every required clause before closing this parent.
functions/mblen.html	functions/mblen.html	mblen	ab28c828a96efc1ab82a4446d1c0642d57969bd1973e6dddb3843ba7689bc79f	12	785e8167488be51f43f7780926cb6079468c227fb0c4a2cf9d5578e84773f430	open	missing:q35_ring3_system_interfaces_clause_witnesses	Add exact Q35 Ring 3 witnesses for every required clause before closing this parent.
functions/mbrlen.html	functions/mbrlen.html	mbrlen	90a249de5cc93e02d32ab949178542265e2b9a56e6bd0a812b53a4c4a8c70fe9	13	e8ad2d28ade6dcce379df8a425e3bb87fee0ed2b70e98bb9bf8d787ad996e1b1	open	missing:q35_ring3_system_interfaces_clause_witnesses	Add exact Q35 Ring 3 witnesses for every required clause before closing this parent.
functions/mbrtowc.html	functions/mbrtowc.html	mbrtowc	5c889852cc963ccb7d8ceca01d2d780fb72fbcdc0fc133419269646c32dabe2a	13	b268fef3d365dbfbad61b5a25b17db2a56784d4a99f1d89e6b6fb709c1c8d765	open	missing:q35_ring3_system_interfaces_clause_witnesses	Add exact Q35 Ring 3 witnesses for every required clause before closing this parent.
functions/mbsinit.html	functions/mbsinit.html	mbsinit	8c9668cfb3cb0f00cb1c84d08e0243cb742197a505f2b792a4b4c9e1e4ae5862	11	c74a3af7c75ddc7524d9be0ed17886b4ab1774b95a5eed71329464e8076f4261	open	missing:q35_ring3_system_interfaces_clause_witnesses	Add exact Q35 Ring 3 witnesses for every required clause before closing this parent.
functions/mbsnrtowcs.html	functions/mbsnrtowcs.html	mbsrtowcs	94c43acfc52907f5c4d004c0941ecf529c75aa3476e1f3de8d47cb29b6e54dbc	13	3b56938988f527196679aba823c8419e4206c84d2746a3aab399ff1862f82256	open	missing:q35_ring3_system_interfaces_clause_witnesses	Add exact Q35 Ring 3 witnesses for every required clause before closing this parent.
functions/mbsrtowcs.html	functions/mbsrtowcs.html	mbsrtowcs	94c43acfc52907f5c4d004c0941ecf529c75aa3476e1f3de8d47cb29b6e54dbc	13	3b56938988f527196679aba823c8419e4206c84d2746a3aab399ff1862f82256	open	missing:q35_ring3_system_interfaces_clause_witnesses	Add exact Q35 Ring 3 witnesses for every required clause before closing this parent.
functions/mbstowcs.html	functions/mbstowcs.html	mbstowcs	2aae698f8c89e2c92949741232b0f6147c0b445942a94355d1ffd67a4428706c	13	c2d94df90ea9665eccc7920a492c8f58b220db8955f59635b889043b961c98b4	open	missing:q35_ring3_system_interfaces_clause_witnesses	Add exact Q35 Ring 3 witnesses for every required clause before closing this parent.
functions/mbtowc.html	functions/mbtowc.html	mbtowc	0c4b1ca1f2d48d2726b6cba4a5b1e4800b91b8d8e04766f68b4ee56fd75f1e28	13	a27769a8ac02bd3276e1a9253a0206cd842a5124a7579d53479ffc18c1ef867d	open	missing:q35_ring3_system_interfaces_clause_witnesses	Add exact Q35 Ring 3 witnesses for every required clause before closing this parent.
functions/memccpy.html	functions/memccpy.html	memccpy	3e399d712aa7925ba001bee4ed1b66933e3c39111b3cb78e365e100406376b6e	12	e990c0493191631e1df4bdd55bcff37fb850c273ee5361a77d0d239953be0e45	open	missing:q35_ring3_system_interfaces_clause_witnesses	Add exact Q35 Ring 3 witnesses for every required clause before closing this parent.
functions/memchr.html	functions/memchr.html	memchr	e1c9878223270ee9b910e33171f9cbbd546358acf512ecd181cfd578d546f1d9	12	82de7fb98f2177ae869dac2444e837f1fa861352cea586fb575fe232d8bf4215	open	missing:q35_ring3_system_interfaces_clause_witnesses	Add exact Q35 Ring 3 witnesses for every required clause before closing this parent.
functions/memcmp.html	functions/memcmp.html	memcmp	29ea8810d2fc8f04246449828bf570f3246375b3734cc7c18232d10d58294f6b	11	26f1e562091f86c21347be3109990990c41b8658e3c471aef743c55e6c6502a6	open	missing:q35_ring3_system_interfaces_clause_witnesses	Add exact Q35 Ring 3 witnesses for every required clause before closing this parent.
functions/memcpy.html	functions/memcpy.html	memcpy	220c909abbace7ed526fe8c32692b7dab12ca956fe069c2d2bc636c597342b3c	12	4beea170cf8d2b8acee1829439bf658c86f15c9fd8ae6c669038acf7a975ce55	open	missing:q35_ring3_system_interfaces_clause_witnesses	Add exact Q35 Ring 3 witnesses for every required clause before closing this parent.
functions/memmove.html	functions/memmove.html	memmove	c3727f7a3af9e1d7cc90cd19fb5b3200bf0656197722c483ba4cd4c9f4d6dc85	11	c77d1e4d949535c0db924ed622df1967f0dd14f12c3f87936a1043305482d934	open	missing:q35_ring3_system_interfaces_clause_witnesses	Add exact Q35 Ring 3 witnesses for every required clause before closing this parent.
functions/memset.html	functions/memset.html	memset	750ff968eaa6b29a9ec25e7938a079f34f32623792fecb5cde44a7684f9b9ca7	11	08b046a5c0c9a3708394d90eb3c05da78076966164f6784518264366e2860382	open	missing:q35_ring3_system_interfaces_clause_witnesses	Add exact Q35 Ring 3 witnesses for every required clause before closing this parent.
functions/mkdir.html	functions/mkdir.html	mkdir	d31604469c5e6f401930f359c6fdd2f2e2e7107edf3e25d7ff5e687514e681ae	14	93b02e6014944d307a3ee0f99cabbdb2f259599130c8e8dccac86d7667419a03	open	missing:q35_ring3_system_interfaces_clause_witnesses	Add exact Q35 Ring 3 witnesses for every required clause before closing this parent.
functions/mkdirat.html	functions/mkdirat.html	mkdir	d31604469c5e6f401930f359c6fdd2f2e2e7107edf3e25d7ff5e687514e681ae	14	93b02e6014944d307a3ee0f99cabbdb2f259599130c8e8dccac86d7667419a03	open	missing:q35_ring3_system_interfaces_clause_witnesses	Add exact Q35 Ring 3 witnesses for every required clause before closing this parent.
functions/mkdtemp.html	functions/mkdtemp.html	mkdtemp	211ff38ce9f8a9104fae3abdf4875bca2586df1dd7bc04cc5f8154026c94188f	14	fd4abd0db5a2c479d4596d3e0ea600495b4d09f339367062ac006a03b3c57a1f	open	missing:q35_ring3_system_interfaces_clause_witnesses	Add exact Q35 Ring 3 witnesses for every required clause before closing this parent.
functions/mkfifo.html	functions/mkfifo.html	mkfifo	e8d0984c2cda99d9a684c6ab2a656983e47f6936def31c34f4b166c2ce78fb1f	14	a3413167295778967d59112fda4b560414eb01fcc247bd4430f3de35d89f181e	open	missing:q35_ring3_system_interfaces_clause_witnesses	Add exact Q35 Ring 3 witnesses for every required clause before closing this parent.
functions/mkfifoat.html	functions/mkfifoat.html	mkfifo	e8d0984c2cda99d9a684c6ab2a656983e47f6936def31c34f4b166c2ce78fb1f	14	a3413167295778967d59112fda4b560414eb01fcc247bd4430f3de35d89f181e	open	missing:q35_ring3_system_interfaces_clause_witnesses	Add exact Q35 Ring 3 witnesses for every required clause before closing this parent.
functions/mknod.html	functions/mknod.html	mknod	7647309dae761a0d5bb7c96fc06020c61e938194cc3888b6de217976f8c348b1	15	943d9c1e034886ba58b615b74bcb07f74cb61ffab4de6b3adec47e5281244aae	open	missing:q35_ring3_system_interfaces_clause_witnesses	Add exact Q35 Ring 3 witnesses for every required clause before closing this parent.
functions/mknodat.html	functions/mknodat.html	mknod	7647309dae761a0d5bb7c96fc06020c61e938194cc3888b6de217976f8c348b1	15	943d9c1e034886ba58b615b74bcb07f74cb61ffab4de6b3adec47e5281244aae	open	missing:q35_ring3_system_interfaces_clause_witnesses	Add exact Q35 Ring 3 witnesses for every required clause before closing this parent.
functions/mkstemp.html	functions/mkstemp.html	mkdtemp	211ff38ce9f8a9104fae3abdf4875bca2586df1dd7bc04cc5f8154026c94188f	14	fd4abd0db5a2c479d4596d3e0ea600495b4d09f339367062ac006a03b3c57a1f	open	missing:q35_ring3_system_interfaces_clause_witnesses	Add exact Q35 Ring 3 witnesses for every required clause before closing this parent.
functions/mktime.html	functions/mktime.html	mktime	a5c5bab2db05bca69fc6329e5dc65be1296427d595021664b55367ba91d0b13d	13	c995a9be48bcae7e438127e68e111ea55ebe695f24d6af511265d3b858b7d2b4	open	missing:q35_ring3_system_interfaces_clause_witnesses	Add exact Q35 Ring 3 witnesses for every required clause before closing this parent.
functions/mlock.html	functions/mlock.html	mlock	b1b077a859cbb6a8bb46b4a6f233aeb222180a66b12f1e8bebc787847ba9f8b6	12	2bf4619c022d2f88d11d716dd2d480eea5a841a19719cb5a0da22ab52ca54bc2	open	missing:q35_ring3_system_interfaces_clause_witnesses	Add exact Q35 Ring 3 witnesses for every required clause before closing this parent.
functions/mlockall.html	functions/mlockall.html	mlockall	80780dd88ce26682162a0408e62277610c1a29d4f5c76015e5e16356248164f4	12	4a92bb19f151d446798a9841b237574d4e5093b1e8fb7e83f8ad0d42013c25c9	open	missing:q35_ring3_system_interfaces_clause_witnesses	Add exact Q35 Ring 3 witnesses for every required clause before closing this parent.
functions/mmap.html	functions/mmap.html	mmap	d0f42072054921b1d26609794e0fa83df53a1eef2e4353ae4dfa66b61070a817	14	477b80c23031037aaf70583c42673c41f9e7843ae0abc6523a19f2670c8cbf98	open	missing:q35_ring3_system_interfaces_clause_witnesses	Add exact Q35 Ring 3 witnesses for every required clause before closing this parent.
functions/modf.html	functions/modf.html	modf	497155b68d2bb9fc89097ec6304ed51304a366dcada8219e7e4dc8646c870060	13	98aa339a98ca4378b3765dd755a2247404a72f95d7d538496910f1f808ce1c28	open	missing:q35_ring3_system_interfaces_clause_witnesses	Add exact Q35 Ring 3 witnesses for every required clause before closing this parent.
functions/modff.html	functions/modff.html	modf	497155b68d2bb9fc89097ec6304ed51304a366dcada8219e7e4dc8646c870060	13	98aa339a98ca4378b3765dd755a2247404a72f95d7d538496910f1f808ce1c28	open	missing:q35_ring3_system_interfaces_clause_witnesses	Add exact Q35 Ring 3 witnesses for every required clause before closing this parent.
functions/modfl.html	functions/modfl.html	modf	497155b68d2bb9fc89097ec6304ed51304a366dcada8219e7e4dc8646c870060	13	98aa339a98ca4378b3765dd755a2247404a72f95d7d538496910f1f808ce1c28	open	missing:q35_ring3_system_interfaces_clause_witnesses	Add exact Q35 Ring 3 witnesses for every required clause before closing this parent.
functions/mprotect.html	functions/mprotect.html	mprotect	8f718b4aa60878e2557480edf6cb790a35089907df5b9ad2a18c44da028e5f17	14	008735543809e0613e1a67cc9ddba54263eeb9ac65338da3626c924ccdaeecb8	open	missing:q35_ring3_system_interfaces_clause_witnesses	Add exact Q35 Ring 3 witnesses for every required clause before closing this parent.
functions/mq_close.html	functions/mq_close.html	mq_close	d4946a60dd07ab9bca520db64d15f6f660aca6531cecec12dd4f67910a043474	12	d26776bcc56addde03a32c9f71b185ea8c5df236b30eacb44ff88e5e406d966c	open	missing:q35_ring3_system_interfaces_clause_witnesses	Add exact Q35 Ring 3 witnesses for every required clause before closing this parent.
functions/mq_getattr.html	functions/mq_getattr.html	mq_getattr	78e64fcff180b233a91fc79f7409ff85e4aa0f8865ebf79ae88be05bfc027ed7	12	88925c4cedc39d2b45de2d430cd502376a7755c738f28dd107494f81e484f4fd	open	missing:q35_ring3_system_interfaces_clause_witnesses	Add exact Q35 Ring 3 witnesses for every required clause before closing this parent.
functions/mq_notify.html	functions/mq_notify.html	mq_notify	8b31b735661c229e0282abdfce3aa23eb412776536c9be37f3a780f45d3dd249	13	e6eeadd416488898f499666327a438fbed628a10839e4a88ac8eba62c8cb0140	open	missing:q35_ring3_system_interfaces_clause_witnesses	Add exact Q35 Ring 3 witnesses for every required clause before closing this parent.
functions/mq_open.html	functions/mq_open.html	mq_open	fa6d7b081bf4e11dbf719e89cbd6d40c3ddb93a6e537c0af4845c978d8999cfb	13	64ada6c6ad1b9bc6194fe1e52cad3a2014b3de48fe69dca02af3630672fa40a0	open	missing:q35_ring3_system_interfaces_clause_witnesses	Add exact Q35 Ring 3 witnesses for every required clause before closing this parent.
functions/mq_receive.html	functions/mq_receive.html	mq_receive	1393288f72d663f6c822d0c508fd91d945edcac485a0d0df2e68eaad71f2db5c	13	9b9f988a1cb79dc5ed831ab8a9990aa6b7f13716e6c7d50bf23a040ca5f6d5d7	open	missing:q35_ring3_system_interfaces_clause_witnesses	Add exact Q35 Ring 3 witnesses for every required clause before closing this parent.
functions/mq_send.html	functions/mq_send.html	mq_send	e9a9fce62475b8c55be62fe1ce2b58dba5a8352585c9edb3e697012d89a6a543	13	0354ec1def2fe7f282ee1e5de824b2fa4f775e58a86807566989cac4683ecee6	open	missing:q35_ring3_system_interfaces_clause_witnesses	Add exact Q35 Ring 3 witnesses for every required clause before closing this parent.
functions/mq_setattr.html	functions/mq_setattr.html	mq_setattr	a1fa23cd8727629ed9cd3b9d8a9aace7335e80fb1a67adaa6bf1b5408f6e38e0	12	d103d0bbd56c46da8af64f7f06ca289077d68d4f6ed40fb809179d9855cd4497	open	missing:q35_ring3_system_interfaces_clause_witnesses	Add exact Q35 Ring 3 witnesses for every required clause before closing this parent.
functions/mq_timedreceive.html	functions/mq_timedreceive.html	mq_receive	1393288f72d663f6c822d0c508fd91d945edcac485a0d0df2e68eaad71f2db5c	13	9b9f988a1cb79dc5ed831ab8a9990aa6b7f13716e6c7d50bf23a040ca5f6d5d7	open	missing:q35_ring3_system_interfaces_clause_witnesses	Add exact Q35 Ring 3 witnesses for every required clause before closing this parent.
functions/mq_timedsend.html	functions/mq_timedsend.html	mq_send	e9a9fce62475b8c55be62fe1ce2b58dba5a8352585c9edb3e697012d89a6a543	13	0354ec1def2fe7f282ee1e5de824b2fa4f775e58a86807566989cac4683ecee6	open	missing:q35_ring3_system_interfaces_clause_witnesses	Add exact Q35 Ring 3 witnesses for every required clause before closing this parent.
functions/mq_unlink.html	functions/mq_unlink.html	mq_unlink	34c11abdace7ebdedf9d184db7efd9da5a5700bc0157c8d7357bff77699d6143	13	13eb876aca7653ebaf479eb0ce4a1f1adaaa4a31a8690ff1dcdce19dd222db26	open	missing:q35_ring3_system_interfaces_clause_witnesses	Add exact Q35 Ring 3 witnesses for every required clause before closing this parent.
functions/mrand48.html	functions/mrand48.html	drand48	4dab62b21b52200f41a4aac85491c82f351ffc79e5dcd8dceab7d572aef8761d	14	674357d1cc0477d1cd59ae6636cea9a6d9af106fb896eff2b134f3e7be33cada	open	missing:q35_ring3_system_interfaces_clause_witnesses	Add exact Q35 Ring 3 witnesses for every required clause before closing this parent.
functions/msgctl.html	functions/msgctl.html	msgctl	f4e4c98766cfca1d0c7c20ede36a071094965e969c5a99594b8cd74377f3539f	13	6f013674532cc8481d728a172b88ca3bd1682d841bfcc968ee96c0ac2eae5e14	open	missing:q35_ring3_system_interfaces_clause_witnesses	Add exact Q35 Ring 3 witnesses for every required clause before closing this parent.
functions/msgget.html	functions/msgget.html	msgget	df1a8ef2a1f9485eccfd994189fbd551f4878c6af4b3ba81650feee6f8c67048	13	e85f54f2ba35aeb03b2b8c30b8bb3e3a26980a52a25b79eb084c967ac0248aea	open	missing:q35_ring3_system_interfaces_clause_witnesses	Add exact Q35 Ring 3 witnesses for every required clause before closing this parent.
functions/msgrcv.html	functions/msgrcv.html	msgrcv	9ab28ca7d5f1835a59fa0dcc550f42d9ca19fb7647127a4702c2c7607e369d51	15	890c6c26cb1d9cea6b6a8a91c33286cf68f0acb911e17513f7e6dc6a32270391	open	missing:q35_ring3_system_interfaces_clause_witnesses	Add exact Q35 Ring 3 witnesses for every required clause before closing this parent.
functions/msgsnd.html	functions/msgsnd.html	msgsnd	22814a4e89ec168419896f7ff157e68da7ca80379f981a6b172133e4873425f9	15	dfc7efa7439646ce5305a82de89cc92ffd89fabe0698e48208ddeeaca0fd67a4	open	missing:q35_ring3_system_interfaces_clause_witnesses	Add exact Q35 Ring 3 witnesses for every required clause before closing this parent.
functions/msync.html	functions/msync.html	msync	bb7cd5893a5cb2b3031a26fd8ecf095a9bef5af3435b0ad9bd6b96e9f7256884	14	46702ce9d7ae0f489d712d361303b3b86120086795da69fe6faf5770ee62a632	open	missing:q35_ring3_system_interfaces_clause_witnesses	Add exact Q35 Ring 3 witnesses for every required clause before closing this parent.
functions/munlock.html	functions/munlock.html	mlock	b1b077a859cbb6a8bb46b4a6f233aeb222180a66b12f1e8bebc787847ba9f8b6	12	2bf4619c022d2f88d11d716dd2d480eea5a841a19719cb5a0da22ab52ca54bc2	open	missing:q35_ring3_system_interfaces_clause_witnesses	Add exact Q35 Ring 3 witnesses for every required clause before closing this parent.
functions/munlockall.html	functions/munlockall.html	mlockall	80780dd88ce26682162a0408e62277610c1a29d4f5c76015e5e16356248164f4	12	4a92bb19f151d446798a9841b237574d4e5093b1e8fb7e83f8ad0d42013c25c9	open	missing:q35_ring3_system_interfaces_clause_witnesses	Add exact Q35 Ring 3 witnesses for every required clause before closing this parent.
functions/munmap.html	functions/munmap.html	munmap	59f63706c1b61688cff16666b42fb56feab601177d3dd2a8ee73798dcbe882ef	14	a73f57bc77abe91ac103eecaf5321293a19573a5dfd4a39a4efbb4185fee5210	open	missing:q35_ring3_system_interfaces_clause_witnesses	Add exact Q35 Ring 3 witnesses for every required clause before closing this parent.
functions/nan.html	functions/nan.html	nan	cb54b1fa6da2c8c9e67a529583c23f8652316b300c2d74c442e285d1726fdf98	11	977a819ada0ae138add4ad3e59898605baa790b9e624eabafe389da5946e3882	open	missing:q35_ring3_system_interfaces_clause_witnesses	Add exact Q35 Ring 3 witnesses for every required clause before closing this parent.
functions/nanf.html	functions/nanf.html	nan	cb54b1fa6da2c8c9e67a529583c23f8652316b300c2d74c442e285d1726fdf98	11	977a819ada0ae138add4ad3e59898605baa790b9e624eabafe389da5946e3882	open	missing:q35_ring3_system_interfaces_clause_witnesses	Add exact Q35 Ring 3 witnesses for every required clause before closing this parent.
functions/nanl.html	functions/nanl.html	nan	cb54b1fa6da2c8c9e67a529583c23f8652316b300c2d74c442e285d1726fdf98	11	977a819ada0ae138add4ad3e59898605baa790b9e624eabafe389da5946e3882	open	missing:q35_ring3_system_interfaces_clause_witnesses	Add exact Q35 Ring 3 witnesses for every required clause before closing this parent.
functions/nanosleep.html	functions/nanosleep.html	nanosleep	0fd2537ab4ded87ed03de9fbadcfaa8df77858b7d2c9fe5c6f44cc60e499f985	13	910745865b19fd14c11802d07fea6d7cee6eafb1623040aabde1112e1018c673	open	missing:q35_ring3_system_interfaces_clause_witnesses	Add exact Q35 Ring 3 witnesses for every required clause before closing this parent.
functions/nearbyint.html	functions/nearbyint.html	nearbyint	ad87a3cf69a1e054a189d0ebc5e83270299422df651f3da0f4c20ce39889b7a1	12	f22df60e807b310cea817a19d19ef77f659e17cf5c8dc2d9b35ad989d3a99cc8	open	missing:q35_ring3_system_interfaces_clause_witnesses	Add exact Q35 Ring 3 witnesses for every required clause before closing this parent.
functions/nearbyintf.html	functions/nearbyintf.html	nearbyint	ad87a3cf69a1e054a189d0ebc5e83270299422df651f3da0f4c20ce39889b7a1	12	f22df60e807b310cea817a19d19ef77f659e17cf5c8dc2d9b35ad989d3a99cc8	open	missing:q35_ring3_system_interfaces_clause_witnesses	Add exact Q35 Ring 3 witnesses for every required clause before closing this parent.
functions/nearbyintl.html	functions/nearbyintl.html	nearbyint	ad87a3cf69a1e054a189d0ebc5e83270299422df651f3da0f4c20ce39889b7a1	12	f22df60e807b310cea817a19d19ef77f659e17cf5c8dc2d9b35ad989d3a99cc8	open	missing:q35_ring3_system_interfaces_clause_witnesses	Add exact Q35 Ring 3 witnesses for every required clause before closing this parent.
functions/newlocale.html	functions/newlocale.html	newlocale	d4fe50b6c279f68ede9d9e08b648f55879088c44b3400a57e3a710a1683a8b6f	13	f0afedae709ce4d42bb8a168d0b0806740d0404dfa359decf9c5a1d5fdbfefdc	open	missing:q35_ring3_system_interfaces_clause_witnesses	Add exact Q35 Ring 3 witnesses for every required clause before closing this parent.
functions/nextafter.html	functions/nextafter.html	nextafter	da5b2d8a4a2241d96b3685431ff5713ac190c820ef19fedcecab779df449f827	14	2bd638f305382713d7feafd372fd21fe3a966e382c9fb1aa486a763df6fa4ad3	open	missing:q35_ring3_system_interfaces_clause_witnesses	Add exact Q35 Ring 3 witnesses for every required clause before closing this parent.
functions/nextafterf.html	functions/nextafterf.html	nextafter	da5b2d8a4a2241d96b3685431ff5713ac190c820ef19fedcecab779df449f827	14	2bd638f305382713d7feafd372fd21fe3a966e382c9fb1aa486a763df6fa4ad3	open	missing:q35_ring3_system_interfaces_clause_witnesses	Add exact Q35 Ring 3 witnesses for every required clause before closing this parent.
functions/nextafterl.html	functions/nextafterl.html	nextafter	da5b2d8a4a2241d96b3685431ff5713ac190c820ef19fedcecab779df449f827	14	2bd638f305382713d7feafd372fd21fe3a966e382c9fb1aa486a763df6fa4ad3	open	missing:q35_ring3_system_interfaces_clause_witnesses	Add exact Q35 Ring 3 witnesses for every required clause before closing this parent.
functions/nexttoward.html	functions/nexttoward.html	nextafter	da5b2d8a4a2241d96b3685431ff5713ac190c820ef19fedcecab779df449f827	14	2bd638f305382713d7feafd372fd21fe3a966e382c9fb1aa486a763df6fa4ad3	open	missing:q35_ring3_system_interfaces_clause_witnesses	Add exact Q35 Ring 3 witnesses for every required clause before closing this parent.
functions/nexttowardf.html	functions/nexttowardf.html	nextafter	da5b2d8a4a2241d96b3685431ff5713ac190c820ef19fedcecab779df449f827	14	2bd638f305382713d7feafd372fd21fe3a966e382c9fb1aa486a763df6fa4ad3	open	missing:q35_ring3_system_interfaces_clause_witnesses	Add exact Q35 Ring 3 witnesses for every required clause before closing this parent.
functions/nexttowardl.html	functions/nexttowardl.html	nextafter	da5b2d8a4a2241d96b3685431ff5713ac190c820ef19fedcecab779df449f827	14	2bd638f305382713d7feafd372fd21fe3a966e382c9fb1aa486a763df6fa4ad3	open	missing:q35_ring3_system_interfaces_clause_witnesses	Add exact Q35 Ring 3 witnesses for every required clause before closing this parent.
functions/nftw.html	functions/nftw.html	nftw	54787c24a70dc054ed8830c66ef3ae93ab3915f2343f19c2c49535545b907cf5	14	b06010c3320d177a9e3dfcb4e0528ea3cb533806b8767d64383182d76c9a97c0	open	missing:q35_ring3_system_interfaces_clause_witnesses	Add exact Q35 Ring 3 witnesses for every required clause before closing this parent.
functions/nice.html	functions/nice.html	nice	fe84fa34d8c5adb2fff52c56bf5d116d084103b7e257a8f26430f79b4b9a8b37	13	15e3c3d6a2af14b18fb3d82073aa6b9926a2b8257bb3146aa9de9f7f4fc9e85a	open	missing:q35_ring3_system_interfaces_clause_witnesses	Add exact Q35 Ring 3 witnesses for every required clause before closing this parent.
functions/nl_langinfo.html	functions/nl_langinfo.html	nl_langinfo	405f7366bb9281ad04a676f68aa6142cb55bd928751865a4f7ade00ed4f0816f	14	d53c6b8917fb9598495127ad325fea8a62c20a1fcedd275f92fa4fb654354d77	open	missing:q35_ring3_system_interfaces_clause_witnesses	Add exact Q35 Ring 3 witnesses for every required clause before closing this parent.
functions/nl_langinfo_l.html	functions/nl_langinfo_l.html	nl_langinfo	405f7366bb9281ad04a676f68aa6142cb55bd928751865a4f7ade00ed4f0816f	14	d53c6b8917fb9598495127ad325fea8a62c20a1fcedd275f92fa4fb654354d77	open	missing:q35_ring3_system_interfaces_clause_witnesses	Add exact Q35 Ring 3 witnesses for every required clause before closing this parent.
functions/nrand48.html	functions/nrand48.html	drand48	4dab62b21b52200f41a4aac85491c82f351ffc79e5dcd8dceab7d572aef8761d	14	674357d1cc0477d1cd59ae6636cea9a6d9af106fb896eff2b134f3e7be33cada	open	missing:q35_ring3_system_interfaces_clause_witnesses	Add exact Q35 Ring 3 witnesses for every required clause before closing this parent.
functions/ntohl.html	functions/ntohl.html	htonl	f6e3f319b764f89bac067ff0ba2f615029ccddb1a85ffe0579d3a1253579551c	11	c1cbd50379e00caebb225802054c161001d520ba2b8bfd293142e7411ac9b038	open	missing:q35_ring3_system_interfaces_clause_witnesses	Add exact Q35 Ring 3 witnesses for every required clause before closing this parent.
functions/ntohs.html	functions/ntohs.html	htonl	f6e3f319b764f89bac067ff0ba2f615029ccddb1a85ffe0579d3a1253579551c	11	c1cbd50379e00caebb225802054c161001d520ba2b8bfd293142e7411ac9b038	open	missing:q35_ring3_system_interfaces_clause_witnesses	Add exact Q35 Ring 3 witnesses for every required clause before closing this parent.
functions/open.html	functions/open.html	open	e9615244c398d7954958b00857b587b434f73b59c0e8e1e84d4c35d40b9eab00	17	6c0610668789fc202e94e1f763c75ef0beaa387bcc43845b7ca887edb2a5fab0	open	missing:q35_ring3_system_interfaces_clause_witnesses	Add exact Q35 Ring 3 witnesses for every required clause before closing this parent.
functions/open_memstream.html	functions/open_memstream.html	open_memstream	b6f6c5049388a3361140239114afe21b58c69ea09155f35076bf08b57901aaf2	11	a4fbbf873ae806306e6a5a6b77aa47cad495ed0a2845f5e1979c48f961bd223a	open	missing:q35_ring3_system_interfaces_clause_witnesses	Add exact Q35 Ring 3 witnesses for every required clause before closing this parent.
functions/open_wmemstream.html	functions/open_wmemstream.html	open_memstream	b6f6c5049388a3361140239114afe21b58c69ea09155f35076bf08b57901aaf2	11	a4fbbf873ae806306e6a5a6b77aa47cad495ed0a2845f5e1979c48f961bd223a	open	missing:q35_ring3_system_interfaces_clause_witnesses	Add exact Q35 Ring 3 witnesses for every required clause before closing this parent.
functions/openat.html	functions/openat.html	open	f604c1080ff3dd8c021d796c66afa64a6b2787941241062ac4086bb64f3893ed	17	6c0610668789fc202e94e1f763c75ef0beaa387bcc43845b7ca887edb2a5fab0	open	missing:q35_ring3_system_interfaces_clause_witnesses	Add exact Q35 Ring 3 witnesses for every required clause before closing this parent.
functions/opendir.html	functions/opendir.html	fdopendir	b5a9768440a37c147ea1cca91e6268c61de6da8ab76c4a93545b1df7db171b4c	15	db2a6a8a6c4c70c04ce78ec47c8a39384a071b4bedae95e5877afd3fd2fe8d40	open	missing:q35_ring3_system_interfaces_clause_witnesses	Add exact Q35 Ring 3 witnesses for every required clause before closing this parent.
functions/openlog.html	functions/openlog.html	closelog	1aa9733326181b9cd5e96a3e92f76cf58597fea0f1d3dd02844e303c63b9e8cf	16	093d74d1f5f1fe581abb17390243d770eeb35005d87fe979c29ea16a82844f2d	open	missing:q35_ring3_system_interfaces_clause_witnesses	Add exact Q35 Ring 3 witnesses for every required clause before closing this parent.
functions/optarg.html	functions/optarg.html	getopt	fd92bc69fe491aaca9f60748ffa87854a3c9aedd7bfb434edfa3023127b2f252	16	b82860ca71e1fca06b5788bf0fc6dda8f949a68c7d69cca98e747fc24e339860	open	missing:q35_ring3_system_interfaces_clause_witnesses	Add exact Q35 Ring 3 witnesses for every required clause before closing this parent.
functions/opterr.html	functions/opterr.html	getopt	fd92bc69fe491aaca9f60748ffa87854a3c9aedd7bfb434edfa3023127b2f252	16	b82860ca71e1fca06b5788bf0fc6dda8f949a68c7d69cca98e747fc24e339860	open	missing:q35_ring3_system_interfaces_clause_witnesses	Add exact Q35 Ring 3 witnesses for every required clause before closing this parent.
functions/optind.html	functions/optind.html	getopt	fd92bc69fe491aaca9f60748ffa87854a3c9aedd7bfb434edfa3023127b2f252	16	b82860ca71e1fca06b5788bf0fc6dda8f949a68c7d69cca98e747fc24e339860	open	missing:q35_ring3_system_interfaces_clause_witnesses	Add exact Q35 Ring 3 witnesses for every required clause before closing this parent.
functions/optopt.html	functions/optopt.html	getopt	fd92bc69fe491aaca9f60748ffa87854a3c9aedd7bfb434edfa3023127b2f252	16	b82860ca71e1fca06b5788bf0fc6dda8f949a68c7d69cca98e747fc24e339860	open	missing:q35_ring3_system_interfaces_clause_witnesses	Add exact Q35 Ring 3 witnesses for every required clause before closing this parent.
functions/pathconf.html	functions/pathconf.html	fpathconf	8b4fab502b98a58e8d4789cd48d1fbc698355301a3b08e2f46b4864ecbc4d06a	15	d8603226eb39306e27492dbb4d54aadd3a503a7d1c6d286a3966e849d6aa8d39	open	missing:q35_ring3_system_interfaces_clause_witnesses	Add exact Q35 Ring 3 witnesses for every required clause before closing this parent.
functions/pause.html	functions/pause.html	pause	9ea9ddbb1215900249328ac3b43dc0cd715e20e9c2cb26bd957a0792d01536cb	13	4b6a701102ee6c08bc39848157fd4c1666bd7a0e6e3aa5d9875d1f9a5bd9fe47	open	missing:q35_ring3_system_interfaces_clause_witnesses	Add exact Q35 Ring 3 witnesses for every required clause before closing this parent.
functions/pclose.html	functions/pclose.html	pclose	d75d11ac16052eb7f2c2f382be97ab36cba228324c283b2f294a952100f7b2ce	12	f5a8da2585553590c71cd7d903321dd2ebdf3a40d7c3bdb9730ea6adea393168	open	missing:q35_ring3_system_interfaces_clause_witnesses	Add exact Q35 Ring 3 witnesses for every required clause before closing this parent.
functions/perror.html	functions/perror.html	perror	06434f93eaa36025ba4f3893b49495eeff09a1400fe3bea8a299e4663ad3636b	15	400d48509792f9ccc2125ca174708faa1ee6c04d72d4acffc1dc06242ab58818	open	missing:q35_ring3_system_interfaces_clause_witnesses	Add exact Q35 Ring 3 witnesses for every required clause before closing this parent.
functions/pipe.html	functions/pipe.html	pipe	dd5b64112f19a02e77e8728c40cd5be03393f8f1d4a5eb286de5d9bbf6c75c94	14	d790bf119333dedf25f035aed8e8b3d35cdb774e383d626a0674384d3e3b9987	open	missing:q35_ring3_system_interfaces_clause_witnesses	Add exact Q35 Ring 3 witnesses for every required clause before closing this parent.
functions/poll.html	functions/poll.html	poll	62345f74993876efb26d0686381a373f4639938da602b451b8d30f4453617bca	15	17dcaa19fc0daa41ada865f3f0250ca8452e26ce16e0ed2d322ce8144a691f5d	open	missing:q35_ring3_system_interfaces_clause_witnesses	Add exact Q35 Ring 3 witnesses for every required clause before closing this parent.
functions/popen.html	functions/popen.html	popen	dc9cb58e45aec323ab56b9a768a0782be6b5ac3c2b6410cbace3e0dd147fc691	15	f06cddfa20d126039d9889c2cb62d11c85d7fa2b6b96ec637b00de9f7847788a	open	missing:q35_ring3_system_interfaces_clause_witnesses	Add exact Q35 Ring 3 witnesses for every required clause before closing this parent.
functions/posix_fadvise.html	functions/posix_fadvise.html	posix_fadvise	70aa76bb6fc61ceccd6eea119145382c93401fbd24da150519628e4fd5f8bca2	12	dfc7c41c6346ecfd10f03dea1fd42a4369ec67333f38ba53b70e2dcaff2a5c36	open	missing:q35_ring3_system_interfaces_clause_witnesses	Add exact Q35 Ring 3 witnesses for every required clause before closing this parent.
functions/posix_fallocate.html	functions/posix_fallocate.html	posix_fallocate	e53f12484d8614884dcea5fa1969d0e8947df28fdafd39ef4919e54d3960a6b7	12	4010668d1577ef6657d5d7a488b627a7305148b4bcabbfb6f13f10718911d053	open	missing:q35_ring3_system_interfaces_clause_witnesses	Add exact Q35 Ring 3 witnesses for every required clause before closing this parent.
functions/posix_madvise.html	functions/posix_madvise.html	posix_madvise	cf49fbaf08cc269c02295d15c529bc33b14e26f352f7cf82a5c05b57d3fc215b	11	2b5d875f6127ecde9907da164301fede339bef466e9ad0dcdd245265b1e9d8b0	open	missing:q35_ring3_system_interfaces_clause_witnesses	Add exact Q35 Ring 3 witnesses for every required clause before closing this parent.
functions/posix_mem_offset.html	functions/posix_mem_offset.html	posix_mem_offset	a6ac844c5563df687c1428e00e58089d123d5608db383793a175fce9addbf7b9	11	42f59b21001df54d8d974514d27092fcd94d0fbb6fcc8989d5b98baba096572a	open	missing:q35_ring3_system_interfaces_clause_witnesses	Add exact Q35 Ring 3 witnesses for every required clause before closing this parent.
functions/posix_memalign.html	functions/posix_memalign.html	posix_memalign	fa4f8e2ef7c4e50126dd1c2dd0bfd1455373026d1932a87cdc965f4fd5ea0e98	12	3740c6ffd847945c01465f054608e3238e3170bec511928f87d811aaa2979e29	open	missing:q35_ring3_system_interfaces_clause_witnesses	Add exact Q35 Ring 3 witnesses for every required clause before closing this parent.
functions/posix_openpt.html	functions/posix_openpt.html	posix_openpt	2f7e1b6f76911c5de5bf345ab0f7b0390c46c3f56e2092aa140ebee2bc139f1c	13	12848cec0dee0efacfa06fced4ccaaa2db5066e6a52b995c927c825ee431af35	open	missing:q35_ring3_system_interfaces_clause_witnesses	Add exact Q35 Ring 3 witnesses for every required clause before closing this parent.
functions/posix_spawn.html	functions/posix_spawn.html	posix_spawn	99d48e00a2efd5e657baa1a977c6b21894c3d8dc30b44ba095e87abce05caa00	18	8cd56e5a1451479de8caf9850861189e6855b8e99e5581319168cec9ddd77729	open	missing:q35_ring3_system_interfaces_clause_witnesses	Add exact Q35 Ring 3 witnesses for every required clause before closing this parent.
functions/posix_spawn_file_actions_addclose.html	functions/posix_spawn_file_actions_addclose.html	posix_spawn_file_actions_addclose	40d24870b6f5801d394ca22ee5c766cbc1061e0b938b4293261429407bbdcd48	13	67dba8806d72d8ce288cfb9a928d21634cfd66ab15b8e17011744ddab0117473	open	missing:q35_ring3_system_interfaces_clause_witnesses	Add exact Q35 Ring 3 witnesses for every required clause before closing this parent.
functions/posix_spawn_file_actions_adddup2.html	functions/posix_spawn_file_actions_adddup2.html	posix_spawn_file_actions_adddup2	20066b6ed73bafc759cde13dfc87acbad02b954fbedec8661efe8c163d9897d6	12	cc7d55c3165741c08398ddd2d567a32e7840712383aa733e4bebcd8757bccc2a	open	missing:q35_ring3_system_interfaces_clause_witnesses	Add exact Q35 Ring 3 witnesses for every required clause before closing this parent.
functions/posix_spawn_file_actions_addopen.html	functions/posix_spawn_file_actions_addopen.html	posix_spawn_file_actions_addclose	40d24870b6f5801d394ca22ee5c766cbc1061e0b938b4293261429407bbdcd48	13	67dba8806d72d8ce288cfb9a928d21634cfd66ab15b8e17011744ddab0117473	open	missing:q35_ring3_system_interfaces_clause_witnesses	Add exact Q35 Ring 3 witnesses for every required clause before closing this parent.
functions/posix_spawn_file_actions_destroy.html	functions/posix_spawn_file_actions_destroy.html	posix_spawn_file_actions_destroy	f7b70cd24f7e5a2912b3e8cf577f8e5214e43c15d34d4d531d11cca8abfc9f29	11	3313579cf81ff25f9050adda496b275b4536637796e5d5203697ef00865331db	open	missing:q35_ring3_system_interfaces_clause_witnesses	Add exact Q35 Ring 3 witnesses for every required clause before closing this parent.
functions/posix_spawn_file_actions_init.html	functions/posix_spawn_file_actions_init.html	posix_spawn_file_actions_destroy	f7b70cd24f7e5a2912b3e8cf577f8e5214e43c15d34d4d531d11cca8abfc9f29	11	3313579cf81ff25f9050adda496b275b4536637796e5d5203697ef00865331db	open	missing:q35_ring3_system_interfaces_clause_witnesses	Add exact Q35 Ring 3 witnesses for every required clause before closing this parent.
functions/posix_spawnattr_destroy.html	functions/posix_spawnattr_destroy.html	posix_spawnattr_destroy	97a575f9d28c6f3737a002b85c0ef6228501087d82512a244dfeb4f156ba9a95	11	335edbab8954f11e25ce0d808ff7487c76162cb09dbb35ec9f447e307460f25d	open	missing:q35_ring3_system_interfaces_clause_witnesses	Add exact Q35 Ring 3 witnesses for every required clause before closing this parent.
functions/posix_spawnattr_getflags.html	functions/posix_spawnattr_getflags.html	posix_spawnattr_getflags	e4d1e69f26a4de7d56eb7481343e311f282ec6b4d1215e640399ed021cb83886	11	6c469a2ad7f5998e1224c8f28e4c5c063e393aa5cebdf6965d02b08f04dd8f38	open	missing:q35_ring3_system_interfaces_clause_witnesses	Add exact Q35 Ring 3 witnesses for every required clause before closing this parent.
functions/posix_spawnattr_getpgroup.html	functions/posix_spawnattr_getpgroup.html	posix_spawnattr_getpgroup	7beb44ddabae2e07569c73cb985ac438674e4ebf4ff00fef58270f306dd30e46	11	5068dbb3b388ed757b943d3c5a528271bed9b2064f26b044bb4e22839d7596c5	open	missing:q35_ring3_system_interfaces_clause_witnesses	Add exact Q35 Ring 3 witnesses for every required clause before closing this parent.
functions/posix_spawnattr_getschedparam.html	functions/posix_spawnattr_getschedparam.html	posix_spawnattr_getschedparam	080c6408264bfd450b5ec74bbabca56437358c7ef20bc8a924b9047ee80b1d07	11	a59633207ac1f29de3aaf129c77077e54268d8be43c602d4499a32447995857b	open	missing:q35_ring3_system_interfaces_clause_witnesses	Add exact Q35 Ring 3 witnesses for every required clause before closing this parent.
functions/posix_spawnattr_getschedpolicy.html	functions/posix_spawnattr_getschedpolicy.html	posix_spawnattr_getschedpolicy	5c755eb6d147d02e50e42edcfbbc32a50ff88c8d3d46455daf826babab6adbce	11	2324fd9532e379c99251722eebc05919b0f7bbd29826b8de08b255a65e611806	open	missing:q35_ring3_system_interfaces_clause_witnesses	Add exact Q35 Ring 3 witnesses for every required clause before closing this parent.
functions/posix_spawnattr_getsigdefault.html	functions/posix_spawnattr_getsigdefault.html	posix_spawnattr_getsigdefault	cac9490627edf0ebba990d41e57b92658c10356c566b243d914a3590d24d18f5	11	d4fcaa7090d727329e9130bf309d14092f2d440e67d80dfc67461c38e3bb9305	open	missing:q35_ring3_system_interfaces_clause_witnesses	Add exact Q35 Ring 3 witnesses for every required clause before closing this parent.
functions/posix_spawnattr_getsigmask.html	functions/posix_spawnattr_getsigmask.html	posix_spawnattr_getsigmask	fd6bac50a1025c43fb4afa88fce1ad6c4f77ca987d3ef17489b3084f78cea2b0	11	a0860e21f6f1bc30e79fd977ced908e2b962088c7aba02df502fcd75cffa8883	open	missing:q35_ring3_system_interfaces_clause_witnesses	Add exact Q35 Ring 3 witnesses for every required clause before closing this parent.
functions/posix_spawnattr_init.html	functions/posix_spawnattr_init.html	posix_spawnattr_destroy	97a575f9d28c6f3737a002b85c0ef6228501087d82512a244dfeb4f156ba9a95	11	335edbab8954f11e25ce0d808ff7487c76162cb09dbb35ec9f447e307460f25d	open	missing:q35_ring3_system_interfaces_clause_witnesses	Add exact Q35 Ring 3 witnesses for every required clause before closing this parent.
functions/posix_spawnattr_setflags.html	functions/posix_spawnattr_setflags.html	posix_spawnattr_getflags	e4d1e69f26a4de7d56eb7481343e311f282ec6b4d1215e640399ed021cb83886	11	6c469a2ad7f5998e1224c8f28e4c5c063e393aa5cebdf6965d02b08f04dd8f38	open	missing:q35_ring3_system_interfaces_clause_witnesses	Add exact Q35 Ring 3 witnesses for every required clause before closing this parent.
functions/posix_spawnattr_setpgroup.html	functions/posix_spawnattr_setpgroup.html	posix_spawnattr_getpgroup	7beb44ddabae2e07569c73cb985ac438674e4ebf4ff00fef58270f306dd30e46	11	5068dbb3b388ed757b943d3c5a528271bed9b2064f26b044bb4e22839d7596c5	open	missing:q35_ring3_system_interfaces_clause_witnesses	Add exact Q35 Ring 3 witnesses for every required clause before closing this parent.
functions/posix_spawnattr_setschedparam.html	functions/posix_spawnattr_setschedparam.html	posix_spawnattr_getschedparam	080c6408264bfd450b5ec74bbabca56437358c7ef20bc8a924b9047ee80b1d07	11	a59633207ac1f29de3aaf129c77077e54268d8be43c602d4499a32447995857b	open	missing:q35_ring3_system_interfaces_clause_witnesses	Add exact Q35 Ring 3 witnesses for every required clause before closing this parent.
functions/posix_spawnattr_setschedpolicy.html	functions/posix_spawnattr_setschedpolicy.html	posix_spawnattr_getschedpolicy	5c755eb6d147d02e50e42edcfbbc32a50ff88c8d3d46455daf826babab6adbce	11	2324fd9532e379c99251722eebc05919b0f7bbd29826b8de08b255a65e611806	open	missing:q35_ring3_system_interfaces_clause_witnesses	Add exact Q35 Ring 3 witnesses for every required clause before closing this parent.
functions/posix_spawnattr_setsigdefault.html	functions/posix_spawnattr_setsigdefault.html	posix_spawnattr_getsigdefault	cac9490627edf0ebba990d41e57b92658c10356c566b243d914a3590d24d18f5	11	d4fcaa7090d727329e9130bf309d14092f2d440e67d80dfc67461c38e3bb9305	open	missing:q35_ring3_system_interfaces_clause_witnesses	Add exact Q35 Ring 3 witnesses for every required clause before closing this parent.
functions/posix_spawnattr_setsigmask.html	functions/posix_spawnattr_setsigmask.html	posix_spawnattr_getsigmask	fd6bac50a1025c43fb4afa88fce1ad6c4f77ca987d3ef17489b3084f78cea2b0	11	a0860e21f6f1bc30e79fd977ced908e2b962088c7aba02df502fcd75cffa8883	open	missing:q35_ring3_system_interfaces_clause_witnesses	Add exact Q35 Ring 3 witnesses for every required clause before closing this parent.
functions/posix_spawnp.html	functions/posix_spawnp.html	posix_spawn	99d48e00a2efd5e657baa1a977c6b21894c3d8dc30b44ba095e87abce05caa00	18	8cd56e5a1451479de8caf9850861189e6855b8e99e5581319168cec9ddd77729	open	missing:q35_ring3_system_interfaces_clause_witnesses	Add exact Q35 Ring 3 witnesses for every required clause before closing this parent.
functions/posix_trace_attr_destroy.html	functions/posix_trace_attr_destroy.html	posix_trace_attr_destroy	feb17e02c56058759a5ec811b2d7f5fe67c62d7f3c5a22fabc77766160cfb6f9	12	cc6c7513368520dd2f7326c5899b76278fc6423b3615ef5491fe41240daf324d	open	missing:q35_ring3_system_interfaces_clause_witnesses	Add exact Q35 Ring 3 witnesses for every required clause before closing this parent.
functions/posix_trace_attr_getclockres.html	functions/posix_trace_attr_getclockres.html	posix_trace_attr_getclockres	0db968587de921eb4f662075a414fe0aadf22d0b94fd2091636947d16a6879ee	12	5de94cd4d0dfc26fe49cd2e5747075b6344526b0d49fb707feb37d80e0d0e347	open	missing:q35_ring3_system_interfaces_clause_witnesses	Add exact Q35 Ring 3 witnesses for every required clause before closing this parent.
functions/posix_trace_attr_getcreatetime.html	functions/posix_trace_attr_getcreatetime.html	posix_trace_attr_getclockres	0db968587de921eb4f662075a414fe0aadf22d0b94fd2091636947d16a6879ee	12	5de94cd4d0dfc26fe49cd2e5747075b6344526b0d49fb707feb37d80e0d0e347	open	missing:q35_ring3_system_interfaces_clause_witnesses	Add exact Q35 Ring 3 witnesses for every required clause before closing this parent.
functions/posix_trace_attr_getgenversion.html	functions/posix_trace_attr_getgenversion.html	posix_trace_attr_getclockres	0db968587de921eb4f662075a414fe0aadf22d0b94fd2091636947d16a6879ee	12	5de94cd4d0dfc26fe49cd2e5747075b6344526b0d49fb707feb37d80e0d0e347	open	missing:q35_ring3_system_interfaces_clause_witnesses	Add exact Q35 Ring 3 witnesses for every required clause before closing this parent.
functions/posix_trace_attr_getinherited.html	functions/posix_trace_attr_getinherited.html	posix_trace_attr_getinherited	d0993677e21e0fc5b0f59abaf7d341a22dd2a95dbb14053069bdfc6051116824	12	ab85e492059c2e8b1ffa456327cb1ae28eec43794164bdd197111565339c33fe	open	missing:q35_ring3_system_interfaces_clause_witnesses	Add exact Q35 Ring 3 witnesses for every required clause before closing this parent.
functions/posix_trace_attr_getlogfullpolicy.html	functions/posix_trace_attr_getlogfullpolicy.html	posix_trace_attr_getinherited	d0993677e21e0fc5b0f59abaf7d341a22dd2a95dbb14053069bdfc6051116824	12	ab85e492059c2e8b1ffa456327cb1ae28eec43794164bdd197111565339c33fe	open	missing:q35_ring3_system_interfaces_clause_witnesses	Add exact Q35 Ring 3 witnesses for every required clause before closing this parent.
functions/posix_trace_attr_getlogsize.html	functions/posix_trace_attr_getlogsize.html	posix_trace_attr_getlogsize	84a9c6f4b1418da7b5029d4ee8db8aa3424ebfdfc042403ffca884f8471268e1	12	ed29f1f5bae844e6872d2623ce8d9c9c20569345cfb832776ad36339d748989a	open	missing:q35_ring3_system_interfaces_clause_witnesses	Add exact Q35 Ring 3 witnesses for every required clause before closing this parent.
functions/posix_trace_attr_getmaxdatasize.html	functions/posix_trace_attr_getmaxdatasize.html	posix_trace_attr_getlogsize	84a9c6f4b1418da7b5029d4ee8db8aa3424ebfdfc042403ffca884f8471268e1	12	ed29f1f5bae844e6872d2623ce8d9c9c20569345cfb832776ad36339d748989a	open	missing:q35_ring3_system_interfaces_clause_witnesses	Add exact Q35 Ring 3 witnesses for every required clause before closing this parent.
functions/posix_trace_attr_getmaxsystemeventsize.html	functions/posix_trace_attr_getmaxsystemeventsize.html	posix_trace_attr_getlogsize	84a9c6f4b1418da7b5029d4ee8db8aa3424ebfdfc042403ffca884f8471268e1	12	ed29f1f5bae844e6872d2623ce8d9c9c20569345cfb832776ad36339d748989a	open	missing:q35_ring3_system_interfaces_clause_witnesses	Add exact Q35 Ring 3 witnesses for every required clause before closing this parent.
functions/posix_trace_attr_getmaxusereventsize.html	functions/posix_trace_attr_getmaxusereventsize.html	posix_trace_attr_getlogsize	84a9c6f4b1418da7b5029d4ee8db8aa3424ebfdfc042403ffca884f8471268e1	12	ed29f1f5bae844e6872d2623ce8d9c9c20569345cfb832776ad36339d748989a	open	missing:q35_ring3_system_interfaces_clause_witnesses	Add exact Q35 Ring 3 witnesses for every required clause before closing this parent.
functions/posix_trace_attr_getname.html	functions/posix_trace_attr_getname.html	posix_trace_attr_getclockres	0db968587de921eb4f662075a414fe0aadf22d0b94fd2091636947d16a6879ee	12	5de94cd4d0dfc26fe49cd2e5747075b6344526b0d49fb707feb37d80e0d0e347	open	missing:q35_ring3_system_interfaces_clause_witnesses	Add exact Q35 Ring 3 witnesses for every required clause before closing this parent.
functions/posix_trace_attr_getstreamfullpolicy.html	functions/posix_trace_attr_getstreamfullpolicy.html	posix_trace_attr_getinherited	d0993677e21e0fc5b0f59abaf7d341a22dd2a95dbb14053069bdfc6051116824	12	ab85e492059c2e8b1ffa456327cb1ae28eec43794164bdd197111565339c33fe	open	missing:q35_ring3_system_interfaces_clause_witnesses	Add exact Q35 Ring 3 witnesses for every required clause before closing this parent.
functions/posix_trace_attr_getstreamsize.html	functions/posix_trace_attr_getstreamsize.html	posix_trace_attr_getlogsize	84a9c6f4b1418da7b5029d4ee8db8aa3424ebfdfc042403ffca884f8471268e1	12	ed29f1f5bae844e6872d2623ce8d9c9c20569345cfb832776ad36339d748989a	open	missing:q35_ring3_system_interfaces_clause_witnesses	Add exact Q35 Ring 3 witnesses for every required clause before closing this parent.
functions/posix_trace_attr_init.html	functions/posix_trace_attr_init.html	posix_trace_attr_destroy	feb17e02c56058759a5ec811b2d7f5fe67c62d7f3c5a22fabc77766160cfb6f9	12	cc6c7513368520dd2f7326c5899b76278fc6423b3615ef5491fe41240daf324d	open	missing:q35_ring3_system_interfaces_clause_witnesses	Add exact Q35 Ring 3 witnesses for every required clause before closing this parent.
functions/posix_trace_attr_setinherited.html	functions/posix_trace_attr_setinherited.html	posix_trace_attr_getinherited	d0993677e21e0fc5b0f59abaf7d341a22dd2a95dbb14053069bdfc6051116824	12	ab85e492059c2e8b1ffa456327cb1ae28eec43794164bdd197111565339c33fe	open	missing:q35_ring3_system_interfaces_clause_witnesses	Add exact Q35 Ring 3 witnesses for every required clause before closing this parent.
functions/posix_trace_attr_setlogfullpolicy.html	functions/posix_trace_attr_setlogfullpolicy.html	posix_trace_attr_getinherited	d0993677e21e0fc5b0f59abaf7d341a22dd2a95dbb14053069bdfc6051116824	12	ab85e492059c2e8b1ffa456327cb1ae28eec43794164bdd197111565339c33fe	open	missing:q35_ring3_system_interfaces_clause_witnesses	Add exact Q35 Ring 3 witnesses for every required clause before closing this parent.
functions/posix_trace_attr_setlogsize.html	functions/posix_trace_attr_setlogsize.html	posix_trace_attr_getlogsize	84a9c6f4b1418da7b5029d4ee8db8aa3424ebfdfc042403ffca884f8471268e1	12	ed29f1f5bae844e6872d2623ce8d9c9c20569345cfb832776ad36339d748989a	open	missing:q35_ring3_system_interfaces_clause_witnesses	Add exact Q35 Ring 3 witnesses for every required clause before closing this parent.
functions/posix_trace_attr_setmaxdatasize.html	functions/posix_trace_attr_setmaxdatasize.html	posix_trace_attr_getlogsize	84a9c6f4b1418da7b5029d4ee8db8aa3424ebfdfc042403ffca884f8471268e1	12	ed29f1f5bae844e6872d2623ce8d9c9c20569345cfb832776ad36339d748989a	open	missing:q35_ring3_system_interfaces_clause_witnesses	Add exact Q35 Ring 3 witnesses for every required clause before closing this parent.
functions/posix_trace_attr_setname.html	functions/posix_trace_attr_setname.html	posix_trace_attr_getclockres	0db968587de921eb4f662075a414fe0aadf22d0b94fd2091636947d16a6879ee	12	5de94cd4d0dfc26fe49cd2e5747075b6344526b0d49fb707feb37d80e0d0e347	open	missing:q35_ring3_system_interfaces_clause_witnesses	Add exact Q35 Ring 3 witnesses for every required clause before closing this parent.
functions/posix_trace_attr_setstreamfullpolicy.html	functions/posix_trace_attr_setstreamfullpolicy.html	posix_trace_attr_getinherited	d0993677e21e0fc5b0f59abaf7d341a22dd2a95dbb14053069bdfc6051116824	12	ab85e492059c2e8b1ffa456327cb1ae28eec43794164bdd197111565339c33fe	open	missing:q35_ring3_system_interfaces_clause_witnesses	Add exact Q35 Ring 3 witnesses for every required clause before closing this parent.
functions/posix_trace_attr_setstreamsize.html	functions/posix_trace_attr_setstreamsize.html	posix_trace_attr_getlogsize	84a9c6f4b1418da7b5029d4ee8db8aa3424ebfdfc042403ffca884f8471268e1	12	ed29f1f5bae844e6872d2623ce8d9c9c20569345cfb832776ad36339d748989a	open	missing:q35_ring3_system_interfaces_clause_witnesses	Add exact Q35 Ring 3 witnesses for every required clause before closing this parent.
functions/posix_trace_clear.html	functions/posix_trace_clear.html	posix_trace_clear	a61ec9a5821af51c75521a98bace7089ee8ff4cf8a14a02327754dc1c0d2f09d	12	9ea91a9b08ebd7a27f2d286d0852399c0690d58883a615b3e5aac7171d76649b	open	missing:q35_ring3_system_interfaces_clause_witnesses	Add exact Q35 Ring 3 witnesses for every required clause before closing this parent.
functions/posix_trace_close.html	functions/posix_trace_close.html	posix_trace_close	090c0b22e4d58ba820b629a16ddd628107d16d766a9f12d89dff458fc495e3b6	12	5439ff9368e1bc5b77017449d4cebee0edb203b18d3831ef853c80f96a531beb	open	missing:q35_ring3_system_interfaces_clause_witnesses	Add exact Q35 Ring 3 witnesses for every required clause before closing this parent.
functions/posix_trace_create.html	functions/posix_trace_create.html	posix_trace_create	3e9c5516352bc734c846dc9b81aef019e9f9ae347dfe9f54cba6ff5fc26dbd1f	12	f4f74371699b8560248d3b4c7f5160dac3e3145629e76c75ba69eebb3012fd4a	open	missing:q35_ring3_system_interfaces_clause_witnesses	Add exact Q35 Ring 3 witnesses for every required clause before closing this parent.
functions/posix_trace_create_withlog.html	functions/posix_trace_create_withlog.html	posix_trace_create	3e9c5516352bc734c846dc9b81aef019e9f9ae347dfe9f54cba6ff5fc26dbd1f	12	f4f74371699b8560248d3b4c7f5160dac3e3145629e76c75ba69eebb3012fd4a	open	missing:q35_ring3_system_interfaces_clause_witnesses	Add exact Q35 Ring 3 witnesses for every required clause before closing this parent.
functions/posix_trace_event.html	functions/posix_trace_event.html	posix_trace_event	22c92bb1f481b7a235f06a8005ed075ed31f521bec282bc05ab9b4da5fed1bcd	12	67c1dfd7c78c5b45a5ceede82967306bc273c5576dc1067382be7bc33bec7557	open	missing:q35_ring3_system_interfaces_clause_witnesses	Add exact Q35 Ring 3 witnesses for every required clause before closing this parent.
functions/posix_trace_eventid_equal.html	functions/posix_trace_eventid_equal.html	posix_trace_eventid_equal	cde3d8ca9c03bbe831dc9e06ad648bb9c73438425cafda76d260e8cac2a2624f	12	a738620cee07a2e9d3fdaada7db5a0c12c83e1451ba09608da7667f4d89b53f9	open	missing:q35_ring3_system_interfaces_clause_witnesses	Add exact Q35 Ring 3 witnesses for every required clause before closing this parent.
functions/posix_trace_eventid_get_name.html	functions/posix_trace_eventid_get_name.html	posix_trace_eventid_equal	cde3d8ca9c03bbe831dc9e06ad648bb9c73438425cafda76d260e8cac2a2624f	12	a738620cee07a2e9d3fdaada7db5a0c12c83e1451ba09608da7667f4d89b53f9	open	missing:q35_ring3_system_interfaces_clause_witnesses	Add exact Q35 Ring 3 witnesses for every required clause before closing this parent.
functions/posix_trace_eventid_open.html	functions/posix_trace_eventid_open.html	posix_trace_event	22c92bb1f481b7a235f06a8005ed075ed31f521bec282bc05ab9b4da5fed1bcd	12	67c1dfd7c78c5b45a5ceede82967306bc273c5576dc1067382be7bc33bec7557	open	missing:q35_ring3_system_interfaces_clause_witnesses	Add exact Q35 Ring 3 witnesses for every required clause before closing this parent.
functions/posix_trace_eventset_add.html	functions/posix_trace_eventset_add.html	posix_trace_eventset_add	20a56c54d1885ef1c131a1b61173d88601ac85b5a38f3834f2eb4b24352515be	12	830954ce06a033482f2d6edf30fe2fcdb70521cf16be7f7a5d402082ba98e966	open	missing:q35_ring3_system_interfaces_clause_witnesses	Add exact Q35 Ring 3 witnesses for every required clause before closing this parent.
functions/posix_trace_eventset_del.html	functions/posix_trace_eventset_del.html	posix_trace_eventset_add	20a56c54d1885ef1c131a1b61173d88601ac85b5a38f3834f2eb4b24352515be	12	830954ce06a033482f2d6edf30fe2fcdb70521cf16be7f7a5d402082ba98e966	open	missing:q35_ring3_system_interfaces_clause_witnesses	Add exact Q35 Ring 3 witnesses for every required clause before closing this parent.
functions/posix_trace_eventset_empty.html	functions/posix_trace_eventset_empty.html	posix_trace_eventset_add	20a56c54d1885ef1c131a1b61173d88601ac85b5a38f3834f2eb4b24352515be	12	830954ce06a033482f2d6edf30fe2fcdb70521cf16be7f7a5d402082ba98e966	open	missing:q35_ring3_system_interfaces_clause_witnesses	Add exact Q35 Ring 3 witnesses for every required clause before closing this parent.
functions/posix_trace_eventset_fill.html	functions/posix_trace_eventset_fill.html	posix_trace_eventset_add	20a56c54d1885ef1c131a1b61173d88601ac85b5a38f3834f2eb4b24352515be	12	830954ce06a033482f2d6edf30fe2fcdb70521cf16be7f7a5d402082ba98e966	open	missing:q35_ring3_system_interfaces_clause_witnesses	Add exact Q35 Ring 3 witnesses for every required clause before closing this parent.
functions/posix_trace_eventset_ismember.html	functions/posix_trace_eventset_ismember.html	posix_trace_eventset_add	20a56c54d1885ef1c131a1b61173d88601ac85b5a38f3834f2eb4b24352515be	12	830954ce06a033482f2d6edf30fe2fcdb70521cf16be7f7a5d402082ba98e966	open	missing:q35_ring3_system_interfaces_clause_witnesses	Add exact Q35 Ring 3 witnesses for every required clause before closing this parent.
functions/posix_trace_eventtypelist_getnext_id.html	functions/posix_trace_eventtypelist_getnext_id.html	posix_trace_eventtypelist_getnext_id	6e74c8559d379e1f78a8056060d4451dd7c1d9ee1d37aec50f72336b9f9c1442	12	4903a1be4949b9b1df6a300788345bf6d76fc43916f0817f4841f1448a4db8e1	open	missing:q35_ring3_system_interfaces_clause_witnesses	Add exact Q35 Ring 3 witnesses for every required clause before closing this parent.
functions/posix_trace_eventtypelist_rewind.html	functions/posix_trace_eventtypelist_rewind.html	posix_trace_eventtypelist_getnext_id	6e74c8559d379e1f78a8056060d4451dd7c1d9ee1d37aec50f72336b9f9c1442	12	4903a1be4949b9b1df6a300788345bf6d76fc43916f0817f4841f1448a4db8e1	open	missing:q35_ring3_system_interfaces_clause_witnesses	Add exact Q35 Ring 3 witnesses for every required clause before closing this parent.
functions/posix_trace_flush.html	functions/posix_trace_flush.html	posix_trace_create	3e9c5516352bc734c846dc9b81aef019e9f9ae347dfe9f54cba6ff5fc26dbd1f	12	f4f74371699b8560248d3b4c7f5160dac3e3145629e76c75ba69eebb3012fd4a	open	missing:q35_ring3_system_interfaces_clause_witnesses	Add exact Q35 Ring 3 witnesses for every required clause before closing this parent.
functions/posix_trace_get_attr.html	functions/posix_trace_get_attr.html	posix_trace_get_attr	51400022f22aec2389cc12e9a6e33977a7658a9239b02b4a1f1661905625b314	12	e3a8ee0303c94016a94a514e9a80016cf5624f1ae19a01d0ac5d32e31e00ed31	open	missing:q35_ring3_system_interfaces_clause_witnesses	Add exact Q35 Ring 3 witnesses for every required clause before closing this parent.
functions/posix_trace_get_filter.html	functions/posix_trace_get_filter.html	posix_trace_get_filter	310511d5b278d431a746893190b1b2c19187bd1b0d1df20afa8daf4503fe40d3	12	b905982d6b5f05b98807ceafa2031a77e0cbc6ef06928315d0509413c6e5c97f	open	missing:q35_ring3_system_interfaces_clause_witnesses	Add exact Q35 Ring 3 witnesses for every required clause before closing this parent.
functions/posix_trace_get_status.html	functions/posix_trace_get_status.html	posix_trace_get_attr	51400022f22aec2389cc12e9a6e33977a7658a9239b02b4a1f1661905625b314	12	e3a8ee0303c94016a94a514e9a80016cf5624f1ae19a01d0ac5d32e31e00ed31	open	missing:q35_ring3_system_interfaces_clause_witnesses	Add exact Q35 Ring 3 witnesses for every required clause before closing this parent.
functions/posix_trace_getnext_event.html	functions/posix_trace_getnext_event.html	posix_trace_getnext_event	522c5c894e0eeb192a1c3fb3a2d2c8ee855d6214d9c6aa28a9cba970f3cc3190	12	6c0e7a26b930904e43d655873e5e07ae0ec4181a8eb11f986a1e1c27695499d4	open	missing:q35_ring3_system_interfaces_clause_witnesses	Add exact Q35 Ring 3 witnesses for every required clause before closing this parent.
functions/posix_trace_open.html	functions/posix_trace_open.html	posix_trace_close	090c0b22e4d58ba820b629a16ddd628107d16d766a9f12d89dff458fc495e3b6	12	5439ff9368e1bc5b77017449d4cebee0edb203b18d3831ef853c80f96a531beb	open	missing:q35_ring3_system_interfaces_clause_witnesses	Add exact Q35 Ring 3 witnesses for every required clause before closing this parent.
functions/posix_trace_rewind.html	functions/posix_trace_rewind.html	posix_trace_close	090c0b22e4d58ba820b629a16ddd628107d16d766a9f12d89dff458fc495e3b6	12	5439ff9368e1bc5b77017449d4cebee0edb203b18d3831ef853c80f96a531beb	open	missing:q35_ring3_system_interfaces_clause_witnesses	Add exact Q35 Ring 3 witnesses for every required clause before closing this parent.
functions/posix_trace_set_filter.html	functions/posix_trace_set_filter.html	posix_trace_get_filter	310511d5b278d431a746893190b1b2c19187bd1b0d1df20afa8daf4503fe40d3	12	b905982d6b5f05b98807ceafa2031a77e0cbc6ef06928315d0509413c6e5c97f	open	missing:q35_ring3_system_interfaces_clause_witnesses	Add exact Q35 Ring 3 witnesses for every required clause before closing this parent.
functions/posix_trace_shutdown.html	functions/posix_trace_shutdown.html	posix_trace_create	3e9c5516352bc734c846dc9b81aef019e9f9ae347dfe9f54cba6ff5fc26dbd1f	12	f4f74371699b8560248d3b4c7f5160dac3e3145629e76c75ba69eebb3012fd4a	open	missing:q35_ring3_system_interfaces_clause_witnesses	Add exact Q35 Ring 3 witnesses for every required clause before closing this parent.
functions/posix_trace_start.html	functions/posix_trace_start.html	posix_trace_start	189705a8752ba7317f8330024e0790790c5197a53b944648d6bd2d87d28bd285	12	1b61bd4915026293dc9cefcf7d83bc293fd56efa0de1180ec54725c35a4b9f69	open	missing:q35_ring3_system_interfaces_clause_witnesses	Add exact Q35 Ring 3 witnesses for every required clause before closing this parent.
functions/posix_trace_stop.html	functions/posix_trace_stop.html	posix_trace_start	189705a8752ba7317f8330024e0790790c5197a53b944648d6bd2d87d28bd285	12	1b61bd4915026293dc9cefcf7d83bc293fd56efa0de1180ec54725c35a4b9f69	open	missing:q35_ring3_system_interfaces_clause_witnesses	Add exact Q35 Ring 3 witnesses for every required clause before closing this parent.
functions/posix_trace_timedgetnext_event.html	functions/posix_trace_timedgetnext_event.html	posix_trace_getnext_event	522c5c894e0eeb192a1c3fb3a2d2c8ee855d6214d9c6aa28a9cba970f3cc3190	12	6c0e7a26b930904e43d655873e5e07ae0ec4181a8eb11f986a1e1c27695499d4	open	missing:q35_ring3_system_interfaces_clause_witnesses	Add exact Q35 Ring 3 witnesses for every required clause before closing this parent.
functions/posix_trace_trid_eventid_open.html	functions/posix_trace_trid_eventid_open.html	posix_trace_eventid_equal	cde3d8ca9c03bbe831dc9e06ad648bb9c73438425cafda76d260e8cac2a2624f	12	a738620cee07a2e9d3fdaada7db5a0c12c83e1451ba09608da7667f4d89b53f9	open	missing:q35_ring3_system_interfaces_clause_witnesses	Add exact Q35 Ring 3 witnesses for every required clause before closing this parent.
functions/posix_trace_trygetnext_event.html	functions/posix_trace_trygetnext_event.html	posix_trace_getnext_event	522c5c894e0eeb192a1c3fb3a2d2c8ee855d6214d9c6aa28a9cba970f3cc3190	12	6c0e7a26b930904e43d655873e5e07ae0ec4181a8eb11f986a1e1c27695499d4	open	missing:q35_ring3_system_interfaces_clause_witnesses	Add exact Q35 Ring 3 witnesses for every required clause before closing this parent.
functions/posix_typed_mem_get_info.html	functions/posix_typed_mem_get_info.html	posix_typed_mem_get_info	7d6f4ce870e656f53a6e919e954ae777045001dee9d7970521ebe71c20f8bd02	11	7e23c5bbe69b520245b6de1f2868787e8008cc013df5ccd8a5397c567b6b2245	open	missing:q35_ring3_system_interfaces_clause_witnesses	Add exact Q35 Ring 3 witnesses for every required clause before closing this parent.
functions/posix_typed_mem_open.html	functions/posix_typed_mem_open.html	posix_typed_mem_open	e3862773692f6ab395d3741cc3ef2ba860eaeacbe62234c48360d12e75584d55	12	9d9bb504c6ef44b908dc7983ed4094084f626c5c93be3f146aa1dce21ff08392	open	missing:q35_ring3_system_interfaces_clause_witnesses	Add exact Q35 Ring 3 witnesses for every required clause before closing this parent.
functions/pow.html	functions/pow.html	pow	c5383f247917cc0c447b1200172d1922d68c05459584550cfd26a29b9c68255b	14	aed339ebb8e2264fdddafca20b8a264b2ec48238c2487d4944eea636b21edc0b	open	missing:q35_ring3_system_interfaces_clause_witnesses	Add exact Q35 Ring 3 witnesses for every required clause before closing this parent.
functions/powf.html	functions/powf.html	pow	c5383f247917cc0c447b1200172d1922d68c05459584550cfd26a29b9c68255b	14	aed339ebb8e2264fdddafca20b8a264b2ec48238c2487d4944eea636b21edc0b	open	missing:q35_ring3_system_interfaces_clause_witnesses	Add exact Q35 Ring 3 witnesses for every required clause before closing this parent.
functions/powl.html	functions/powl.html	pow	c5383f247917cc0c447b1200172d1922d68c05459584550cfd26a29b9c68255b	14	aed339ebb8e2264fdddafca20b8a264b2ec48238c2487d4944eea636b21edc0b	open	missing:q35_ring3_system_interfaces_clause_witnesses	Add exact Q35 Ring 3 witnesses for every required clause before closing this parent.
functions/pread.html	functions/pread.html	read	b3612fc6ce3fbf8494c70bbf3ee129662a6ac37042bc189f2df74773eed3c5e7	16	3df62e14bd3bcae737b21d91ae4c111c10fad6850f0d9de470e43640488af86c	open	missing:q35_ring3_system_interfaces_clause_witnesses	Add exact Q35 Ring 3 witnesses for every required clause before closing this parent.
functions/printf.html	functions/printf.html	fprintf	b97fe351db1c5e6969076d81a8af4d438845873fceef53bcfe6ab5e3b438fc5b	24	292d69b1a005d79351b26c5430d772251a068908c6dd1bfddeff3b3200ac42ab	open	missing:q35_ring3_system_interfaces_clause_witnesses	Add exact Q35 Ring 3 witnesses for every required clause before closing this parent.
functions/pselect.html	functions/pselect.html	pselect	8cdb2507b3cf670c7af0cced92915b1d02985215cecc0e1f9d5c390e9b1953d4	14	a20121ae870115ed1d4257dccf3e07aad39cfda4ee894e1742ff9e78ad28a9ba	open	missing:q35_ring3_system_interfaces_clause_witnesses	Add exact Q35 Ring 3 witnesses for every required clause before closing this parent.
functions/psiginfo.html	functions/psiginfo.html	psiginfo	42d2150c64e2ccb080defa146a48be45b4f4ab8933b102d730ef888918394c81	11	dd358893ec77eaa39546a1f0e337ad2c26143afccc0f5ba2d54129fb37d976ae	open	missing:q35_ring3_system_interfaces_clause_witnesses	Add exact Q35 Ring 3 witnesses for every required clause before closing this parent.
functions/psignal.html	functions/psignal.html	psiginfo	42d2150c64e2ccb080defa146a48be45b4f4ab8933b102d730ef888918394c81	11	dd358893ec77eaa39546a1f0e337ad2c26143afccc0f5ba2d54129fb37d976ae	open	missing:q35_ring3_system_interfaces_clause_witnesses	Add exact Q35 Ring 3 witnesses for every required clause before closing this parent.
functions/pthread_atfork.html	functions/pthread_atfork.html	pthread_atfork	8ea586fe0b4bfde01d503d8bbac43a61033c38265b053e94947ccc3fb6a7c51d	13	93de587d8451c9bbc37f1d95158fa632b1975e1f63645494804ce867ae8f6ee1	open	missing:q35_ring3_system_interfaces_clause_witnesses	Add exact Q35 Ring 3 witnesses for every required clause before closing this parent.
functions/pthread_attr_destroy.html	functions/pthread_attr_destroy.html	pthread_attr_destroy	7caa69cd30d104e2417295ab3c0dc1471450f1c814a4e71ace107e895182e4fd	13	2bef46fb86081fa2daa58569e64ff4ea5466d629751823f9c37a9b4ed37ff5ba	open	missing:q35_ring3_system_interfaces_clause_witnesses	Add exact Q35 Ring 3 witnesses for every required clause before closing this parent.
functions/pthread_attr_getdetachstate.html	functions/pthread_attr_getdetachstate.html	pthread_attr_getdetachstate	45f750795aa0db42995106ee94de1736552b098e423a6d8a4138a861a9a9fb61	14	dda68dbd1cf59ba984840b1468e9b9c69826f9d987352907e24709d28f1c1762	open	missing:q35_ring3_system_interfaces_clause_witnesses	Add exact Q35 Ring 3 witnesses for every required clause before closing this parent.
functions/pthread_attr_getguardsize.html	functions/pthread_attr_getguardsize.html	pthread_attr_getguardsize	a839d791b7313b9113ffefc8e3e2ef39d6ed3533c9aabd004488101345bf4cde	14	accdbe7294f7409fcd531de5a86a48ca0a9372222cd5856efaebe2723f6a9114	open	missing:q35_ring3_system_interfaces_clause_witnesses	Add exact Q35 Ring 3 witnesses for every required clause before closing this parent.
functions/pthread_attr_getinheritsched.html	functions/pthread_attr_getinheritsched.html	pthread_attr_getinheritsched	1de73945194a752f407d60cd29114542b37b19244ecc3cc1eab836be80253007	13	af4f9570dbac1bbf3a7e99f403b72017a779b98a9ac3ca82cf8b3f8ed19ebff5	open	missing:q35_ring3_system_interfaces_clause_witnesses	Add exact Q35 Ring 3 witnesses for every required clause before closing this parent.
functions/pthread_attr_getschedparam.html	functions/pthread_attr_getschedparam.html	pthread_attr_getschedparam	53c6cb11676bc9cb655883ef3db7dc4dde60cdbd51d302f94e9e1ea94734e69e	13	b24f400bc9eb32fff5ed4b5f1701fddb313460274f8ee9db1a0509ce2c56f9d5	open	missing:q35_ring3_system_interfaces_clause_witnesses	Add exact Q35 Ring 3 witnesses for every required clause before closing this parent.
functions/pthread_attr_getschedpolicy.html	functions/pthread_attr_getschedpolicy.html	pthread_attr_getschedpolicy	28611a5a03c48563e815750f6f3edb9480930bbba926b330633339b1108c59ca	13	3fd9c219e1770aa88dee21ee0d73d390b629032bd22a401d587e0f2327fe33d2	open	missing:q35_ring3_system_interfaces_clause_witnesses	Add exact Q35 Ring 3 witnesses for every required clause before closing this parent.
functions/pthread_attr_getscope.html	functions/pthread_attr_getscope.html	pthread_attr_getscope	9f998da2efc048fefc427ebe314b7b5d96251ca54208b6d8b67fee8dedfa7c1a	13	5c651f756d573356541743005011e0b05ceb8ae4813b711236ba7b09de7a519b	open	missing:q35_ring3_system_interfaces_clause_witnesses	Add exact Q35 Ring 3 witnesses for every required clause before closing this parent.
functions/pthread_attr_getstack.html	functions/pthread_attr_getstack.html	pthread_attr_getstack	c929df3e3d174ea756759f1232a0f05d7a68f2fb3e242dbc4d3fb47e4a87ef73	12	dc19b43994aae18b1feebdd56a66bb6c1b431bba362fdb8ee03e7938f37e77e3	open	missing:q35_ring3_system_interfaces_clause_witnesses	Add exact Q35 Ring 3 witnesses for every required clause before closing this parent.
functions/pthread_attr_getstacksize.html	functions/pthread_attr_getstacksize.html	pthread_attr_getstacksize	ec3bd94a20dd59f10fc9434cc5235ae74a08ffab2fe5396e9a797d36e4403d25	13	edafcd676d798056213480ab10e40e44d9c90ff188ad25164c43c743b4e0c793	open	missing:q35_ring3_system_interfaces_clause_witnesses	Add exact Q35 Ring 3 witnesses for every required clause before closing this parent.
functions/pthread_attr_init.html	functions/pthread_attr_init.html	pthread_attr_destroy	7caa69cd30d104e2417295ab3c0dc1471450f1c814a4e71ace107e895182e4fd	13	2bef46fb86081fa2daa58569e64ff4ea5466d629751823f9c37a9b4ed37ff5ba	open	missing:q35_ring3_system_interfaces_clause_witnesses	Add exact Q35 Ring 3 witnesses for every required clause before closing this parent.
functions/pthread_attr_setdetachstate.html	functions/pthread_attr_setdetachstate.html	pthread_attr_getdetachstate	45f750795aa0db42995106ee94de1736552b098e423a6d8a4138a861a9a9fb61	14	dda68dbd1cf59ba984840b1468e9b9c69826f9d987352907e24709d28f1c1762	open	missing:q35_ring3_system_interfaces_clause_witnesses	Add exact Q35 Ring 3 witnesses for every required clause before closing this parent.
functions/pthread_attr_setguardsize.html	functions/pthread_attr_setguardsize.html	pthread_attr_getguardsize	a839d791b7313b9113ffefc8e3e2ef39d6ed3533c9aabd004488101345bf4cde	14	accdbe7294f7409fcd531de5a86a48ca0a9372222cd5856efaebe2723f6a9114	open	missing:q35_ring3_system_interfaces_clause_witnesses	Add exact Q35 Ring 3 witnesses for every required clause before closing this parent.
functions/pthread_attr_setinheritsched.html	functions/pthread_attr_setinheritsched.html	pthread_attr_getinheritsched	1de73945194a752f407d60cd29114542b37b19244ecc3cc1eab836be80253007	13	af4f9570dbac1bbf3a7e99f403b72017a779b98a9ac3ca82cf8b3f8ed19ebff5	open	missing:q35_ring3_system_interfaces_clause_witnesses	Add exact Q35 Ring 3 witnesses for every required clause before closing this parent.
functions/pthread_attr_setschedparam.html	functions/pthread_attr_setschedparam.html	pthread_attr_getschedparam	53c6cb11676bc9cb655883ef3db7dc4dde60cdbd51d302f94e9e1ea94734e69e	13	b24f400bc9eb32fff5ed4b5f1701fddb313460274f8ee9db1a0509ce2c56f9d5	open	missing:q35_ring3_system_interfaces_clause_witnesses	Add exact Q35 Ring 3 witnesses for every required clause before closing this parent.
functions/pthread_attr_setschedpolicy.html	functions/pthread_attr_setschedpolicy.html	pthread_attr_getschedpolicy	28611a5a03c48563e815750f6f3edb9480930bbba926b330633339b1108c59ca	13	3fd9c219e1770aa88dee21ee0d73d390b629032bd22a401d587e0f2327fe33d2	open	missing:q35_ring3_system_interfaces_clause_witnesses	Add exact Q35 Ring 3 witnesses for every required clause before closing this parent.
functions/pthread_attr_setscope.html	functions/pthread_attr_setscope.html	pthread_attr_getscope	9f998da2efc048fefc427ebe314b7b5d96251ca54208b6d8b67fee8dedfa7c1a	13	5c651f756d573356541743005011e0b05ceb8ae4813b711236ba7b09de7a519b	open	missing:q35_ring3_system_interfaces_clause_witnesses	Add exact Q35 Ring 3 witnesses for every required clause before closing this parent.
functions/pthread_attr_setstack.html	functions/pthread_attr_setstack.html	pthread_attr_getstack	c929df3e3d174ea756759f1232a0f05d7a68f2fb3e242dbc4d3fb47e4a87ef73	12	dc19b43994aae18b1feebdd56a66bb6c1b431bba362fdb8ee03e7938f37e77e3	open	missing:q35_ring3_system_interfaces_clause_witnesses	Add exact Q35 Ring 3 witnesses for every required clause before closing this parent.
functions/pthread_attr_setstacksize.html	functions/pthread_attr_setstacksize.html	pthread_attr_getstacksize	ec3bd94a20dd59f10fc9434cc5235ae74a08ffab2fe5396e9a797d36e4403d25	13	edafcd676d798056213480ab10e40e44d9c90ff188ad25164c43c743b4e0c793	open	missing:q35_ring3_system_interfaces_clause_witnesses	Add exact Q35 Ring 3 witnesses for every required clause before closing this parent.
functions/pthread_barrier_destroy.html	functions/pthread_barrier_destroy.html	pthread_barrier_destroy	05f704738ed9f4682f411899d5f3ab609f4bcf893d249c3e77292207bb3a8581	12	245bdf18d786fbb1b475e0fa070e6ba07458af0945e3be513c8f256502112f03	open	missing:q35_ring3_system_interfaces_clause_witnesses	Add exact Q35 Ring 3 witnesses for every required clause before closing this parent.
functions/pthread_barrier_init.html	functions/pthread_barrier_init.html	pthread_barrier_destroy	05f704738ed9f4682f411899d5f3ab609f4bcf893d249c3e77292207bb3a8581	12	245bdf18d786fbb1b475e0fa070e6ba07458af0945e3be513c8f256502112f03	open	missing:q35_ring3_system_interfaces_clause_witnesses	Add exact Q35 Ring 3 witnesses for every required clause before closing this parent.
functions/pthread_barrier_wait.html	functions/pthread_barrier_wait.html	pthread_barrier_wait	e1a7158a4896a995fc42591b90b6e714236cded94a71b27e1ecd2477a92ab7d1	12	c438ad108c4ba1db1dd83b68b5d7282491cf4138f1807cca69d557ee16e9e87d	open	missing:q35_ring3_system_interfaces_clause_witnesses	Add exact Q35 Ring 3 witnesses for every required clause before closing this parent.
functions/pthread_barrierattr_destroy.html	functions/pthread_barrierattr_destroy.html	pthread_barrierattr_destroy	50aad804b1392c8fc7e4f863f8caa94d73a45fa93ec7cc162f12084fe32e687d	12	01c68a00276d5d088221fa08e82d998a9a11b9d0a903dedf8bf5d0dda1c303bd	open	missing:q35_ring3_system_interfaces_clause_witnesses	Add exact Q35 Ring 3 witnesses for every required clause before closing this parent.
functions/pthread_barrierattr_getpshared.html	functions/pthread_barrierattr_getpshared.html	pthread_barrierattr_getpshared	6e681954650aea2d9585af9c72114b34161b148500c2fd8efe694790b02f163e	12	249696adfd71bc36b57f198fda1d08dbfd57e013c09e58f2b479f963c905ac29	open	missing:q35_ring3_system_interfaces_clause_witnesses	Add exact Q35 Ring 3 witnesses for every required clause before closing this parent.
functions/pthread_barrierattr_init.html	functions/pthread_barrierattr_init.html	pthread_barrierattr_destroy	50aad804b1392c8fc7e4f863f8caa94d73a45fa93ec7cc162f12084fe32e687d	12	01c68a00276d5d088221fa08e82d998a9a11b9d0a903dedf8bf5d0dda1c303bd	open	missing:q35_ring3_system_interfaces_clause_witnesses	Add exact Q35 Ring 3 witnesses for every required clause before closing this parent.
functions/pthread_barrierattr_setpshared.html	functions/pthread_barrierattr_setpshared.html	pthread_barrierattr_getpshared	6e681954650aea2d9585af9c72114b34161b148500c2fd8efe694790b02f163e	12	249696adfd71bc36b57f198fda1d08dbfd57e013c09e58f2b479f963c905ac29	open	missing:q35_ring3_system_interfaces_clause_witnesses	Add exact Q35 Ring 3 witnesses for every required clause before closing this parent.
functions/pthread_cancel.html	functions/pthread_cancel.html	pthread_cancel	f27fbe036bae54cb2309e452c162b4fbbbbad428ac810878e8e6a5ee5c438d40	13	f4082389d9b83535a8e59406ae786309f9158e64f6ee42d62e0af15823ca7aa5	open	missing:q35_ring3_system_interfaces_clause_witnesses	Add exact Q35 Ring 3 witnesses for every required clause before closing this parent.
functions/pthread_cleanup_pop.html	functions/pthread_cleanup_pop.html	pthread_cleanup_pop	312ca88f4cc302cd111404eaf392da4136f4f23091a938f47eaa7d9b279b3b2c	13	3f236f4c74eb185a8ba5afb5f0fcbd8dd127e114a6a8d01589d80c0dcadc92fd	open	missing:q35_ring3_system_interfaces_clause_witnesses	Add exact Q35 Ring 3 witnesses for every required clause before closing this parent.
functions/pthread_cleanup_push.html	functions/pthread_cleanup_push.html	pthread_cleanup_pop	312ca88f4cc302cd111404eaf392da4136f4f23091a938f47eaa7d9b279b3b2c	13	3f236f4c74eb185a8ba5afb5f0fcbd8dd127e114a6a8d01589d80c0dcadc92fd	open	missing:q35_ring3_system_interfaces_clause_witnesses	Add exact Q35 Ring 3 witnesses for every required clause before closing this parent.
functions/pthread_cond_broadcast.html	functions/pthread_cond_broadcast.html	pthread_cond_broadcast	b3f7e932f02559a3f21307b811f9014ed7ffc6b9b60ee9e9ba73f3d8d0146fdc	14	d1d6c03087ea9f1b663d82580b1152ac83918ae9d04a59621dac451c909bd7c7	open	missing:q35_ring3_system_interfaces_clause_witnesses	Add exact Q35 Ring 3 witnesses for every required clause before closing this parent.
functions/pthread_cond_destroy.html	functions/pthread_cond_destroy.html	pthread_cond_destroy	148bd81adf9b44340a5eb367ec8e3494b73ee8b3b11d102e07a54fbb0c67e8b1	13	d9c78c771c89cc363135935acead1d92d2c8f3a9d84ef2be6754c8e9d3e0e8e7	open	missing:q35_ring3_system_interfaces_clause_witnesses	Add exact Q35 Ring 3 witnesses for every required clause before closing this parent.
functions/pthread_cond_init.html	functions/pthread_cond_init.html	pthread_cond_destroy	148bd81adf9b44340a5eb367ec8e3494b73ee8b3b11d102e07a54fbb0c67e8b1	13	d9c78c771c89cc363135935acead1d92d2c8f3a9d84ef2be6754c8e9d3e0e8e7	open	missing:q35_ring3_system_interfaces_clause_witnesses	Add exact Q35 Ring 3 witnesses for every required clause before closing this parent.
functions/pthread_cond_signal.html	functions/pthread_cond_signal.html	pthread_cond_broadcast	b3f7e932f02559a3f21307b811f9014ed7ffc6b9b60ee9e9ba73f3d8d0146fdc	14	d1d6c03087ea9f1b663d82580b1152ac83918ae9d04a59621dac451c909bd7c7	open	missing:q35_ring3_system_interfaces_clause_witnesses	Add exact Q35 Ring 3 witnesses for every required clause before closing this parent.
functions/pthread_cond_timedwait.html	functions/pthread_cond_timedwait.html	pthread_cond_timedwait	108323b420a342da8bde8fe8b05a3541c7bcc98aac8e532ed1908f010c952565	20	1549204361e1d9993b49956353e89f93e621f7ce80af7be0b956cfd05c8aa804	open	missing:q35_ring3_system_interfaces_clause_witnesses	Add exact Q35 Ring 3 witnesses for every required clause before closing this parent.
functions/pthread_cond_wait.html	functions/pthread_cond_wait.html	pthread_cond_timedwait	108323b420a342da8bde8fe8b05a3541c7bcc98aac8e532ed1908f010c952565	20	1549204361e1d9993b49956353e89f93e621f7ce80af7be0b956cfd05c8aa804	open	missing:q35_ring3_system_interfaces_clause_witnesses	Add exact Q35 Ring 3 witnesses for every required clause before closing this parent.
functions/pthread_condattr_destroy.html	functions/pthread_condattr_destroy.html	pthread_condattr_destroy	793523b0214e9830f14921edf3b4fdd9a237c18b877bfa5a32d6b8e73f2fa683	13	25fd91ac40f60bdf84139a2e9e080a8ae26bfd82ab345684a7a98817f34777f2	open	missing:q35_ring3_system_interfaces_clause_witnesses	Add exact Q35 Ring 3 witnesses for every required clause before closing this parent.
functions/pthread_condattr_getclock.html	functions/pthread_condattr_getclock.html	pthread_condattr_getclock	7cc1858fdc562f74c879114293a83c3f1a0efbf4c9f15bd3efb20395e8103716	12	159a3384121e6513afea5e1060a10b06304e06e34c8d6ec7011fbb5410f90492	open	missing:q35_ring3_system_interfaces_clause_witnesses	Add exact Q35 Ring 3 witnesses for every required clause before closing this parent.
functions/pthread_condattr_getpshared.html	functions/pthread_condattr_getpshared.html	pthread_condattr_getpshared	0aa5928cdab0011be0b193d59def1ddb87e574b88d765efd5f52ee2f679a2a8f	13	bd366f25ebc533768f07a372212deb2b34776c063232e11d13e2ec764ba50dfb	open	missing:q35_ring3_system_interfaces_clause_witnesses	Add exact Q35 Ring 3 witnesses for every required clause before closing this parent.
functions/pthread_condattr_init.html	functions/pthread_condattr_init.html	pthread_condattr_destroy	793523b0214e9830f14921edf3b4fdd9a237c18b877bfa5a32d6b8e73f2fa683	13	25fd91ac40f60bdf84139a2e9e080a8ae26bfd82ab345684a7a98817f34777f2	open	missing:q35_ring3_system_interfaces_clause_witnesses	Add exact Q35 Ring 3 witnesses for every required clause before closing this parent.
functions/pthread_condattr_setclock.html	functions/pthread_condattr_setclock.html	pthread_condattr_getclock	7cc1858fdc562f74c879114293a83c3f1a0efbf4c9f15bd3efb20395e8103716	12	159a3384121e6513afea5e1060a10b06304e06e34c8d6ec7011fbb5410f90492	open	missing:q35_ring3_system_interfaces_clause_witnesses	Add exact Q35 Ring 3 witnesses for every required clause before closing this parent.
functions/pthread_condattr_setpshared.html	functions/pthread_condattr_setpshared.html	pthread_condattr_getpshared	0aa5928cdab0011be0b193d59def1ddb87e574b88d765efd5f52ee2f679a2a8f	13	bd366f25ebc533768f07a372212deb2b34776c063232e11d13e2ec764ba50dfb	open	missing:q35_ring3_system_interfaces_clause_witnesses	Add exact Q35 Ring 3 witnesses for every required clause before closing this parent.
functions/pthread_create.html	functions/pthread_create.html	pthread_create	c127330a21e569af6b4efbca625861bd1e98bff84479c00373bb3f76c741a72f	13	8b49c5179418d29824d525369512bd556a43a22c3b62e4a54452c5545d8ac123	open	missing:q35_ring3_system_interfaces_clause_witnesses	Add exact Q35 Ring 3 witnesses for every required clause before closing this parent.
functions/pthread_detach.html	functions/pthread_detach.html	pthread_detach	563877cf38f751bf494f037455dc25d80cdb00167c4ba83bc7f50f1ae2bc5ccf	13	a1b18b089474659f4955abf4b48619cac91e542af6b6cd5d48c322ee124af8d6	open	missing:q35_ring3_system_interfaces_clause_witnesses	Add exact Q35 Ring 3 witnesses for every required clause before closing this parent.
functions/pthread_equal.html	functions/pthread_equal.html	pthread_equal	bf3481d6015855a06c38edef14139586f150093564eeb65a96f0ce809396080b	13	cf2b21f50e93f0b2de75b6c3293502ae4fc007ef48240722d9194c5285f4cf9d	open	missing:q35_ring3_system_interfaces_clause_witnesses	Add exact Q35 Ring 3 witnesses for every required clause before closing this parent.
functions/pthread_exit.html	functions/pthread_exit.html	pthread_exit	1851cccdefb7a63a8def9b5d6647faf622af69ce4da2123047a7201ed51f78dc	13	6dca203e7c53f4f4cade4aa513f98d1892943ec4c19d2669035d1017908b2f36	open	missing:q35_ring3_system_interfaces_clause_witnesses	Add exact Q35 Ring 3 witnesses for every required clause before closing this parent.
functions/pthread_getconcurrency.html	functions/pthread_getconcurrency.html	pthread_getconcurrency	30fcead4b2a76b48025743be5e59b77ecfc3433a72b2ead63a83c86fe7905e87	12	d82921ff6a0da8c9d917b30379646e525fb10b348b52432a58ecccd7fbb45770	open	missing:q35_ring3_system_interfaces_clause_witnesses	Add exact Q35 Ring 3 witnesses for every required clause before closing this parent.
functions/pthread_getcpuclockid.html	functions/pthread_getcpuclockid.html	pthread_getcpuclockid	ebcbaa1b93ff120a065584c42db7332fcaf46e542b0675996c1ee50391bf1a3c	12	54765fc7d749d278f4fec5ab91e09bd940c94e78fe31d374cbd7dc46f3e8668e	open	missing:q35_ring3_system_interfaces_clause_witnesses	Add exact Q35 Ring 3 witnesses for every required clause before closing this parent.
functions/pthread_getschedparam.html	functions/pthread_getschedparam.html	pthread_getschedparam	af115bf8480343a9696e1325eec3d1e8a0bd78d2e8026652897b5da6b3e4bfa7	13	1aed3fd31c3aa44fc3462d7cc042ce3de47ffe858a11bde12281669148fc2df7	open	missing:q35_ring3_system_interfaces_clause_witnesses	Add exact Q35 Ring 3 witnesses for every required clause before closing this parent.
functions/pthread_getspecific.html	functions/pthread_getspecific.html	pthread_getspecific	7d453f1b7ccda776044e9a835799c6df4f9b7fb6bdc1bf96a55f4234ed9d6f31	13	db4e61fc8aed25fc2bc5b683e8fe9415a1a3e430cc7e762d59a56018eb79a4ea	open	missing:q35_ring3_system_interfaces_clause_witnesses	Add exact Q35 Ring 3 witnesses for every required clause before closing this parent.
functions/pthread_join.html	functions/pthread_join.html	pthread_join	a23e1bea34d69ad7c4f42828ef62832b8e23c525234719db45a8d13893f29e58	13	ac551320179ea0b4878046bf0fa33944335bea8639c6585c421f01df693cc66f	open	missing:q35_ring3_system_interfaces_clause_witnesses	Add exact Q35 Ring 3 witnesses for every required clause before closing this parent.
functions/pthread_key_create.html	functions/pthread_key_create.html	pthread_key_create	2329e364d3fafa64467c7d8b19487d5325e6e264421d56483b07e814657e6f43	15	272abcacaa62a046925cfe12205bbe8403a220ac1cec8bfc3da52b0f33ecc1c7	open	missing:q35_ring3_system_interfaces_clause_witnesses	Add exact Q35 Ring 3 witnesses for every required clause before closing this parent.
functions/pthread_key_delete.html	functions/pthread_key_delete.html	pthread_key_delete	80dda19a60302ea807db5b517733c5a2769be0160dc4aedb3769d6431c8af942	13	f2c595dd689ecb23e48ec6f1fa97148b4531fed8591944435168e5537095c78e	open	missing:q35_ring3_system_interfaces_clause_witnesses	Add exact Q35 Ring 3 witnesses for every required clause before closing this parent.
functions/pthread_kill.html	functions/pthread_kill.html	pthread_kill	fd5dad151ba5408c82769a8f84e2659c3550b514af3889882b3baa3c6361e9c4	13	abd75bf956e2c18fff5d7af1f924bc86b9c09b0b4c81e67621b50a23cc07199a	open	missing:q35_ring3_system_interfaces_clause_witnesses	Add exact Q35 Ring 3 witnesses for every required clause before closing this parent.
functions/pthread_mutex_consistent.html	functions/pthread_mutex_consistent.html	pthread_mutex_consistent	e1cbf5979cc9ce4f28a7b7ddb5acca0aa187e93db257c7cd85171f2a6ecb65db	11	8e569f749d9e3a6a81c2eb67607c1d07c4c9b2067ca73b09a7e3da82b81e618f	open	missing:q35_ring3_system_interfaces_clause_witnesses	Add exact Q35 Ring 3 witnesses for every required clause before closing this parent.
functions/pthread_mutex_destroy.html	functions/pthread_mutex_destroy.html	pthread_mutex_destroy	080456447513dde12d56b7e623862f50a585fe1942b535b05b9324b0ef2e008d	19	40c81e1df2fda8f59964a64d85d322a5a63256c8e9a3f849c91852d95f9f5825	open	missing:q35_ring3_system_interfaces_clause_witnesses	Add exact Q35 Ring 3 witnesses for every required clause before closing this parent.
functions/pthread_mutex_getprioceiling.html	functions/pthread_mutex_getprioceiling.html	pthread_mutex_getprioceiling	a81010b98a20bb072956761849564dba7e9cde73bd98fb70a395b177ae6d74c1	13	22677a585d06deb5350ad1b66c29a89c3a691e23491c98223d5d91f236fde202	open	missing:q35_ring3_system_interfaces_clause_witnesses	Add exact Q35 Ring 3 witnesses for every required clause before closing this parent.
functions/pthread_mutex_init.html	functions/pthread_mutex_init.html	pthread_mutex_destroy	080456447513dde12d56b7e623862f50a585fe1942b535b05b9324b0ef2e008d	19	40c81e1df2fda8f59964a64d85d322a5a63256c8e9a3f849c91852d95f9f5825	open	missing:q35_ring3_system_interfaces_clause_witnesses	Add exact Q35 Ring 3 witnesses for every required clause before closing this parent.
functions/pthread_mutex_lock.html	functions/pthread_mutex_lock.html	pthread_mutex_lock	90d8416731f5bcd62c87f451d6825979ebdaf8e7485ba7a3e32fbe4de9838e39	13	418e9e85b2acf18a5354cc823cff38057d660e46ff6713bf8a001c14afffdd9c	open	missing:q35_ring3_system_interfaces_clause_witnesses	Add exact Q35 Ring 3 witnesses for every required clause before closing this parent.
functions/pthread_mutex_setprioceiling.html	functions/pthread_mutex_setprioceiling.html	pthread_mutex_getprioceiling	a81010b98a20bb072956761849564dba7e9cde73bd98fb70a395b177ae6d74c1	13	22677a585d06deb5350ad1b66c29a89c3a691e23491c98223d5d91f236fde202	open	missing:q35_ring3_system_interfaces_clause_witnesses	Add exact Q35 Ring 3 witnesses for every required clause before closing this parent.
functions/pthread_mutex_timedlock.html	functions/pthread_mutex_timedlock.html	pthread_mutex_timedlock	aa68d3c676918ee85a76f05995c11ec61e96e710efe7a6ea765736068dbc2e44	12	2db2a41701a7b73fa09936a9d9878ae12fedb4a3ce86a6cfaa92f244461ac3b1	open	missing:q35_ring3_system_interfaces_clause_witnesses	Add exact Q35 Ring 3 witnesses for every required clause before closing this parent.
functions/pthread_mutex_trylock.html	functions/pthread_mutex_trylock.html	pthread_mutex_lock	90d8416731f5bcd62c87f451d6825979ebdaf8e7485ba7a3e32fbe4de9838e39	13	418e9e85b2acf18a5354cc823cff38057d660e46ff6713bf8a001c14afffdd9c	open	missing:q35_ring3_system_interfaces_clause_witnesses	Add exact Q35 Ring 3 witnesses for every required clause before closing this parent.
functions/pthread_mutex_unlock.html	functions/pthread_mutex_unlock.html	pthread_mutex_lock	90d8416731f5bcd62c87f451d6825979ebdaf8e7485ba7a3e32fbe4de9838e39	13	418e9e85b2acf18a5354cc823cff38057d660e46ff6713bf8a001c14afffdd9c	open	missing:q35_ring3_system_interfaces_clause_witnesses	Add exact Q35 Ring 3 witnesses for every required clause before closing this parent.
functions/pthread_mutexattr_destroy.html	functions/pthread_mutexattr_destroy.html	pthread_mutexattr_destroy	0412b289616fa38f905c7fba238201c66d8773db2355f8a36141d9b8b8cac688	15	30b89f9e18aee03e07ef546296416ed9e7dfe17974d5482d5e523fb4e8d0cac0	open	missing:q35_ring3_system_interfaces_clause_witnesses	Add exact Q35 Ring 3 witnesses for every required clause before closing this parent.
functions/pthread_mutexattr_getprioceiling.html	functions/pthread_mutexattr_getprioceiling.html	pthread_mutexattr_getprioceiling	ee7f5dd506e52bd45cf8f7b1009bb1d3e5f37136cb1b63df0c14b322682b32ba	13	bdcd6b4d5cb038f0e1af92bb5a015775d79f3502292d1a100e3c8b214e79af4e	open	missing:q35_ring3_system_interfaces_clause_witnesses	Add exact Q35 Ring 3 witnesses for every required clause before closing this parent.
functions/pthread_mutexattr_getprotocol.html	functions/pthread_mutexattr_getprotocol.html	pthread_mutexattr_getprotocol	07452a8b52b9d1ba684e24dd5905b3af34f97271cf6f3ba6a803670c18f57ced	13	1820c9d2303229a12f0d860b4fe8fbefff886519dfa72bb3a1ebc6d32221840d	open	missing:q35_ring3_system_interfaces_clause_witnesses	Add exact Q35 Ring 3 witnesses for every required clause before closing this parent.
functions/pthread_mutexattr_getpshared.html	functions/pthread_mutexattr_getpshared.html	pthread_mutexattr_getpshared	8f5299c8b50b335938ec0f1cb5d40598efdc02bf665a6f26f74d8e53f8cd16e9	13	cadad7cbea8c16280c6ab4f439ebcd0085663b283ce919a49d972c7155e046d4	open	missing:q35_ring3_system_interfaces_clause_witnesses	Add exact Q35 Ring 3 witnesses for every required clause before closing this parent.
functions/pthread_mutexattr_getrobust.html	functions/pthread_mutexattr_getrobust.html	pthread_mutexattr_getrobust	692b738504b61bcb35f3cd2d857295dad32ef39dbdfc796db0dc6eb8b481b624	11	6fe936f6e2d0efe41826746f81a4f50bfc0b9f530f26d3808c3a08d411a1d4fd	open	missing:q35_ring3_system_interfaces_clause_witnesses	Add exact Q35 Ring 3 witnesses for every required clause before closing this parent.
functions/pthread_mutexattr_gettype.html	functions/pthread_mutexattr_gettype.html	pthread_mutexattr_gettype	f3496217043043cdf28aaacc4dbb69fd3987adf38b59cea3ad0b751fec168438	13	f28d14ec8c515ab18341280c3b7f60f2d381f54e8bab55eecd9d722926e673f3	open	missing:q35_ring3_system_interfaces_clause_witnesses	Add exact Q35 Ring 3 witnesses for every required clause before closing this parent.
functions/pthread_mutexattr_init.html	functions/pthread_mutexattr_init.html	pthread_mutexattr_destroy	0412b289616fa38f905c7fba238201c66d8773db2355f8a36141d9b8b8cac688	15	30b89f9e18aee03e07ef546296416ed9e7dfe17974d5482d5e523fb4e8d0cac0	open	missing:q35_ring3_system_interfaces_clause_witnesses	Add exact Q35 Ring 3 witnesses for every required clause before closing this parent.
functions/pthread_mutexattr_setprioceiling.html	functions/pthread_mutexattr_setprioceiling.html	pthread_mutexattr_getprioceiling	ee7f5dd506e52bd45cf8f7b1009bb1d3e5f37136cb1b63df0c14b322682b32ba	13	bdcd6b4d5cb038f0e1af92bb5a015775d79f3502292d1a100e3c8b214e79af4e	open	missing:q35_ring3_system_interfaces_clause_witnesses	Add exact Q35 Ring 3 witnesses for every required clause before closing this parent.
functions/pthread_mutexattr_setprotocol.html	functions/pthread_mutexattr_setprotocol.html	pthread_mutexattr_getprotocol	07452a8b52b9d1ba684e24dd5905b3af34f97271cf6f3ba6a803670c18f57ced	13	1820c9d2303229a12f0d860b4fe8fbefff886519dfa72bb3a1ebc6d32221840d	open	missing:q35_ring3_system_interfaces_clause_witnesses	Add exact Q35 Ring 3 witnesses for every required clause before closing this parent.
functions/pthread_mutexattr_setpshared.html	functions/pthread_mutexattr_setpshared.html	pthread_mutexattr_getpshared	8f5299c8b50b335938ec0f1cb5d40598efdc02bf665a6f26f74d8e53f8cd16e9	13	cadad7cbea8c16280c6ab4f439ebcd0085663b283ce919a49d972c7155e046d4	open	missing:q35_ring3_system_interfaces_clause_witnesses	Add exact Q35 Ring 3 witnesses for every required clause before closing this parent.
functions/pthread_mutexattr_setrobust.html	functions/pthread_mutexattr_setrobust.html	pthread_mutexattr_getrobust	692b738504b61bcb35f3cd2d857295dad32ef39dbdfc796db0dc6eb8b481b624	11	6fe936f6e2d0efe41826746f81a4f50bfc0b9f530f26d3808c3a08d411a1d4fd	open	missing:q35_ring3_system_interfaces_clause_witnesses	Add exact Q35 Ring 3 witnesses for every required clause before closing this parent.
functions/pthread_mutexattr_settype.html	functions/pthread_mutexattr_settype.html	pthread_mutexattr_gettype	f3496217043043cdf28aaacc4dbb69fd3987adf38b59cea3ad0b751fec168438	13	f28d14ec8c515ab18341280c3b7f60f2d381f54e8bab55eecd9d722926e673f3	open	missing:q35_ring3_system_interfaces_clause_witnesses	Add exact Q35 Ring 3 witnesses for every required clause before closing this parent.
functions/pthread_once.html	functions/pthread_once.html	pthread_once	b6909b4e428632eb4e401f29efcb101469d50d2bf612b0ea5d8594daa80d264a	13	712ae3f1e0bb62842e1042a0b0efaba9af9bb547e680cd6df00ebed6957efe24	open	missing:q35_ring3_system_interfaces_clause_witnesses	Add exact Q35 Ring 3 witnesses for every required clause before closing this parent.
functions/pthread_rwlock_destroy.html	functions/pthread_rwlock_destroy.html	pthread_rwlock_destroy	5c5414144ecdc50966e460cc4440fc60746d9e8cf77bf46c5a55133dc7bb74f9	13	a267b27b743522d956cd849b2879daa1c13d8474bee309019e909d53f0c16099	open	missing:q35_ring3_system_interfaces_clause_witnesses	Add exact Q35 Ring 3 witnesses for every required clause before closing this parent.
functions/pthread_rwlock_init.html	functions/pthread_rwlock_init.html	pthread_rwlock_destroy	5c5414144ecdc50966e460cc4440fc60746d9e8cf77bf46c5a55133dc7bb74f9	13	a267b27b743522d956cd849b2879daa1c13d8474bee309019e909d53f0c16099	open	missing:q35_ring3_system_interfaces_clause_witnesses	Add exact Q35 Ring 3 witnesses for every required clause before closing this parent.
functions/pthread_rwlock_rdlock.html	functions/pthread_rwlock_rdlock.html	pthread_rwlock_rdlock	b3598f237b1e959874f03a43199df072f9ea76ce16110cea55c514a15459bf5f	13	81acb521c89069310a8dd795d87c4b8aaf74cfe22cdadb987295f06efa8aba57	open	missing:q35_ring3_system_interfaces_clause_witnesses	Add exact Q35 Ring 3 witnesses for every required clause before closing this parent.
functions/pthread_rwlock_timedrdlock.html	functions/pthread_rwlock_timedrdlock.html	pthread_rwlock_timedrdlock	dfc6995c53b4675baf2a5d7f12733458d7f8651f525796896106610d8f346fd8	12	642a24505057f5e908f6c4ae2949c22be5ac0e7c3cf9052fd5f82dda8bb4a8c3	open	missing:q35_ring3_system_interfaces_clause_witnesses	Add exact Q35 Ring 3 witnesses for every required clause before closing this parent.
functions/pthread_rwlock_timedwrlock.html	functions/pthread_rwlock_timedwrlock.html	pthread_rwlock_timedwrlock	44ae92bb0494ca0a79b67c295685167f6893c4eb42d0f458ebb8dc40b5a11485	12	4d9a137ef9c80507cab5d828d00aab61a436655f36d1f59950c7efd088d72c0d	open	missing:q35_ring3_system_interfaces_clause_witnesses	Add exact Q35 Ring 3 witnesses for every required clause before closing this parent.
functions/pthread_rwlock_tryrdlock.html	functions/pthread_rwlock_tryrdlock.html	pthread_rwlock_rdlock	b3598f237b1e959874f03a43199df072f9ea76ce16110cea55c514a15459bf5f	13	81acb521c89069310a8dd795d87c4b8aaf74cfe22cdadb987295f06efa8aba57	open	missing:q35_ring3_system_interfaces_clause_witnesses	Add exact Q35 Ring 3 witnesses for every required clause before closing this parent.
functions/pthread_rwlock_trywrlock.html	functions/pthread_rwlock_trywrlock.html	pthread_rwlock_trywrlock	4d51f0f9ee94b0543718530fbea993a06c59f52b1a750910964cd22b4228141e	13	5152d8f88554db6374af9e60dcf0ac3f3756054ead61d53ca99a88c30abc8e02	open	missing:q35_ring3_system_interfaces_clause_witnesses	Add exact Q35 Ring 3 witnesses for every required clause before closing this parent.
functions/pthread_rwlock_unlock.html	functions/pthread_rwlock_unlock.html	pthread_rwlock_unlock	7ac1508d1197d274a13432d06ea7f97b25006ccb27a6b944a9b39b6a4cd1246e	13	9e519d3dde37c62a3c18cf9087f4ac3e775e265a8cc4f028b4e6ba9402a5bb7f	open	missing:q35_ring3_system_interfaces_clause_witnesses	Add exact Q35 Ring 3 witnesses for every required clause before closing this parent.
functions/pthread_rwlock_wrlock.html	functions/pthread_rwlock_wrlock.html	pthread_rwlock_trywrlock	4d51f0f9ee94b0543718530fbea993a06c59f52b1a750910964cd22b4228141e	13	5152d8f88554db6374af9e60dcf0ac3f3756054ead61d53ca99a88c30abc8e02	open	missing:q35_ring3_system_interfaces_clause_witnesses	Add exact Q35 Ring 3 witnesses for every required clause before closing this parent.
functions/pthread_rwlockattr_destroy.html	functions/pthread_rwlockattr_destroy.html	pthread_rwlockattr_destroy	cbdf8c8ff1b47cae1609d80f885a6db0210a8d422927873e8246282fa6749e92	13	321d2c2e314db3e11e3563c4f8254a0c4a67bb12b5a347fea28d47123f941a00	open	missing:q35_ring3_system_interfaces_clause_witnesses	Add exact Q35 Ring 3 witnesses for every required clause before closing this parent.
functions/pthread_rwlockattr_getpshared.html	functions/pthread_rwlockattr_getpshared.html	pthread_rwlockattr_getpshared	c7aa678cd8c273f69955ec6d67db82474d2e892ca323b6c1b9df7a778f4acfde	13	edc9d8fb8a8de3c115c6d1a40797305d3602b08f52b0fa89c2b711b09dedc8ee	open	missing:q35_ring3_system_interfaces_clause_witnesses	Add exact Q35 Ring 3 witnesses for every required clause before closing this parent.
functions/pthread_rwlockattr_init.html	functions/pthread_rwlockattr_init.html	pthread_rwlockattr_destroy	cbdf8c8ff1b47cae1609d80f885a6db0210a8d422927873e8246282fa6749e92	13	321d2c2e314db3e11e3563c4f8254a0c4a67bb12b5a347fea28d47123f941a00	open	missing:q35_ring3_system_interfaces_clause_witnesses	Add exact Q35 Ring 3 witnesses for every required clause before closing this parent.
functions/pthread_rwlockattr_setpshared.html	functions/pthread_rwlockattr_setpshared.html	pthread_rwlockattr_getpshared	c7aa678cd8c273f69955ec6d67db82474d2e892ca323b6c1b9df7a778f4acfde	13	edc9d8fb8a8de3c115c6d1a40797305d3602b08f52b0fa89c2b711b09dedc8ee	open	missing:q35_ring3_system_interfaces_clause_witnesses	Add exact Q35 Ring 3 witnesses for every required clause before closing this parent.
functions/pthread_self.html	functions/pthread_self.html	pthread_self	7e2368ca92bab43ceca22622f0cf580217ff05c832738702f8cc0ddca9187aed	13	5275e698f34c9f3bfe39b45bcbd41ab3d08a2285ce62e60657c8d1b512cc49f7	open	missing:q35_ring3_system_interfaces_clause_witnesses	Add exact Q35 Ring 3 witnesses for every required clause before closing this parent.
functions/pthread_setcancelstate.html	functions/pthread_setcancelstate.html	pthread_setcancelstate	9731b5ffae003d44e47949d55522d558a68bfeff1f914bb78008daa58d3cc1f0	13	6e6114099ce5f9dbb3d03447949dc06af9ed474c6bb80672c19c73df1db729f4	open	missing:q35_ring3_system_interfaces_clause_witnesses	Add exact Q35 Ring 3 witnesses for every required clause before closing this parent.
functions/pthread_setcanceltype.html	functions/pthread_setcanceltype.html	pthread_setcancelstate	9731b5ffae003d44e47949d55522d558a68bfeff1f914bb78008daa58d3cc1f0	13	6e6114099ce5f9dbb3d03447949dc06af9ed474c6bb80672c19c73df1db729f4	open	missing:q35_ring3_system_interfaces_clause_witnesses	Add exact Q35 Ring 3 witnesses for every required clause before closing this parent.
functions/pthread_setconcurrency.html	functions/pthread_setconcurrency.html	pthread_getconcurrency	30fcead4b2a76b48025743be5e59b77ecfc3433a72b2ead63a83c86fe7905e87	12	d82921ff6a0da8c9d917b30379646e525fb10b348b52432a58ecccd7fbb45770	open	missing:q35_ring3_system_interfaces_clause_witnesses	Add exact Q35 Ring 3 witnesses for every required clause before closing this parent.
functions/pthread_setschedparam.html	functions/pthread_setschedparam.html	pthread_getschedparam	af115bf8480343a9696e1325eec3d1e8a0bd78d2e8026652897b5da6b3e4bfa7	13	1aed3fd31c3aa44fc3462d7cc042ce3de47ffe858a11bde12281669148fc2df7	open	missing:q35_ring3_system_interfaces_clause_witnesses	Add exact Q35 Ring 3 witnesses for every required clause before closing this parent.
functions/pthread_setschedprio.html	functions/pthread_setschedprio.html	pthread_setschedprio	9e19826f35c68063308c9a97220189345c6776867e80a942c632d81a079ef3c7	12	0e2f936a60146619cbab267fc6a4d9898d9fb74c07b8e2fbbc6f17ee00443537	open	missing:q35_ring3_system_interfaces_clause_witnesses	Add exact Q35 Ring 3 witnesses for every required clause before closing this parent.
functions/pthread_setspecific.html	functions/pthread_setspecific.html	pthread_getspecific	7d453f1b7ccda776044e9a835799c6df4f9b7fb6bdc1bf96a55f4234ed9d6f31	13	db4e61fc8aed25fc2bc5b683e8fe9415a1a3e430cc7e762d59a56018eb79a4ea	open	missing:q35_ring3_system_interfaces_clause_witnesses	Add exact Q35 Ring 3 witnesses for every required clause before closing this parent.
functions/pthread_sigmask.html	functions/pthread_sigmask.html	pthread_sigmask	c98973188748ad6fd4deaea734520c57e267ffdce04571cec6a4bebcee607d2b	15	93c49aaefa6d8d103ffb104f1d2b6430361cc0d5157c3d45e5a081af81279858	open	missing:q35_ring3_system_interfaces_clause_witnesses	Add exact Q35 Ring 3 witnesses for every required clause before closing this parent.
functions/pthread_spin_destroy.html	functions/pthread_spin_destroy.html	pthread_spin_destroy	0f1a11a78b92d2bfa7fa018d2e05cf9fefa61fc7524cecd913ebcb42e0b5ee91	12	be62b38abb3609d0ed00d557ac19aada2703908cefefe213a6434a3b26bf4440	open	missing:q35_ring3_system_interfaces_clause_witnesses	Add exact Q35 Ring 3 witnesses for every required clause before closing this parent.
functions/pthread_spin_init.html	functions/pthread_spin_init.html	pthread_spin_destroy	0f1a11a78b92d2bfa7fa018d2e05cf9fefa61fc7524cecd913ebcb42e0b5ee91	12	be62b38abb3609d0ed00d557ac19aada2703908cefefe213a6434a3b26bf4440	open	missing:q35_ring3_system_interfaces_clause_witnesses	Add exact Q35 Ring 3 witnesses for every required clause before closing this parent.
functions/pthread_spin_lock.html	functions/pthread_spin_lock.html	pthread_spin_lock	e9edfae36cf2e39a4a956cc6737c1bd9b53b2f2005e5086fc1b03255f9c5749d	12	43c18522e6bd2c4b4747da743c115f3bebb1105eb6d4abe6a5222d6c48d16b43	open	missing:q35_ring3_system_interfaces_clause_witnesses	Add exact Q35 Ring 3 witnesses for every required clause before closing this parent.
functions/pthread_spin_trylock.html	functions/pthread_spin_trylock.html	pthread_spin_lock	e9edfae36cf2e39a4a956cc6737c1bd9b53b2f2005e5086fc1b03255f9c5749d	12	43c18522e6bd2c4b4747da743c115f3bebb1105eb6d4abe6a5222d6c48d16b43	open	missing:q35_ring3_system_interfaces_clause_witnesses	Add exact Q35 Ring 3 witnesses for every required clause before closing this parent.
functions/pthread_spin_unlock.html	functions/pthread_spin_unlock.html	pthread_spin_unlock	e6c55ddf53515ee7292d2bf82c1285c1f2a07f816b81d807a142e7e87f3a3d6d	12	b449c98d03ac41e862c508408e16d7c449de9f8fcc2f63b0e86c1218fbbe5a7f	open	missing:q35_ring3_system_interfaces_clause_witnesses	Add exact Q35 Ring 3 witnesses for every required clause before closing this parent.
functions/pthread_testcancel.html	functions/pthread_testcancel.html	pthread_setcancelstate	9731b5ffae003d44e47949d55522d558a68bfeff1f914bb78008daa58d3cc1f0	13	6e6114099ce5f9dbb3d03447949dc06af9ed474c6bb80672c19c73df1db729f4	open	missing:q35_ring3_system_interfaces_clause_witnesses	Add exact Q35 Ring 3 witnesses for every required clause before closing this parent.
functions/ptsname.html	functions/ptsname.html	ptsname	d312f8c31d447a017f7d4bb9064acf04bebba11d0511040770ab0dcf5d73f0a6	13	d01b1e734988eaf935e25ce86a57051ceec4a9fd6466e3993c05e92b6745eb64	open	missing:q35_ring3_system_interfaces_clause_witnesses	Add exact Q35 Ring 3 witnesses for every required clause before closing this parent.
functions/putc.html	functions/putc.html	putc	e7065c49c17238297f758fb9307cd203f47b632937a58a9529910dac531f03cf	12	b634d0c39e2ff7d42ca4f8de766d318002bc02be442d7b0b9854d8373c3c0b81	open	missing:q35_ring3_system_interfaces_clause_witnesses	Add exact Q35 Ring 3 witnesses for every required clause before closing this parent.
functions/putc_unlocked.html	functions/putc_unlocked.html	getc_unlocked	3dfb5a891d6fae350b12d838f3093734d893078006be461dce9a837e0c422f14	13	19c4517d7af0f6dfb8c15c78b94d937c242869ac55a3a2c49e2dd9b7e9aa482e	open	missing:q35_ring3_system_interfaces_clause_witnesses	Add exact Q35 Ring 3 witnesses for every required clause before closing this parent.
functions/putchar.html	functions/putchar.html	putchar	54223046ddb2e7917fe0b7037ad0419e5aa94e3a43a548199a5c8da3e5f3c1bb	12	485267cea0bd56b45d188dcb2bec361cef2b9292e26c0e236b9cd84f5f3ed76e	open	missing:q35_ring3_system_interfaces_clause_witnesses	Add exact Q35 Ring 3 witnesses for every required clause before closing this parent.
functions/putchar_unlocked.html	functions/putchar_unlocked.html	getc_unlocked	3dfb5a891d6fae350b12d838f3093734d893078006be461dce9a837e0c422f14	13	19c4517d7af0f6dfb8c15c78b94d937c242869ac55a3a2c49e2dd9b7e9aa482e	open	missing:q35_ring3_system_interfaces_clause_witnesses	Add exact Q35 Ring 3 witnesses for every required clause before closing this parent.
functions/putenv.html	functions/putenv.html	putenv	d59250724d89b4fc0d16763a6eaa9d031750f760fe5dc35637fd466666a7b7d4	15	c5ef10f36dec8aac33e28c1c45718133649fa595417b73d82e50749464b920fc	open	missing:q35_ring3_system_interfaces_clause_witnesses	Add exact Q35 Ring 3 witnesses for every required clause before closing this parent.
functions/putmsg.html	functions/putmsg.html	putmsg	b2075779c69fe4fbe2021544115655b13e8e61a840e32c80245f808950ce1e6e	16	f0077aac4727d9f73e10ef2247b12e1458c0b610f002efd359c4dc2b5d9bb4f2	open	missing:q35_ring3_system_interfaces_clause_witnesses	Add exact Q35 Ring 3 witnesses for every required clause before closing this parent.
functions/putpmsg.html	functions/putpmsg.html	putmsg	b2075779c69fe4fbe2021544115655b13e8e61a840e32c80245f808950ce1e6e	16	f0077aac4727d9f73e10ef2247b12e1458c0b610f002efd359c4dc2b5d9bb4f2	open	missing:q35_ring3_system_interfaces_clause_witnesses	Add exact Q35 Ring 3 witnesses for every required clause before closing this parent.
functions/puts.html	functions/puts.html	puts	a008515a07e585ccec0b8f9bdf3d992b30d00e29997ac4ee2c2c4b574625dcf5	14	4d9a28a38e663f667ba3408d8b75be17c35191f60a33e12300f31a8178c9ed17	open	missing:q35_ring3_system_interfaces_clause_witnesses	Add exact Q35 Ring 3 witnesses for every required clause before closing this parent.
functions/pututxline.html	functions/pututxline.html	endutxent	cb0419ced45570475a99a9a70cdef775fbb0a84b1c8bb87d32cbc2e4f28f05da	14	b742470132e5978929c38ad1ed9a5d5813604ecd2bcd1d37cdd4de6505c85452	open	missing:q35_ring3_system_interfaces_clause_witnesses	Add exact Q35 Ring 3 witnesses for every required clause before closing this parent.
functions/putwc.html	functions/putwc.html	putwc	92f49b56addd7106e5076d141607458ebba2b4222a78be3ba620395bb7dd9aee	13	4c8f5c119b41d92c2e30c461a0c3bdafeead89985c7f782f49cb149104ae579f	open	missing:q35_ring3_system_interfaces_clause_witnesses	Add exact Q35 Ring 3 witnesses for every required clause before closing this parent.
functions/putwchar.html	functions/putwchar.html	putwchar	904f5cbb7fc0d2c1dd9e88096eb24bfbc3fa201ca57f410ac535f24bee8f8edf	13	e4fa17e476ac22417d92785cdbe4d9133def4ba021d7f74152263d4e2225a346	open	missing:q35_ring3_system_interfaces_clause_witnesses	Add exact Q35 Ring 3 witnesses for every required clause before closing this parent.
functions/pwrite.html	functions/pwrite.html	write	fb1414ac42077c6b0dac1229e084aeee9444c362df0fb14505fea4ac6842b2cb	15	b9a147003e23e12b5c5d0133dbf4b2bc1edfcbae11caf0f364c9a95bfd8cae62	open	missing:q35_ring3_system_interfaces_clause_witnesses	Add exact Q35 Ring 3 witnesses for every required clause before closing this parent.
functions/qsort.html	functions/qsort.html	qsort	6ae3b9e7c6ab3b6fc33b9b463975b9431c6ad3a05e7758372e7ceb048af0cfc0	12	da2b21aec41391f1ccc46279df123c34938997e7d0ca70e0967c150efd089349	open	missing:q35_ring3_system_interfaces_clause_witnesses	Add exact Q35 Ring 3 witnesses for every required clause before closing this parent.
functions/raise.html	functions/raise.html	raise	cdd29b20aaa248b5742083c024ef702fe53ad5cc96a85dd5ee122c5b1bbfb8b7	14	7fc602e4853f600536e9f3b361e8f90071ef4707b3e40b7afd1e297d0e7d5e8d	open	missing:q35_ring3_system_interfaces_clause_witnesses	Add exact Q35 Ring 3 witnesses for every required clause before closing this parent.
functions/rand.html	functions/rand.html	rand	e9b33c40f6db6573ed06f90fbf051399f51d619962002b64db4053ba5a39e945	16	b9dd17310d76ff33512e9de7cd887fcee3c45cda743afb0defae9ea561086a6b	open	missing:q35_ring3_system_interfaces_clause_witnesses	Add exact Q35 Ring 3 witnesses for every required clause before closing this parent.
functions/rand_r.html	functions/rand_r.html	rand	e9b33c40f6db6573ed06f90fbf051399f51d619962002b64db4053ba5a39e945	16	b9dd17310d76ff33512e9de7cd887fcee3c45cda743afb0defae9ea561086a6b	open	missing:q35_ring3_system_interfaces_clause_witnesses	Add exact Q35 Ring 3 witnesses for every required clause before closing this parent.
functions/random.html	functions/random.html	initstate	8129cacb309f1c0aae61d8e1fde13556fcf26ea3cdd915b925a61e983ad3ed4d	14	adb107cceaa65b0f3300303be45bd36ebbcc282304f1bf1b400fb3f7cc77cecf	open	missing:q35_ring3_system_interfaces_clause_witnesses	Add exact Q35 Ring 3 witnesses for every required clause before closing this parent.
functions/read.html	functions/read.html	read	b3612fc6ce3fbf8494c70bbf3ee129662a6ac37042bc189f2df74773eed3c5e7	16	3df62e14bd3bcae737b21d91ae4c111c10fad6850f0d9de470e43640488af86c	open	missing:q35_ring3_system_interfaces_clause_witnesses	Add exact Q35 Ring 3 witnesses for every required clause before closing this parent.
functions/readdir.html	functions/readdir.html	readdir	b511995cca2e00d7b70064c0ac83cb22273574d989bddf7e31670cc06d849346	14	53dfe23b2c170aa4038ff8c30981ed35d2a39a9945fa8a7ffe7e1eb18c659ac0	open	missing:q35_ring3_system_interfaces_clause_witnesses	Add exact Q35 Ring 3 witnesses for every required clause before closing this parent.
functions/readdir_r.html	functions/readdir_r.html	readdir	b511995cca2e00d7b70064c0ac83cb22273574d989bddf7e31670cc06d849346	14	53dfe23b2c170aa4038ff8c30981ed35d2a39a9945fa8a7ffe7e1eb18c659ac0	open	missing:q35_ring3_system_interfaces_clause_witnesses	Add exact Q35 Ring 3 witnesses for every required clause before closing this parent.
functions/readlink.html	functions/readlink.html	readlink	dff101fa130c8b0e367f3c50d6ce19603feadfe070d7288ce78413b50abddda8	15	675e779afdb52d9ab245c835269b388729f7abb341408cbcdb1dd3b01ea9f83d	open	missing:q35_ring3_system_interfaces_clause_witnesses	Add exact Q35 Ring 3 witnesses for every required clause before closing this parent.
functions/readlinkat.html	functions/readlinkat.html	readlink	dff101fa130c8b0e367f3c50d6ce19603feadfe070d7288ce78413b50abddda8	15	675e779afdb52d9ab245c835269b388729f7abb341408cbcdb1dd3b01ea9f83d	open	missing:q35_ring3_system_interfaces_clause_witnesses	Add exact Q35 Ring 3 witnesses for every required clause before closing this parent.
functions/readv.html	functions/readv.html	readv	37e046cd65d64ea3378b32d845e4d8436e29348341499b9dd73f1b2ec540261e	14	b561f132abe17ba21e73aee5c6fc2018e0f1f588cb9cbcb65140c254d7448c36	open	missing:q35_ring3_system_interfaces_clause_witnesses	Add exact Q35 Ring 3 witnesses for every required clause before closing this parent.
functions/realloc.html	functions/realloc.html	realloc	1b6efe6c2f5c0a858a9aa0db9202e5bf5c756d3d23ec0fb2d570637105a790c0	13	698005926ce07f060f6c26cbeab2997f20d8c5b0d2e38c1837910ab6b06996d4	open	missing:q35_ring3_system_interfaces_clause_witnesses	Add exact Q35 Ring 3 witnesses for every required clause before closing this parent.
functions/realpath.html	functions/realpath.html	realpath	1f6542852cbb2fe3b5aa7b6ed67187a820e372410a752e601a14dbd93049286c	15	70382bf5c97609d4c0bb022f0c283354a0d0fde2dd6841c80e89658e713e657a	open	missing:q35_ring3_system_interfaces_clause_witnesses	Add exact Q35 Ring 3 witnesses for every required clause before closing this parent.
functions/recv.html	functions/recv.html	recv	eefc2188c0d4ab0f6966cedffba99ef534544f43d2af8b40c0273df63b8b80db	12	cb52ee00e8a7add012a392ea4ed7c05f026affdad9aff7874b98eaf7a34dbca7	open	missing:q35_ring3_system_interfaces_clause_witnesses	Add exact Q35 Ring 3 witnesses for every required clause before closing this parent.
functions/recvfrom.html	functions/recvfrom.html	recvfrom	b57b8f7298910a5e7bc02db97dc6db12f9c4ca3df2a2c403c62e0d3c7fb584b4	12	9add9be1901e73b338d57131fbf61a924d3a4bd942e2a3ce5330b4a376a30bd0	open	missing:q35_ring3_system_interfaces_clause_witnesses	Add exact Q35 Ring 3 witnesses for every required clause before closing this parent.
functions/recvmsg.html	functions/recvmsg.html	recvmsg	65ce3ab81fe4c32236cb19194dff917ac97e9d548e1d223896e99aed60069d02	12	8920bf352ee96a726a97e9be3efa7474efb18b6326f9b02aa4d0832713e4974e	open	missing:q35_ring3_system_interfaces_clause_witnesses	Add exact Q35 Ring 3 witnesses for every required clause before closing this parent.
functions/regcomp.html	functions/regcomp.html	regcomp	cbf706141035e68400bc952a79a1985b104e2fea9d0567ceec255378e993864e	14	aa543fad88f1bd9aea02bfb4a33971c49a9e60809ccbb9510291f3b8c97179b2	open	missing:q35_ring3_system_interfaces_clause_witnesses	Add exact Q35 Ring 3 witnesses for every required clause before closing this parent.
functions/regerror.html	functions/regerror.html	regcomp	cbf706141035e68400bc952a79a1985b104e2fea9d0567ceec255378e993864e	14	aa543fad88f1bd9aea02bfb4a33971c49a9e60809ccbb9510291f3b8c97179b2	open	missing:q35_ring3_system_interfaces_clause_witnesses	Add exact Q35 Ring 3 witnesses for every required clause before closing this parent.
functions/regexec.html	functions/regexec.html	regcomp	cbf706141035e68400bc952a79a1985b104e2fea9d0567ceec255378e993864e	14	aa543fad88f1bd9aea02bfb4a33971c49a9e60809ccbb9510291f3b8c97179b2	open	missing:q35_ring3_system_interfaces_clause_witnesses	Add exact Q35 Ring 3 witnesses for every required clause before closing this parent.
functions/regfree.html	functions/regfree.html	regcomp	cbf706141035e68400bc952a79a1985b104e2fea9d0567ceec255378e993864e	14	aa543fad88f1bd9aea02bfb4a33971c49a9e60809ccbb9510291f3b8c97179b2	open	missing:q35_ring3_system_interfaces_clause_witnesses	Add exact Q35 Ring 3 witnesses for every required clause before closing this parent.
functions/remainder.html	functions/remainder.html	remainder	be0eeabfd80ff4bbe68b40e072de187e5d5bbddd54d94b5c105e6ccc54130db5	14	345543aef00fb372514f0c02a0d105b9e80e9e4855b918bc0528371418357357	open	missing:q35_ring3_system_interfaces_clause_witnesses	Add exact Q35 Ring 3 witnesses for every required clause before closing this parent.
functions/remainderf.html	functions/remainderf.html	remainder	be0eeabfd80ff4bbe68b40e072de187e5d5bbddd54d94b5c105e6ccc54130db5	14	345543aef00fb372514f0c02a0d105b9e80e9e4855b918bc0528371418357357	open	missing:q35_ring3_system_interfaces_clause_witnesses	Add exact Q35 Ring 3 witnesses for every required clause before closing this parent.
functions/remainderl.html	functions/remainderl.html	remainder	be0eeabfd80ff4bbe68b40e072de187e5d5bbddd54d94b5c105e6ccc54130db5	14	345543aef00fb372514f0c02a0d105b9e80e9e4855b918bc0528371418357357	open	missing:q35_ring3_system_interfaces_clause_witnesses	Add exact Q35 Ring 3 witnesses for every required clause before closing this parent.
functions/remove.html	functions/remove.html	remove	f903d30f54a3b284ea6b370d6fdd632a60cdfd49b71dd91713e009cb1ca7ac4c	13	76ee2b0cf739f63ec6c3a63f193b962f846f32c6e187dc7b7e0b93043cc9dafc	open	missing:q35_ring3_system_interfaces_clause_witnesses	Add exact Q35 Ring 3 witnesses for every required clause before closing this parent.
functions/remque.html	functions/remque.html	insque	b799f1d6dc0cb7c1df74e5304e7de85546aa85251967cab690c361e0aca18b47	16	64424560ffa746891102854733960644b34a6e7a5f1c9e4af8fed0f43878307a	open	missing:q35_ring3_system_interfaces_clause_witnesses	Add exact Q35 Ring 3 witnesses for every required clause before closing this parent.
functions/remquo.html	functions/remquo.html	remquo	894cbfe235148cebe268308f967ba678114a684fa91dc7f3b1f2c6688bd5c2ee	12	af7ef2b2a607ca44a2c904496d7ae9559a8cc2b33f826380f8f85e27473542d7	open	missing:q35_ring3_system_interfaces_clause_witnesses	Add exact Q35 Ring 3 witnesses for every required clause before closing this parent.
functions/remquof.html	functions/remquof.html	remquo	894cbfe235148cebe268308f967ba678114a684fa91dc7f3b1f2c6688bd5c2ee	12	af7ef2b2a607ca44a2c904496d7ae9559a8cc2b33f826380f8f85e27473542d7	open	missing:q35_ring3_system_interfaces_clause_witnesses	Add exact Q35 Ring 3 witnesses for every required clause before closing this parent.
functions/remquol.html	functions/remquol.html	remquo	894cbfe235148cebe268308f967ba678114a684fa91dc7f3b1f2c6688bd5c2ee	12	af7ef2b2a607ca44a2c904496d7ae9559a8cc2b33f826380f8f85e27473542d7	open	missing:q35_ring3_system_interfaces_clause_witnesses	Add exact Q35 Ring 3 witnesses for every required clause before closing this parent.
functions/rename.html	functions/rename.html	rename	c7cc670e1cd6460246a6f3626c1a15c6815add0d5377c54ab1297aeba1d17e1e	15	288d0a981f8285d8e9887f83ad5caa1407f8b47e57845bd93d1f8f7bd3c30d72	open	missing:q35_ring3_system_interfaces_clause_witnesses	Add exact Q35 Ring 3 witnesses for every required clause before closing this parent.
functions/renameat.html	functions/renameat.html	rename	c7cc670e1cd6460246a6f3626c1a15c6815add0d5377c54ab1297aeba1d17e1e	15	288d0a981f8285d8e9887f83ad5caa1407f8b47e57845bd93d1f8f7bd3c30d72	open	missing:q35_ring3_system_interfaces_clause_witnesses	Add exact Q35 Ring 3 witnesses for every required clause before closing this parent.
functions/rewind.html	functions/rewind.html	rewind	7b2ec50d0ac47b4c02dc4a29f479544aa8c6478d89ba9e2ef1664b0e033029cb	13	750199665dae0672b8f8003456c6ee9dcc100e37cacb562e19ca861d806ffd5c	open	missing:q35_ring3_system_interfaces_clause_witnesses	Add exact Q35 Ring 3 witnesses for every required clause before closing this parent.
functions/rewinddir.html	functions/rewinddir.html	rewinddir	4f38ad8aa6e521f49b43b34d810edf2436e7228f6f7493b8b496ca71d580f6ed	12	c622fa74282c4fe5774022b5fd629f60a55b7da746d9ed2dbfde30f84f0ffefc	open	missing:q35_ring3_system_interfaces_clause_witnesses	Add exact Q35 Ring 3 witnesses for every required clause before closing this parent.
functions/rint.html	functions/rint.html	rint	9caef91a7d1f725c9e2e721441af51ab66a1cee03f3c0bc23da265caf21934fe	14	7da00e7ef4c47201cfe5195e3f131eaaa13b9dfa07e2607884dd09f60142d27c	open	missing:q35_ring3_system_interfaces_clause_witnesses	Add exact Q35 Ring 3 witnesses for every required clause before closing this parent.
functions/rintf.html	functions/rintf.html	rint	9caef91a7d1f725c9e2e721441af51ab66a1cee03f3c0bc23da265caf21934fe	14	7da00e7ef4c47201cfe5195e3f131eaaa13b9dfa07e2607884dd09f60142d27c	open	missing:q35_ring3_system_interfaces_clause_witnesses	Add exact Q35 Ring 3 witnesses for every required clause before closing this parent.
functions/rintl.html	functions/rintl.html	rint	9caef91a7d1f725c9e2e721441af51ab66a1cee03f3c0bc23da265caf21934fe	14	7da00e7ef4c47201cfe5195e3f131eaaa13b9dfa07e2607884dd09f60142d27c	open	missing:q35_ring3_system_interfaces_clause_witnesses	Add exact Q35 Ring 3 witnesses for every required clause before closing this parent.
functions/rmdir.html	functions/rmdir.html	rmdir	a5f4b7089cdd09dcbbbc5ef20f7a4d2b645a124e1274131a3bd2f5b885094eed	14	d773ab0daec03a51f1cb349aa1b32c3d9fcca49e96fa50ad5a2271614a30ed80	open	missing:q35_ring3_system_interfaces_clause_witnesses	Add exact Q35 Ring 3 witnesses for every required clause before closing this parent.
functions/round.html	functions/round.html	round	3d66b69e7c9073ec7e54bc0a6bd625d49b7326c13ebf5cc0aabaf6d4772d501d	12	a39200c94e08d8fae5445f0dafba32b4764387714c471284634ecb6e100bc6af	open	missing:q35_ring3_system_interfaces_clause_witnesses	Add exact Q35 Ring 3 witnesses for every required clause before closing this parent.
functions/roundf.html	functions/roundf.html	round	3d66b69e7c9073ec7e54bc0a6bd625d49b7326c13ebf5cc0aabaf6d4772d501d	12	a39200c94e08d8fae5445f0dafba32b4764387714c471284634ecb6e100bc6af	open	missing:q35_ring3_system_interfaces_clause_witnesses	Add exact Q35 Ring 3 witnesses for every required clause before closing this parent.
functions/roundl.html	functions/roundl.html	round	3d66b69e7c9073ec7e54bc0a6bd625d49b7326c13ebf5cc0aabaf6d4772d501d	12	a39200c94e08d8fae5445f0dafba32b4764387714c471284634ecb6e100bc6af	open	missing:q35_ring3_system_interfaces_clause_witnesses	Add exact Q35 Ring 3 witnesses for every required clause before closing this parent.
functions/scalbln.html	functions/scalbln.html	scalbln	1f4ceccabd7999242008b3f6b44c21c3e89767772ed7fa1dcdfed0f9588eb477	12	fc0ca5d890091954aaa6c6208edb2ad914101b0a190e46c5f499604c1a24cb0a	open	missing:q35_ring3_system_interfaces_clause_witnesses	Add exact Q35 Ring 3 witnesses for every required clause before closing this parent.
functions/scalblnf.html	functions/scalblnf.html	scalbln	1f4ceccabd7999242008b3f6b44c21c3e89767772ed7fa1dcdfed0f9588eb477	12	fc0ca5d890091954aaa6c6208edb2ad914101b0a190e46c5f499604c1a24cb0a	open	missing:q35_ring3_system_interfaces_clause_witnesses	Add exact Q35 Ring 3 witnesses for every required clause before closing this parent.
functions/scalblnl.html	functions/scalblnl.html	scalbln	1f4ceccabd7999242008b3f6b44c21c3e89767772ed7fa1dcdfed0f9588eb477	12	fc0ca5d890091954aaa6c6208edb2ad914101b0a190e46c5f499604c1a24cb0a	open	missing:q35_ring3_system_interfaces_clause_witnesses	Add exact Q35 Ring 3 witnesses for every required clause before closing this parent.
functions/scalbn.html	functions/scalbn.html	scalbln	1f4ceccabd7999242008b3f6b44c21c3e89767772ed7fa1dcdfed0f9588eb477	12	fc0ca5d890091954aaa6c6208edb2ad914101b0a190e46c5f499604c1a24cb0a	open	missing:q35_ring3_system_interfaces_clause_witnesses	Add exact Q35 Ring 3 witnesses for every required clause before closing this parent.
functions/scalbnf.html	functions/scalbnf.html	scalbln	1f4ceccabd7999242008b3f6b44c21c3e89767772ed7fa1dcdfed0f9588eb477	12	fc0ca5d890091954aaa6c6208edb2ad914101b0a190e46c5f499604c1a24cb0a	open	missing:q35_ring3_system_interfaces_clause_witnesses	Add exact Q35 Ring 3 witnesses for every required clause before closing this parent.
functions/scalbnl.html	functions/scalbnl.html	scalbln	1f4ceccabd7999242008b3f6b44c21c3e89767772ed7fa1dcdfed0f9588eb477	12	fc0ca5d890091954aaa6c6208edb2ad914101b0a190e46c5f499604c1a24cb0a	open	missing:q35_ring3_system_interfaces_clause_witnesses	Add exact Q35 Ring 3 witnesses for every required clause before closing this parent.
functions/scandir.html	functions/scandir.html	alphasort	7c974c58d5ff4e15de759983476f59b47c0fe1a4e6cb203a7f31e2b8ea80078c	11	ee35b18ca8025fd7f47695b4f60e2cf8c77bf79f07b598da726bc24a0ac1d9db	open	missing:q35_ring3_system_interfaces_clause_witnesses	Add exact Q35 Ring 3 witnesses for every required clause before closing this parent.
functions/scanf.html	functions/scanf.html	fscanf	5864ef7954d5f3e72c6c1c8617605d7d2def837c4be8210e6dc8438902562e89	15	231e4265cea30cbfcb2313fa072c6bb463f3835aab7ed8176ec2f6b1d7a48f42	open	missing:q35_ring3_system_interfaces_clause_witnesses	Add exact Q35 Ring 3 witnesses for every required clause before closing this parent.
functions/sched_get_priority_max.html	functions/sched_get_priority_max.html	sched_get_priority_max	1d041424f31ecd190b259d1314c0182bf414f2ce14c010c661a21bbca067c1ec	12	350873a8ebfebe70a7fed08da09fa6f9864ce841472e233d5b67a22466935b0f	open	missing:q35_ring3_system_interfaces_clause_witnesses	Add exact Q35 Ring 3 witnesses for every required clause before closing this parent.
functions/sched_get_priority_min.html	functions/sched_get_priority_min.html	sched_get_priority_max	1d041424f31ecd190b259d1314c0182bf414f2ce14c010c661a21bbca067c1ec	12	350873a8ebfebe70a7fed08da09fa6f9864ce841472e233d5b67a22466935b0f	open	missing:q35_ring3_system_interfaces_clause_witnesses	Add exact Q35 Ring 3 witnesses for every required clause before closing this parent.
functions/sched_getparam.html	functions/sched_getparam.html	sched_getparam	2544e6b5ac062fc25379b1d9223147c842fead0e1f61392d17d2d3f12d68b52d	12	fe8344d000c148c0556f3bc607afe790763776c3c67a98901f34767272612fc9	open	missing:q35_ring3_system_interfaces_clause_witnesses	Add exact Q35 Ring 3 witnesses for every required clause before closing this parent.
functions/sched_getscheduler.html	functions/sched_getscheduler.html	sched_getscheduler	a2988c4e53996a6637e16332c92126585e5519b6b60a60b1c257d9064832f9e5	12	32461a28be045bfd5f9183c32c89904003ff26a4a3f88c4ef9c664a306a75952	open	missing:q35_ring3_system_interfaces_clause_witnesses	Add exact Q35 Ring 3 witnesses for every required clause before closing this parent.
functions/sched_rr_get_interval.html	functions/sched_rr_get_interval.html	sched_rr_get_interval	f100ff8aa2b0baf965a8a0686e6ae48b81a2417b7e995107da07c5b7424645e1	12	477bfc9f2e8b674ce3e7da7ce3dd6d34ddef2a241f0c42a188736c951a0ae8b1	open	missing:q35_ring3_system_interfaces_clause_witnesses	Add exact Q35 Ring 3 witnesses for every required clause before closing this parent.
functions/sched_setparam.html	functions/sched_setparam.html	sched_setparam	3ec121222fb9159163f69d416dfa5dbd7de4cc947aae4afb76546fdb9ac85ab5	13	5ff0c263060e8c83dfb6f7d1b928bf75e875afe9db498113d6118227bee7a25d	open	missing:q35_ring3_system_interfaces_clause_witnesses	Add exact Q35 Ring 3 witnesses for every required clause before closing this parent.
functions/sched_setscheduler.html	functions/sched_setscheduler.html	sched_setscheduler	6f99f490e0eaafbbbf756ea3003997dc7fdd1344d6622c25f63e57c27c9a5529	13	130ee144255f4b6516e21ea92e547f76d186d7666d15d8809b2d573f76b1272c	open	missing:q35_ring3_system_interfaces_clause_witnesses	Add exact Q35 Ring 3 witnesses for every required clause before closing this parent.
functions/sched_yield.html	functions/sched_yield.html	sched_yield	4092b619f5df3e3d14f8979e676fd4654dcaed9cb27834c5afb6bd2c5ea326c6	13	f44a2e325b8861d5154153acde10323c7bdde7b6927f362fc42db6af69557230	open	missing:q35_ring3_system_interfaces_clause_witnesses	Add exact Q35 Ring 3 witnesses for every required clause before closing this parent.
functions/seed48.html	functions/seed48.html	drand48	4dab62b21b52200f41a4aac85491c82f351ffc79e5dcd8dceab7d572aef8761d	14	674357d1cc0477d1cd59ae6636cea9a6d9af106fb896eff2b134f3e7be33cada	open	missing:q35_ring3_system_interfaces_clause_witnesses	Add exact Q35 Ring 3 witnesses for every required clause before closing this parent.
functions/seekdir.html	functions/seekdir.html	seekdir	2b4d5124904471852b6f44bd893f742307c49f2ddcfee7dd7988fed44824b084	13	9e48462a5127b3f75992f6afa715027a6b95784b5a76bee69ed797953c29ebb6	open	missing:q35_ring3_system_interfaces_clause_witnesses	Add exact Q35 Ring 3 witnesses for every required clause before closing this parent.
functions/select.html	functions/select.html	pselect	8cdb2507b3cf670c7af0cced92915b1d02985215cecc0e1f9d5c390e9b1953d4	14	a20121ae870115ed1d4257dccf3e07aad39cfda4ee894e1742ff9e78ad28a9ba	open	missing:q35_ring3_system_interfaces_clause_witnesses	Add exact Q35 Ring 3 witnesses for every required clause before closing this parent.
functions/sem_close.html	functions/sem_close.html	sem_close	a58ba985bdfd189063cc7c9f97db524c82e889518a74774ac8aa88364e5c76b9	13	0296291c4662b2ecbef3344ce4308edeff2ae9927bf348d5c05e5fb697bbc6a7	open	missing:q35_ring3_system_interfaces_clause_witnesses	Add exact Q35 Ring 3 witnesses for every required clause before closing this parent.
functions/sem_destroy.html	functions/sem_destroy.html	sem_destroy	1177eec753668de8787ff8a7170d9494c4d02715ea772575f97d4833dfa2f601	13	e656bdcb7f45ce7a2bd13e000f01d0a79cd5a3d69f258505016eeb1d814efc4b	open	missing:q35_ring3_system_interfaces_clause_witnesses	Add exact Q35 Ring 3 witnesses for every required clause before closing this parent.
functions/sem_getvalue.html	functions/sem_getvalue.html	sem_getvalue	5117ff369cb4dabdb1082e853ae0bfe5553dec7cf72ac922cf0f045c88b5a610	13	bf70857439fe1733263c64dd4db5a9ec4241c5b5c8a3a020c162b34ad683edfa	open	missing:q35_ring3_system_interfaces_clause_witnesses	Add exact Q35 Ring 3 witnesses for every required clause before closing this parent.
functions/sem_init.html	functions/sem_init.html	sem_init	f38fae5eae1d8aeb012dbda4572b4f9143741ca84f1de13e005cc99c6f40712e	13	ec2d1b40c5c78db0f0477c4a8556baa8c4447a12a23c0c47f2104ac7af23748c	open	missing:q35_ring3_system_interfaces_clause_witnesses	Add exact Q35 Ring 3 witnesses for every required clause before closing this parent.
functions/sem_open.html	functions/sem_open.html	sem_open	c8dfcfb02ebabc1bd7bae6191925659ff8a1afe3b669f2944a804a256eb2a15b	13	87f7258c6f1db0177a4f0eefd9b4cc9413493eeb3a4a76efa97fe9422729b56b	open	missing:q35_ring3_system_interfaces_clause_witnesses	Add exact Q35 Ring 3 witnesses for every required clause before closing this parent.
functions/sem_post.html	functions/sem_post.html	sem_post	ce2b03a7587300d99afc4e06029281bb77794b397461fa33b931be468c4ec473	13	33b8dbe276cc3cbcecaf555f40c9adcd7522744ba0ee6365967c12654383f754	open	missing:q35_ring3_system_interfaces_clause_witnesses	Add exact Q35 Ring 3 witnesses for every required clause before closing this parent.
functions/sem_timedwait.html	functions/sem_timedwait.html	sem_timedwait	9a8504a9a7a9af416daeb15588f45097b3b871086925ba590adb6317d1db1a1f	12	c08cb2be9ff5393f9e7aba579c877321411847e35abd2bd6a5a6ca395c9fd7a3	open	missing:q35_ring3_system_interfaces_clause_witnesses	Add exact Q35 Ring 3 witnesses for every required clause before closing this parent.
functions/sem_trywait.html	functions/sem_trywait.html	sem_trywait	79d737657edc6f3f777d128a86e91093eb2e326e6d9bf8e257813fd1e1d730d9	13	b9297dedbcf76cf476c04470704ad96e28a4868303975af255baa45518e76634	open	missing:q35_ring3_system_interfaces_clause_witnesses	Add exact Q35 Ring 3 witnesses for every required clause before closing this parent.
functions/sem_unlink.html	functions/sem_unlink.html	sem_unlink	981b03df95033ad0cc35e6542c4bcd8b183cdba67dd5ac77e51d55ad774932ff	13	98321dfdcb8674cb2e101d787494cbd90204b958f2f39b35bdf0e1581c9ba9bd	open	missing:q35_ring3_system_interfaces_clause_witnesses	Add exact Q35 Ring 3 witnesses for every required clause before closing this parent.
functions/sem_wait.html	functions/sem_wait.html	sem_trywait	79d737657edc6f3f777d128a86e91093eb2e326e6d9bf8e257813fd1e1d730d9	13	b9297dedbcf76cf476c04470704ad96e28a4868303975af255baa45518e76634	open	missing:q35_ring3_system_interfaces_clause_witnesses	Add exact Q35 Ring 3 witnesses for every required clause before closing this parent.
functions/semctl.html	functions/semctl.html	semctl	4c87d44d9b98fdc7d2c70e77108d94491754e20d4e10b9dc57b8dbb26ff7482b	13	ebd1a337e63d29a14e228f046d330341f9a40aeb861f3cc93d987eeb889dc10b	open	missing:q35_ring3_system_interfaces_clause_witnesses	Add exact Q35 Ring 3 witnesses for every required clause before closing this parent.
functions/semget.html	functions/semget.html	semget	f5a16322bda9d68586a39947800bf42dc8b17bf89c88a2003cb6e2b0340af384	14	8d5adcde3e67ec00edd6e4da46da9594662c44045228034be9d1eab6343cb924	open	missing:q35_ring3_system_interfaces_clause_witnesses	Add exact Q35 Ring 3 witnesses for every required clause before closing this parent.
functions/semop.html	functions/semop.html	semop	31340e800fc90936d492da2ac72c31460d76c44dbdfe65c4dd8f41d43f471ec9	15	4304e1e3cb29dbff7006097a8e1942239cf3e934218097975580b3bdd92b119b	open	missing:q35_ring3_system_interfaces_clause_witnesses	Add exact Q35 Ring 3 witnesses for every required clause before closing this parent.
functions/send.html	functions/send.html	send	df3d6f69fc339315914c9da6c6a5ac11b04e92a9600a0a623f6d162f2cb0d3f7	12	03d53d18a5d2ec505ee2242562de0ce8e2311dba2ddbf73971663833d9d3a633	open	missing:q35_ring3_system_interfaces_clause_witnesses	Add exact Q35 Ring 3 witnesses for every required clause before closing this parent.
functions/sendmsg.html	functions/sendmsg.html	sendmsg	3d0b0ecf9362cc0b400cd5dac3d27cafd21f64219adb52aa63472b63b899f5c8	12	6d59225623d05522e025dc19d4a2a0094badc1202c3314f93433245cfa734181	open	missing:q35_ring3_system_interfaces_clause_witnesses	Add exact Q35 Ring 3 witnesses for every required clause before closing this parent.
functions/sendto.html	functions/sendto.html	sendto	2cca520b26bcd8da4559aadce546b97ff3b0734ed3d5d2059845959a3aa436f8	12	86a024b4f4c5f63a1d3b0a8dadee3f2e6d51b387173b200d9f67d37af52afe3e	open	missing:q35_ring3_system_interfaces_clause_witnesses	Add exact Q35 Ring 3 witnesses for every required clause before closing this parent.
functions/setbuf.html	functions/setbuf.html	setbuf	475a0fd2a3102243657bedac58bae6e472c11e99eb9b221f11ae292108e01143	13	055ff389b3e6a5ccbed35863d04c502dbf3e93dc56fd5ae40e6e40dd9b7191a0	open	missing:q35_ring3_system_interfaces_clause_witnesses	Add exact Q35 Ring 3 witnesses for every required clause before closing this parent.
functions/setegid.html	functions/setegid.html	setegid	23106e1c432b923431ddc04220787fd5f834608da9805e6f259af3153392eb23	11	2ac96d10e0ff64c64da9c6f986471b5e0d629cf88382218a245f18508fc05742	open	missing:q35_ring3_system_interfaces_clause_witnesses	Add exact Q35 Ring 3 witnesses for every required clause before closing this parent.
functions/setenv.html	functions/setenv.html	setenv	814f7e2630fd8444094ff941684eb4a89392297daa63270caf1329b1e14bbee3	12	5c3dd9ed92c56d0eec776f8dd512b8cb6db63137e5e9c2cf9e520440d018903b	open	missing:q35_ring3_system_interfaces_clause_witnesses	Add exact Q35 Ring 3 witnesses for every required clause before closing this parent.
functions/seteuid.html	functions/seteuid.html	seteuid	b2cccdd5683447f16d1d1faec8175660d2a9017a9c89a317c454e5ac3f729c4e	11	bdd705b99114335e204adcdc59e68c3f0c43df619a3e458f3f8d6c392a492ed4	open	missing:q35_ring3_system_interfaces_clause_witnesses	Add exact Q35 Ring 3 witnesses for every required clause before closing this parent.
functions/setgid.html	functions/setgid.html	setgid	9d17861c9e9d60710feb71685dc0c3150c6827116602a3b9d53c7041f28e609b	12	2f0baf63ccef85d796b92d1fea99b83b7e82b447008fb53e5dd7cfaa75444ae5	open	missing:q35_ring3_system_interfaces_clause_witnesses	Add exact Q35 Ring 3 witnesses for every required clause before closing this parent.
functions/setgrent.html	functions/setgrent.html	endgrent	621abb19336c88599a25715ff1d84f07ba0e1e06f4128e45d807c6c89a1c1020	14	4e21fd77af273d02b0fd5f65db7ffa8156297b777d22c36866a0e65fbaaa3292	open	missing:q35_ring3_system_interfaces_clause_witnesses	Add exact Q35 Ring 3 witnesses for every required clause before closing this parent.
functions/sethostent.html	functions/sethostent.html	endhostent	6c795d7bc90492a11eb7573df86d022f3de5867db3ad2ad8d927a1a0eff3aeda	12	7c05a1cf66c1a9a7f2650767a4b3c0232e32995e22ec01154310a07af6f2a701	open	missing:q35_ring3_system_interfaces_clause_witnesses	Add exact Q35 Ring 3 witnesses for every required clause before closing this parent.
functions/setitimer.html	functions/setitimer.html	getitimer	7385c143852f90e52549cfa7533ec33b43238933f1a77c91c3bddd0e12a7a240	14	7df3b2ae24dc5d76d8bbcf974b98a7c7e9b26d88e665f7cd53aae664ee8e62c0	open	missing:q35_ring3_system_interfaces_clause_witnesses	Add exact Q35 Ring 3 witnesses for every required clause before closing this parent.
functions/setjmp.html	functions/setjmp.html	setjmp	040aad7ad6b7a040bd959a3049805e12a46b1e8de4593e8da782523bf46c42cb	12	83306518cbf3a554ef48612f13dec7c665bda5b060396e93b810b810b45e2791	open	missing:q35_ring3_system_interfaces_clause_witnesses	Add exact Q35 Ring 3 witnesses for every required clause before closing this parent.
functions/setkey.html	functions/setkey.html	setkey	d6931d6878d169e12773f63b366accff9ae4abe3c0323a7c18b359ad2a24c582	13	352e72f048c51a15c23ce7266b82d8059f5ffc6d0ebd68c3977481ddf161e563	open	missing:q35_ring3_system_interfaces_clause_witnesses	Add exact Q35 Ring 3 witnesses for every required clause before closing this parent.
functions/setlocale.html	functions/setlocale.html	setlocale	836762aa064a8cb6ab2518d912860a23e9dd030d9887bba79355cad1a291000d	14	5a97c3fb4d0a7db96aa52303a2434938b4c3990ac35ebcb3ee02bc320afe2a7a	open	missing:q35_ring3_system_interfaces_clause_witnesses	Add exact Q35 Ring 3 witnesses for every required clause before closing this parent.
functions/setlogmask.html	functions/setlogmask.html	closelog	1aa9733326181b9cd5e96a3e92f76cf58597fea0f1d3dd02844e303c63b9e8cf	16	093d74d1f5f1fe581abb17390243d770eeb35005d87fe979c29ea16a82844f2d	open	missing:q35_ring3_system_interfaces_clause_witnesses	Add exact Q35 Ring 3 witnesses for every required clause before closing this parent.
functions/setnetent.html	functions/setnetent.html	endnetent	50b332764e542c44ab114f75e3acc303b769f14acf72ff491c02aa992941a94b	12	ff252c37e67197158647127a6dce470204cdf2f6db88421b6643031aacfcc4f5	open	missing:q35_ring3_system_interfaces_clause_witnesses	Add exact Q35 Ring 3 witnesses for every required clause before closing this parent.
functions/setpgid.html	functions/setpgid.html	setpgid	f68f71fcc181b61e96f5d78eeb604086c2c40e67492ff04d449eb6ea4edfa3ff	12	75f1bc1da4adcd1ab604f8729cd239bfbf3b2177db9f75359d744e1661d0fcc6	open	missing:q35_ring3_system_interfaces_clause_witnesses	Add exact Q35 Ring 3 witnesses for every required clause before closing this parent.
functions/setpgrp.html	functions/setpgrp.html	setpgrp	2ee5d6bec7222a6650540d684f2fac7d925cd54a9aa36f054cacf36b6b7c5d31	13	a38a1c738fefe6541943b33b55eb049a52f2cda45f5e966d31ba798cdf3df464	open	missing:q35_ring3_system_interfaces_clause_witnesses	Add exact Q35 Ring 3 witnesses for every required clause before closing this parent.
functions/setpriority.html	functions/setpriority.html	getpriority	83a12375f7c77d36e57ee98053aa763540db280af3925c92eb90024729402b1e	14	07c49159bc078a9e0d2cfd7ba006768526d4d5db2b9e5621050f8692760dfd28	open	missing:q35_ring3_system_interfaces_clause_witnesses	Add exact Q35 Ring 3 witnesses for every required clause before closing this parent.
functions/setprotoent.html	functions/setprotoent.html	endprotoent	5c64991fc966f070c1c951e5325ad9b19799d5b6c7985d7eaadd50b21b962ebf	12	07a58e53df8a57306b2ffe06823da1b3f5d813b29b2b246d0a084ce8d5436339	open	missing:q35_ring3_system_interfaces_clause_witnesses	Add exact Q35 Ring 3 witnesses for every required clause before closing this parent.
functions/setpwent.html	functions/setpwent.html	endpwent	0b369548df94b23e7b53512e1a26108887da4a981f0633a5842abbb83e32829e	15	70b2a163980efb8aaf1267d2298e3e5d5bfd6301c6b62880b6dc006b621fa9e9	open	missing:q35_ring3_system_interfaces_clause_witnesses	Add exact Q35 Ring 3 witnesses for every required clause before closing this parent.
functions/setregid.html	functions/setregid.html	setregid	d7ffd57ba1e77752ed6c69e22784c37c1006e84fa4df51092b2fee5fe865cebb	13	574e0aabe57c37cab0716f1856385f1aac17b30570e95f7bdfcc7cb7cfb0d6ea	open	missing:q35_ring3_system_interfaces_clause_witnesses	Add exact Q35 Ring 3 witnesses for every required clause before closing this parent.
functions/setreuid.html	functions/setreuid.html	setreuid	3aaf11754f65a277681a5e01081bfa5c1d0787c6c17c5f85a74955d2afecf148	14	c4f1a0030d7fdac0fac61af1dd423900942509b5cc479ba2cefe71bffffd60cc	open	missing:q35_ring3_system_interfaces_clause_witnesses	Add exact Q35 Ring 3 witnesses for every required clause before closing this parent.
functions/setrlimit.html	functions/setrlimit.html	getrlimit	e18c8674e51b4843dd35c42d1cd2e2d2946719134ec9f23ac4243f4bfcd2c19d	13	059ef3e525006a40df2eb9e90565e1eabd78f4519578794d025938649db7708c	open	missing:q35_ring3_system_interfaces_clause_witnesses	Add exact Q35 Ring 3 witnesses for every required clause before closing this parent.
functions/setservent.html	functions/setservent.html	endservent	76855a4f0736f2c193ce855930f207a03c8a4452deeb49e545c1bde413bc19b3	12	20b51a23c69bc839eaf98313b36754c16fb0fc508c23dcbeb90d3ff1ee46eb11	open	missing:q35_ring3_system_interfaces_clause_witnesses	Add exact Q35 Ring 3 witnesses for every required clause before closing this parent.
functions/setsid.html	functions/setsid.html	setsid	e1336c5ee9e30798cd44dd2c51eedbffdd5ea0f0dc0176fe3983f47697a5e2da	13	cdabca5f8dc62b44b4a71cc6c6b235d326bf71a3029f215f24ab9dddcfd24fb2	open	missing:q35_ring3_system_interfaces_clause_witnesses	Add exact Q35 Ring 3 witnesses for every required clause before closing this parent.
functions/setsockopt.html	functions/setsockopt.html	setsockopt	c4ac6e180229811f177f55be141ccd548061614445cf6b32d56e6a9c3dafa283	12	c774f370de6e5ba1f26a669fd762ea2ec059457f1bef801c9ac0e345ccdc34bb	open	missing:q35_ring3_system_interfaces_clause_witnesses	Add exact Q35 Ring 3 witnesses for every required clause before closing this parent.
functions/setstate.html	functions/setstate.html	initstate	8129cacb309f1c0aae61d8e1fde13556fcf26ea3cdd915b925a61e983ad3ed4d	14	adb107cceaa65b0f3300303be45bd36ebbcc282304f1bf1b400fb3f7cc77cecf	open	missing:q35_ring3_system_interfaces_clause_witnesses	Add exact Q35 Ring 3 witnesses for every required clause before closing this parent.
functions/setuid.html	functions/setuid.html	setuid	c2d30e37239b2e5a80c577002405c8b1fdd6229200b85e2b881b9acb714d2141	12	f8e86919d706fb50818602c99dc8706a84069fe584e9a5a9556381ee26f960e5	open	missing:q35_ring3_system_interfaces_clause_witnesses	Add exact Q35 Ring 3 witnesses for every required clause before closing this parent.
functions/setutxent.html	functions/setutxent.html	endutxent	cb0419ced45570475a99a9a70cdef775fbb0a84b1c8bb87d32cbc2e4f28f05da	14	b742470132e5978929c38ad1ed9a5d5813604ecd2bcd1d37cdd4de6505c85452	open	missing:q35_ring3_system_interfaces_clause_witnesses	Add exact Q35 Ring 3 witnesses for every required clause before closing this parent.
functions/setvbuf.html	functions/setvbuf.html	setvbuf	b8a9c6765f7e3b073bc281e62bf3478fa54b1c58312030ce28e393fddd042017	12	a9d1b65f4fba9a78574f6fed9c3bd5d8dc505a8ef37c3eeb5c5224712b814d72	open	missing:q35_ring3_system_interfaces_clause_witnesses	Add exact Q35 Ring 3 witnesses for every required clause before closing this parent.
functions/shm_open.html	functions/shm_open.html	shm_open	8778fccd7e2c8f9cb1f08d15ca2cd398870156eaf0b6e10f8b2c9f563eae71e7	14	8c91115964c4a86ab2c6fbdb0ed17b9eb50a2109a2956d65191c11ec9f696a80	open	missing:q35_ring3_system_interfaces_clause_witnesses	Add exact Q35 Ring 3 witnesses for every required clause before closing this parent.
functions/shm_unlink.html	functions/shm_unlink.html	shm_unlink	9bd2f585f8ce67ac2679bf367ecb1c78cb27e491d816909224fb8338e16af158	13	c125a1761a11aa9867fdb35460c17602ffdeb7a5ee8ef1c6240b5292664feba6	open	missing:q35_ring3_system_interfaces_clause_witnesses	Add exact Q35 Ring 3 witnesses for every required clause before closing this parent.
functions/shmat.html	functions/shmat.html	shmat	d3f8b20a1c730b71f4321a1d86a842746612d5f13eb4d639d8cdb7c91fa99d84	14	c0696e65f747ddb70f03786f6f51f180ef0ba1564a62a5d334fd73a5401d08ef	open	missing:q35_ring3_system_interfaces_clause_witnesses	Add exact Q35 Ring 3 witnesses for every required clause before closing this parent.
functions/shmctl.html	functions/shmctl.html	shmctl	a9c70d8cf6315f87ee22c28d64230be9a5d507d1bfe5168f55a67352a492b223	13	6b52380c5daa1a4557ab80c3e9d908db58e261841b43cc2e57f9fb136f431d98	open	missing:q35_ring3_system_interfaces_clause_witnesses	Add exact Q35 Ring 3 witnesses for every required clause before closing this parent.
functions/shmdt.html	functions/shmdt.html	shmdt	c6d388fa86142291646474a184aafaa4d59f19cdbd667c31e803e180facbf441	13	2b496f7025a98975d31369a8947a3ac4057801a140ed11177b94ae98031d0421	open	missing:q35_ring3_system_interfaces_clause_witnesses	Add exact Q35 Ring 3 witnesses for every required clause before closing this parent.
functions/shmget.html	functions/shmget.html	shmget	09a7b0fb3c43b572d3b5bad2cc5b5b1f46c3c14469b910e5fb9c9e6b6829089a	13	03f71ccc71e2863d94a4e1b47a9cc60f5e2a9f0c521e0ecc09c6e168a2f9f608	open	missing:q35_ring3_system_interfaces_clause_witnesses	Add exact Q35 Ring 3 witnesses for every required clause before closing this parent.
functions/shutdown.html	functions/shutdown.html	shutdown	f8ba6be0f97c325f763d6858e46107c86a8f6c765a920d1e1f04a1d0d2d2888c	11	c59d5782e51598af6ad889bddfc64921c8341c2a51b4e4293bf14a0659ebea22	open	missing:q35_ring3_system_interfaces_clause_witnesses	Add exact Q35 Ring 3 witnesses for every required clause before closing this parent.
functions/sigaction.html	functions/sigaction.html	sigaction	ca3be81224a7373275d1cf136900b51a9143db14481aa4f2284dadb8f98af250	15	33e5f93d4d09a5760232ce5fb033210daba095a1bdcc4107b758c115f5cfbf13	open	missing:q35_ring3_system_interfaces_clause_witnesses	Add exact Q35 Ring 3 witnesses for every required clause before closing this parent.
functions/sigaddset.html	functions/sigaddset.html	sigaddset	1bcac3892ef8952eafc4980db2950f7d58fbaca54fc04ff4a8a8fbc748290f6b	13	907804b276f6cfa021522e65d57747a8d1330f5f6aa9a548e4900a2fccd1a88b	open	missing:q35_ring3_system_interfaces_clause_witnesses	Add exact Q35 Ring 3 witnesses for every required clause before closing this parent.
functions/sigaltstack.html	functions/sigaltstack.html	sigaltstack	da7141825632a56c65bb4894ea1723582782aa2cba02126b41ab70c7ddbd2b40	14	de334d69b38354ef0bbab46902b3c7aa81b9b1a708c2f488581f5aa7b83e94d7	open	missing:q35_ring3_system_interfaces_clause_witnesses	Add exact Q35 Ring 3 witnesses for every required clause before closing this parent.
functions/sigdelset.html	functions/sigdelset.html	sigdelset	562e97d69ea1ad212bc4c0cd2b659f0b0c50fdf4da84a5b0f23a6cf6434be652	13	035940bcb9112597a5feae17d775f513da15523cad3f2cbfe25f81d882ea59bb	open	missing:q35_ring3_system_interfaces_clause_witnesses	Add exact Q35 Ring 3 witnesses for every required clause before closing this parent.
functions/sigemptyset.html	functions/sigemptyset.html	sigemptyset	e647cfc3a0818e021179da865c9c1baa48126421ece2b4435dde7de4fbe5c290	12	4f94ff688b77497d68c36e3b3842c38aa3494fe5a0ecef0fba14254d38c0f5bc	open	missing:q35_ring3_system_interfaces_clause_witnesses	Add exact Q35 Ring 3 witnesses for every required clause before closing this parent.
functions/sigfillset.html	functions/sigfillset.html	sigfillset	043413f0150da9b9c95ce5c55a2e2bba6a304b331be2d8605a25029ecd4396ad	12	2ddcc6c3a3f97e31b466d0a37e1df6758e42cefc5263ca3c3dc5ba30aafb9e31	open	missing:q35_ring3_system_interfaces_clause_witnesses	Add exact Q35 Ring 3 witnesses for every required clause before closing this parent.
functions/sighold.html	functions/sighold.html	sighold	3c6668f8ce50ebc387d622045d5d757ebf24d3a229570675f041a1b73061345c	14	bd2a00f9ac63df4c4c057a4aa7c586f77106aac745e2eaa1ac5fd3c25b0a0268	open	missing:q35_ring3_system_interfaces_clause_witnesses	Add exact Q35 Ring 3 witnesses for every required clause before closing this parent.
functions/sigignore.html	functions/sigignore.html	sighold	3c6668f8ce50ebc387d622045d5d757ebf24d3a229570675f041a1b73061345c	14	bd2a00f9ac63df4c4c057a4aa7c586f77106aac745e2eaa1ac5fd3c25b0a0268	open	missing:q35_ring3_system_interfaces_clause_witnesses	Add exact Q35 Ring 3 witnesses for every required clause before closing this parent.
functions/siginterrupt.html	functions/siginterrupt.html	siginterrupt	c77e40bafbcf830756787286dbd4225587d50fc35cec5e4e4ebdd93cc30052b6	14	425ed5431b04de3332f94090376be4b752dc5ba20c712d46f3596ae17bfad82a	open	missing:q35_ring3_system_interfaces_clause_witnesses	Add exact Q35 Ring 3 witnesses for every required clause before closing this parent.
functions/sigismember.html	functions/sigismember.html	sigismember	6e9a7fbc85eadd3f5b678310db4909888a01899b820473a5604114c781bbf297	13	92058414e08121ae0d23e54d4f26cb6e39086a41b0caea4c36db60155fd17082	open	missing:q35_ring3_system_interfaces_clause_witnesses	Add exact Q35 Ring 3 witnesses for every required clause before closing this parent.
functions/siglongjmp.html	functions/siglongjmp.html	siglongjmp	1d5c1dedadbfcc78248e8789d16bd1a2b25f433c0575f740337409a5f130e614	13	99d9cfdec19cef2e22f778ff5a5fd5f5bc467e73015034bfd21b79dd7435643c	open	missing:q35_ring3_system_interfaces_clause_witnesses	Add exact Q35 Ring 3 witnesses for every required clause before closing this parent.
functions/signal.html	functions/signal.html	signal	4e2bceab7b28183383493729448e4875d50d12fc827acb2a7bfe96237977d589	14	891890bbebe784f9042cac01ea5689aa712a70896d76c889d91d108fe97f5499	open	missing:q35_ring3_system_interfaces_clause_witnesses	Add exact Q35 Ring 3 witnesses for every required clause before closing this parent.
functions/signbit.html	functions/signbit.html	signbit	9f40772a33a51134172163862ca421b2577fd60e5c08ec7eef3007c87cf6312f	11	9fdd0d2886b0e573b42b82ada1524bfebfdf5cefe1666cf073c4ace26a27ed6e	open	missing:q35_ring3_system_interfaces_clause_witnesses	Add exact Q35 Ring 3 witnesses for every required clause before closing this parent.
functions/signgam.html	functions/signgam.html	lgamma	a974ff18329b5220fb91c3993744917c0e9369f2662d6a12f154806928f490e2	14	42f42e04d742304bba544a7da8ae7b5decba304a6ce355cdb08a93b690c0db36	open	missing:q35_ring3_system_interfaces_clause_witnesses	Add exact Q35 Ring 3 witnesses for every required clause before closing this parent.
functions/sigpause.html	functions/sigpause.html	sighold	3c6668f8ce50ebc387d622045d5d757ebf24d3a229570675f041a1b73061345c	14	bd2a00f9ac63df4c4c057a4aa7c586f77106aac745e2eaa1ac5fd3c25b0a0268	open	missing:q35_ring3_system_interfaces_clause_witnesses	Add exact Q35 Ring 3 witnesses for every required clause before closing this parent.
functions/sigpending.html	functions/sigpending.html	sigpending	b0ea4bd9fef0fceb6e9c68abc9a42e71af8b7d6be27343797e4b4327e0644b01	13	2113fb110bcc7bf2414a0581c709ecd2cc6395f17f335792fe383691b8aac12e	open	missing:q35_ring3_system_interfaces_clause_witnesses	Add exact Q35 Ring 3 witnesses for every required clause before closing this parent.
functions/sigprocmask.html	functions/sigprocmask.html	pthread_sigmask	c98973188748ad6fd4deaea734520c57e267ffdce04571cec6a4bebcee607d2b	15	93c49aaefa6d8d103ffb104f1d2b6430361cc0d5157c3d45e5a081af81279858	open	missing:q35_ring3_system_interfaces_clause_witnesses	Add exact Q35 Ring 3 witnesses for every required clause before closing this parent.
functions/sigqueue.html	functions/sigqueue.html	sigqueue	358b0176d9e29076b6a0a307bb951e1273183969d80f20d4f448da3f4d353569	13	2e15a71d7df3404c8a0bb5851a603f18158c5f202c4d2e0d81428be9068a698a	open	missing:q35_ring3_system_interfaces_clause_witnesses	Add exact Q35 Ring 3 witnesses for every required clause before closing this parent.
functions/sigrelse.html	functions/sigrelse.html	sighold	3c6668f8ce50ebc387d622045d5d757ebf24d3a229570675f041a1b73061345c	14	bd2a00f9ac63df4c4c057a4aa7c586f77106aac745e2eaa1ac5fd3c25b0a0268	open	missing:q35_ring3_system_interfaces_clause_witnesses	Add exact Q35 Ring 3 witnesses for every required clause before closing this parent.
functions/sigset.html	functions/sigset.html	sighold	3c6668f8ce50ebc387d622045d5d757ebf24d3a229570675f041a1b73061345c	14	bd2a00f9ac63df4c4c057a4aa7c586f77106aac745e2eaa1ac5fd3c25b0a0268	open	missing:q35_ring3_system_interfaces_clause_witnesses	Add exact Q35 Ring 3 witnesses for every required clause before closing this parent.
functions/sigsetjmp.html	functions/sigsetjmp.html	sigsetjmp	a306a09f0d3cf98c31139f5321539ffa8a714d5d8f82bc59b5d33a96d4f995a2	13	103d4300f1fd9aa4788263a4643178f1b68b62737399e193e5fd44aa9c21f6c5	open	missing:q35_ring3_system_interfaces_clause_witnesses	Add exact Q35 Ring 3 witnesses for every required clause before closing this parent.
functions/sigsuspend.html	functions/sigsuspend.html	sigsuspend	68320ae40449053f2877fb2b86c6c8821faf6eb99d5f2ef305ad57aa46669eab	14	fd5c2dc0318f684cf73fa60689119fd09695358c86abdd5bc3d84893b54d321f	open	missing:q35_ring3_system_interfaces_clause_witnesses	Add exact Q35 Ring 3 witnesses for every required clause before closing this parent.
functions/sigtimedwait.html	functions/sigtimedwait.html	sigtimedwait	c5c7f4d541f1a14d03ad9954c365204669879f3e4d7ea5976eebd776d7c11791	13	7a3a1bc3a25ca25c60621b90151abd96c9ec8be286c21e2329419bf4a57493fb	open	missing:q35_ring3_system_interfaces_clause_witnesses	Add exact Q35 Ring 3 witnesses for every required clause before closing this parent.
functions/sigwait.html	functions/sigwait.html	sigwait	e4add4a7b3f174db62b183f4d40388a09f3badd50aad3f85c5a675a5f0c23ed4	13	4ef180e15581101660324a4e48438ca07e8c4cd1285317dd104f5b88644e9e5f	open	missing:q35_ring3_system_interfaces_clause_witnesses	Add exact Q35 Ring 3 witnesses for every required clause before closing this parent.
functions/sigwaitinfo.html	functions/sigwaitinfo.html	sigtimedwait	c5c7f4d541f1a14d03ad9954c365204669879f3e4d7ea5976eebd776d7c11791	13	7a3a1bc3a25ca25c60621b90151abd96c9ec8be286c21e2329419bf4a57493fb	open	missing:q35_ring3_system_interfaces_clause_witnesses	Add exact Q35 Ring 3 witnesses for every required clause before closing this parent.
functions/sin.html	functions/sin.html	sin	7031871e24112897c2e5602c2d248610de8737cc2356fa9a0e39e9ee307211d8	15	24944a3c796fe4b58089374c7350aa619aed10a42e6f8a1e9101be3317a883f4	open	missing:q35_ring3_system_interfaces_clause_witnesses	Add exact Q35 Ring 3 witnesses for every required clause before closing this parent.
functions/sinf.html	functions/sinf.html	sin	7031871e24112897c2e5602c2d248610de8737cc2356fa9a0e39e9ee307211d8	15	24944a3c796fe4b58089374c7350aa619aed10a42e6f8a1e9101be3317a883f4	open	missing:q35_ring3_system_interfaces_clause_witnesses	Add exact Q35 Ring 3 witnesses for every required clause before closing this parent.
functions/sinh.html	functions/sinh.html	sinh	6c6e6cd543d0d0ce32e5b50445a5a3271a22efdf06b9a94e3267593957dd4763	14	45cd4cd7d7a3f6930fe7ef50476d4754d6f2663b871dcb076ead8e94953ff332	open	missing:q35_ring3_system_interfaces_clause_witnesses	Add exact Q35 Ring 3 witnesses for every required clause before closing this parent.
functions/sinhf.html	functions/sinhf.html	sinh	6c6e6cd543d0d0ce32e5b50445a5a3271a22efdf06b9a94e3267593957dd4763	14	45cd4cd7d7a3f6930fe7ef50476d4754d6f2663b871dcb076ead8e94953ff332	open	missing:q35_ring3_system_interfaces_clause_witnesses	Add exact Q35 Ring 3 witnesses for every required clause before closing this parent.
functions/sinhl.html	functions/sinhl.html	sinh	6c6e6cd543d0d0ce32e5b50445a5a3271a22efdf06b9a94e3267593957dd4763	14	45cd4cd7d7a3f6930fe7ef50476d4754d6f2663b871dcb076ead8e94953ff332	open	missing:q35_ring3_system_interfaces_clause_witnesses	Add exact Q35 Ring 3 witnesses for every required clause before closing this parent.
functions/sinl.html	functions/sinl.html	sin	7031871e24112897c2e5602c2d248610de8737cc2356fa9a0e39e9ee307211d8	15	24944a3c796fe4b58089374c7350aa619aed10a42e6f8a1e9101be3317a883f4	open	missing:q35_ring3_system_interfaces_clause_witnesses	Add exact Q35 Ring 3 witnesses for every required clause before closing this parent.
functions/sleep.html	functions/sleep.html	sleep	c36b4d17765b888912359a2e5e6aee041900f558071aee7bd9c1c7dc69bb9834	14	7cbcf45803de479dcce716426d8c26ca478193e693d0469ef434d0916a8b30ba	open	missing:q35_ring3_system_interfaces_clause_witnesses	Add exact Q35 Ring 3 witnesses for every required clause before closing this parent.
functions/snprintf.html	functions/snprintf.html	fprintf	b97fe351db1c5e6969076d81a8af4d438845873fceef53bcfe6ab5e3b438fc5b	24	292d69b1a005d79351b26c5430d772251a068908c6dd1bfddeff3b3200ac42ab	open	missing:q35_ring3_system_interfaces_clause_witnesses	Add exact Q35 Ring 3 witnesses for every required clause before closing this parent.
functions/sockatmark.html	functions/sockatmark.html	sockatmark	63b900fae10af71b21ab3568967368577750e858be1b99ecade2df5df70b6e08	12	c950f09aad5ddbe79ae3f39c4fdfe98583f3b8bf4cdbc6f0514ba2aab2e6b52a	open	missing:q35_ring3_system_interfaces_clause_witnesses	Add exact Q35 Ring 3 witnesses for every required clause before closing this parent.
functions/socket.html	functions/socket.html	socket	aa732865002a8f2a1658b1dfa6dac9af7f1d5213bb4a67f2f5a61a6e4c623476	12	1914ce979176c58596a112324ffc727e19909dc3e3d6dc79dfedf7637f9ae16f	open	missing:q35_ring3_system_interfaces_clause_witnesses	Add exact Q35 Ring 3 witnesses for every required clause before closing this parent.
functions/socketpair.html	functions/socketpair.html	socketpair	0532628b22b5515505f2a640236202630b500eb9a097eb19fc4ca10c8d49fb42	12	33d8badc141f66f987030568eba5f911a0e2cd20697973866297ea3a5084ca0b	open	missing:q35_ring3_system_interfaces_clause_witnesses	Add exact Q35 Ring 3 witnesses for every required clause before closing this parent.
functions/sprintf.html	functions/sprintf.html	fprintf	b97fe351db1c5e6969076d81a8af4d438845873fceef53bcfe6ab5e3b438fc5b	24	292d69b1a005d79351b26c5430d772251a068908c6dd1bfddeff3b3200ac42ab	open	missing:q35_ring3_system_interfaces_clause_witnesses	Add exact Q35 Ring 3 witnesses for every required clause before closing this parent.
functions/sqrt.html	functions/sqrt.html	sqrt	63772f50166e5a390c46536b7cbfa810c8fb1fc0adaca353d812a1d8efdbb2eb	15	2625f12e46a752f60e3631f27ff938c7039d85bcf5c78cf88c34087497ccbf8c	open	missing:q35_ring3_system_interfaces_clause_witnesses	Add exact Q35 Ring 3 witnesses for every required clause before closing this parent.
functions/sqrtf.html	functions/sqrtf.html	sqrt	63772f50166e5a390c46536b7cbfa810c8fb1fc0adaca353d812a1d8efdbb2eb	15	2625f12e46a752f60e3631f27ff938c7039d85bcf5c78cf88c34087497ccbf8c	open	missing:q35_ring3_system_interfaces_clause_witnesses	Add exact Q35 Ring 3 witnesses for every required clause before closing this parent.
functions/sqrtl.html	functions/sqrtl.html	sqrt	63772f50166e5a390c46536b7cbfa810c8fb1fc0adaca353d812a1d8efdbb2eb	15	2625f12e46a752f60e3631f27ff938c7039d85bcf5c78cf88c34087497ccbf8c	open	missing:q35_ring3_system_interfaces_clause_witnesses	Add exact Q35 Ring 3 witnesses for every required clause before closing this parent.
functions/srand.html	functions/srand.html	rand	e9b33c40f6db6573ed06f90fbf051399f51d619962002b64db4053ba5a39e945	16	b9dd17310d76ff33512e9de7cd887fcee3c45cda743afb0defae9ea561086a6b	open	missing:q35_ring3_system_interfaces_clause_witnesses	Add exact Q35 Ring 3 witnesses for every required clause before closing this parent.
functions/srand48.html	functions/srand48.html	drand48	4dab62b21b52200f41a4aac85491c82f351ffc79e5dcd8dceab7d572aef8761d	14	674357d1cc0477d1cd59ae6636cea9a6d9af106fb896eff2b134f3e7be33cada	open	missing:q35_ring3_system_interfaces_clause_witnesses	Add exact Q35 Ring 3 witnesses for every required clause before closing this parent.
functions/srandom.html	functions/srandom.html	initstate	8129cacb309f1c0aae61d8e1fde13556fcf26ea3cdd915b925a61e983ad3ed4d	14	adb107cceaa65b0f3300303be45bd36ebbcc282304f1bf1b400fb3f7cc77cecf	open	missing:q35_ring3_system_interfaces_clause_witnesses	Add exact Q35 Ring 3 witnesses for every required clause before closing this parent.
functions/sscanf.html	functions/sscanf.html	fscanf	5864ef7954d5f3e72c6c1c8617605d7d2def837c4be8210e6dc8438902562e89	15	231e4265cea30cbfcb2313fa072c6bb463f3835aab7ed8176ec2f6b1d7a48f42	open	missing:q35_ring3_system_interfaces_clause_witnesses	Add exact Q35 Ring 3 witnesses for every required clause before closing this parent.
functions/stat.html	functions/stat.html	fstatat	b499f14533366e32e0e37f832ad1150422ad11d2b99d85dfb45be04384e2c620	17	ef22fee9e2b2071bd7850f2d7577c2cf79c391d4f4debb76e580c63c4f3c0f0c	open	missing:q35_ring3_system_interfaces_clause_witnesses	Add exact Q35 Ring 3 witnesses for every required clause before closing this parent.
functions/statvfs.html	functions/statvfs.html	fstatvfs	f473eebc3890ed9ff13468b58660d014fba5253498d999cce440269e83eb29bb	16	ddb7791a9cf70a9d140eec39350018515923e22e37e77df11e2508b699f15e4c	open	missing:q35_ring3_system_interfaces_clause_witnesses	Add exact Q35 Ring 3 witnesses for every required clause before closing this parent.
functions/stderr.html	functions/stderr.html	stdin	603804ddae3cad23c1ca04cc5861186111e0bc162d9093dccc7bdf3ced0798e7	12	9872fbd1d6729d45e120b5df92ee3b116be6c0b82b844e9d9f0272d2518c05d9	open	missing:q35_ring3_system_interfaces_clause_witnesses	Add exact Q35 Ring 3 witnesses for every required clause before closing this parent.
functions/stdin.html	functions/stdin.html	stdin	603804ddae3cad23c1ca04cc5861186111e0bc162d9093dccc7bdf3ced0798e7	12	9872fbd1d6729d45e120b5df92ee3b116be6c0b82b844e9d9f0272d2518c05d9	open	missing:q35_ring3_system_interfaces_clause_witnesses	Add exact Q35 Ring 3 witnesses for every required clause before closing this parent.
functions/stdout.html	functions/stdout.html	stdin	603804ddae3cad23c1ca04cc5861186111e0bc162d9093dccc7bdf3ced0798e7	12	9872fbd1d6729d45e120b5df92ee3b116be6c0b82b844e9d9f0272d2518c05d9	open	missing:q35_ring3_system_interfaces_clause_witnesses	Add exact Q35 Ring 3 witnesses for every required clause before closing this parent.
functions/stpcpy.html	functions/stpcpy.html	strcpy	e47c5b582c0453edc600e02051c827fdf06ab70b1145c50fa4376bb826fff070	16	117784f5788bc68db15678e1de06a23b81e9929b14ac45e6a7b1424374ed56a8	open	missing:q35_ring3_system_interfaces_clause_witnesses	Add exact Q35 Ring 3 witnesses for every required clause before closing this parent.
functions/stpncpy.html	functions/stpncpy.html	strncpy	3f864ad842228b37e18dcf91f6bc2f49345e3bbdf3d59cbf8982a0a602cff03c	13	94efd428405bfbf8baaa19068d3eddaa39b0c45b68573f6e5a3d28de27414f55	open	missing:q35_ring3_system_interfaces_clause_witnesses	Add exact Q35 Ring 3 witnesses for every required clause before closing this parent.
functions/strcasecmp.html	functions/strcasecmp.html	strcasecmp	fb441520ae4858558c7e4635cc9d59beadc5839b2bcd4ca0ddee9b35f6db38c8	13	f3df80a3e93b174117e34ec9c00613098dacc90f54eac0a6378efd899c11f98b	open	missing:q35_ring3_system_interfaces_clause_witnesses	Add exact Q35 Ring 3 witnesses for every required clause before closing this parent.
functions/strcasecmp_l.html	functions/strcasecmp_l.html	strcasecmp	fb441520ae4858558c7e4635cc9d59beadc5839b2bcd4ca0ddee9b35f6db38c8	13	f3df80a3e93b174117e34ec9c00613098dacc90f54eac0a6378efd899c11f98b	open	missing:q35_ring3_system_interfaces_clause_witnesses	Add exact Q35 Ring 3 witnesses for every required clause before closing this parent.
functions/strcat.html	functions/strcat.html	strcat	f2d90185378a66ada23cd335da97cee14f64a361f29a36501dcde36d8503dc05	12	d96cbe0921aca12d30604c7e6a0ec4c4301648f094058c843bef29a2838b439e	open	missing:q35_ring3_system_interfaces_clause_witnesses	Add exact Q35 Ring 3 witnesses for every required clause before closing this parent.
functions/strchr.html	functions/strchr.html	strchr	76a46dae85092507b6e7f9ed49d891b67cb6bad22527fd428fa12392ebddd4ef	12	5358ba61b78afbb244899cc357d73bc87f387ecdb01aa490916f14fbb8fe7523	open	missing:q35_ring3_system_interfaces_clause_witnesses	Add exact Q35 Ring 3 witnesses for every required clause before closing this parent.
functions/strcmp.html	functions/strcmp.html	strcmp	fb00b11d8049f21f9754d02b0d40e29ac6fc15e8058b909309eff9a8f3d3d2cd	13	f2f424fa9ae8b522fc22427b7a2db50f8251233c90150519d2e9f959c66166cd	open	missing:q35_ring3_system_interfaces_clause_witnesses	Add exact Q35 Ring 3 witnesses for every required clause before closing this parent.
functions/strcoll.html	functions/strcoll.html	strcoll	f9c18b907119ab2e9027c0832d8a7a77b6c23eb4d07ae397172fbc14ad5021c0	15	fb36878f7cd97290f2821d2aa69de770f648bb84673d97ff77035b1dee525743	open	missing:q35_ring3_system_interfaces_clause_witnesses	Add exact Q35 Ring 3 witnesses for every required clause before closing this parent.
functions/strcoll_l.html	functions/strcoll_l.html	strcoll	f9c18b907119ab2e9027c0832d8a7a77b6c23eb4d07ae397172fbc14ad5021c0	15	fb36878f7cd97290f2821d2aa69de770f648bb84673d97ff77035b1dee525743	open	missing:q35_ring3_system_interfaces_clause_witnesses	Add exact Q35 Ring 3 witnesses for every required clause before closing this parent.
functions/strcpy.html	functions/strcpy.html	strcpy	e47c5b582c0453edc600e02051c827fdf06ab70b1145c50fa4376bb826fff070	16	117784f5788bc68db15678e1de06a23b81e9929b14ac45e6a7b1424374ed56a8	open	missing:q35_ring3_system_interfaces_clause_witnesses	Add exact Q35 Ring 3 witnesses for every required clause before closing this parent.
functions/strcspn.html	functions/strcspn.html	strcspn	4d5835096f1eb7ca0ee17c3d2748e7f7457aa61f1c3acfb8f9fdd5226a1e603b	13	b319571ef6650a8e57dfba318d88c49b0c83b9c0034f058da29594de8225a2ab	open	missing:q35_ring3_system_interfaces_clause_witnesses	Add exact Q35 Ring 3 witnesses for every required clause before closing this parent.
functions/strdup.html	functions/strdup.html	strdup	b87a6cdd3235d319d20a74a27fa6c320b2e79160f34e3fefb2121bd17ae02a98	13	f91db291c0c23c93afbe9c5e11eb9e66359e64d0bea7a65302f8590d24329841	open	missing:q35_ring3_system_interfaces_clause_witnesses	Add exact Q35 Ring 3 witnesses for every required clause before closing this parent.
functions/strerror.html	functions/strerror.html	strerror	794d438b2c4c56f9356a45b93fbe0a9645e8d5b8b9a5b7d93d069c3099f2c884	14	f50d849ed91e53b6bd484f8dd25edea9e5f1e778053ab4378ad65039361ce6c7	open	missing:q35_ring3_system_interfaces_clause_witnesses	Add exact Q35 Ring 3 witnesses for every required clause before closing this parent.
functions/strerror_l.html	functions/strerror_l.html	strerror	794d438b2c4c56f9356a45b93fbe0a9645e8d5b8b9a5b7d93d069c3099f2c884	14	f50d849ed91e53b6bd484f8dd25edea9e5f1e778053ab4378ad65039361ce6c7	open	missing:q35_ring3_system_interfaces_clause_witnesses	Add exact Q35 Ring 3 witnesses for every required clause before closing this parent.
functions/strerror_r.html	functions/strerror_r.html	strerror	794d438b2c4c56f9356a45b93fbe0a9645e8d5b8b9a5b7d93d069c3099f2c884	14	f50d849ed91e53b6bd484f8dd25edea9e5f1e778053ab4378ad65039361ce6c7	open	missing:q35_ring3_system_interfaces_clause_witnesses	Add exact Q35 Ring 3 witnesses for every required clause before closing this parent.
functions/strfmon.html	functions/strfmon.html	strfmon	7366bc7971ae0f883a5aaacb183d970aaf2f4c47ed40af5d452cf8ce539f7d30	20	2b8e875b87dc49503ea8b1ef68adb5f212183763f8016e421faa3e289101b547	open	missing:q35_ring3_system_interfaces_clause_witnesses	Add exact Q35 Ring 3 witnesses for every required clause before closing this parent.
functions/strfmon_l.html	functions/strfmon_l.html	strfmon	7366bc7971ae0f883a5aaacb183d970aaf2f4c47ed40af5d452cf8ce539f7d30	20	2b8e875b87dc49503ea8b1ef68adb5f212183763f8016e421faa3e289101b547	open	missing:q35_ring3_system_interfaces_clause_witnesses	Add exact Q35 Ring 3 witnesses for every required clause before closing this parent.
functions/strftime.html	functions/strftime.html	strftime	e2d0f20d8a33eebc3fa5d7a3c5a381264e00dda07337fdfe6aa69524ff607941	16	6478ec6d7fd0d4dc41b759aada2b88d72e3a8454bbf1896f942642c03180c1df	open	missing:q35_ring3_system_interfaces_clause_witnesses	Add exact Q35 Ring 3 witnesses for every required clause before closing this parent.
functions/strftime_l.html	functions/strftime_l.html	strftime	e2d0f20d8a33eebc3fa5d7a3c5a381264e00dda07337fdfe6aa69524ff607941	16	6478ec6d7fd0d4dc41b759aada2b88d72e3a8454bbf1896f942642c03180c1df	open	missing:q35_ring3_system_interfaces_clause_witnesses	Add exact Q35 Ring 3 witnesses for every required clause before closing this parent.
functions/strlen.html	functions/strlen.html	strlen	4c05ff8f36dfc48d298f04db55f1e2dd240e3ee28cec9e8bb60fa8807d93bbac	14	bda2d9040a6f72c865191e8e591a1473b49bf152488d67ad074f16578cd47219	open	missing:q35_ring3_system_interfaces_clause_witnesses	Add exact Q35 Ring 3 witnesses for every required clause before closing this parent.
functions/strncasecmp.html	functions/strncasecmp.html	strcasecmp	fb441520ae4858558c7e4635cc9d59beadc5839b2bcd4ca0ddee9b35f6db38c8	13	f3df80a3e93b174117e34ec9c00613098dacc90f54eac0a6378efd899c11f98b	open	missing:q35_ring3_system_interfaces_clause_witnesses	Add exact Q35 Ring 3 witnesses for every required clause before closing this parent.
functions/strncasecmp_l.html	functions/strncasecmp_l.html	strcasecmp	fb441520ae4858558c7e4635cc9d59beadc5839b2bcd4ca0ddee9b35f6db38c8	13	f3df80a3e93b174117e34ec9c00613098dacc90f54eac0a6378efd899c11f98b	open	missing:q35_ring3_system_interfaces_clause_witnesses	Add exact Q35 Ring 3 witnesses for every required clause before closing this parent.
functions/strncat.html	functions/strncat.html	strncat	ac922234edc9efd0517addd4af588562ba06c0639c515569814257d8b55345df	12	5cab192db7e6e8fdca5e0dd04cb9fab3fe7f59c7f441d130c723990e4400b059	open	missing:q35_ring3_system_interfaces_clause_witnesses	Add exact Q35 Ring 3 witnesses for every required clause before closing this parent.
functions/strncmp.html	functions/strncmp.html	strncmp	7b4745cb0d3feef5d7c99d700c06780506e6e7eabe19ec6af997daba2c4b93aa	12	112f9809e71087340b975071b44df34f78df10a8aefd7b6112f9f9f8c1ad3043	open	missing:q35_ring3_system_interfaces_clause_witnesses	Add exact Q35 Ring 3 witnesses for every required clause before closing this parent.
functions/strncpy.html	functions/strncpy.html	strncpy	3f864ad842228b37e18dcf91f6bc2f49345e3bbdf3d59cbf8982a0a602cff03c	13	94efd428405bfbf8baaa19068d3eddaa39b0c45b68573f6e5a3d28de27414f55	open	missing:q35_ring3_system_interfaces_clause_witnesses	Add exact Q35 Ring 3 witnesses for every required clause before closing this parent.
functions/strndup.html	functions/strndup.html	strdup	b87a6cdd3235d319d20a74a27fa6c320b2e79160f34e3fefb2121bd17ae02a98	13	f91db291c0c23c93afbe9c5e11eb9e66359e64d0bea7a65302f8590d24329841	open	missing:q35_ring3_system_interfaces_clause_witnesses	Add exact Q35 Ring 3 witnesses for every required clause before closing this parent.
functions/strnlen.html	functions/strnlen.html	strlen	4c05ff8f36dfc48d298f04db55f1e2dd240e3ee28cec9e8bb60fa8807d93bbac	14	bda2d9040a6f72c865191e8e591a1473b49bf152488d67ad074f16578cd47219	open	missing:q35_ring3_system_interfaces_clause_witnesses	Add exact Q35 Ring 3 witnesses for every required clause before closing this parent.
functions/strpbrk.html	functions/strpbrk.html	strpbrk	4a653ebab66295bfd8a5560ef79a39ec32eb07dcdf0a4348c039cb3ac6c705e6	11	0fad535064c77714450e000d3f731212359e942a89129928ab37bef5d1d1245c	open	missing:q35_ring3_system_interfaces_clause_witnesses	Add exact Q35 Ring 3 witnesses for every required clause before closing this parent.
functions/strptime.html	functions/strptime.html	strptime	b8ec126fe633d06a6afd45668646f7a76066964266925957198d0b3e1bdd2866	16	4fe2c02159158752ebec6e0d3dc7928cc55b1eeb80d6bb12b34c9208948d45cb	open	missing:q35_ring3_system_interfaces_clause_witnesses	Add exact Q35 Ring 3 witnesses for every required clause before closing this parent.
functions/strrchr.html	functions/strrchr.html	strrchr	de4bd8aaec1757869a00603465a0f493781001525de3fc6ea27e35f4924755bd	12	b60ce83adc107f8aea2ebef92333ac7fb86212f5fc180afffd4032f1989c8fb9	open	missing:q35_ring3_system_interfaces_clause_witnesses	Add exact Q35 Ring 3 witnesses for every required clause before closing this parent.
functions/strsignal.html	functions/strsignal.html	strsignal	6ba8f14bbd1b101c68fc19c429f2aff5a7f072f9d7ca1dc7b5e95724e328330b	11	9af2632870e1f9c08362f3883fc7383ae811b9b635f12112831d34cb77a4e451	open	missing:q35_ring3_system_interfaces_clause_witnesses	Add exact Q35 Ring 3 witnesses for every required clause before closing this parent.
functions/strspn.html	functions/strspn.html	strspn	5698e24765f28efe9a520e109a47ace9f3daa5d5fad812da83c4f37c1249d154	13	4a64c6eeb782f6d81de14a81815edcb77b478c98ce2eba509e0377c11075532b	open	missing:q35_ring3_system_interfaces_clause_witnesses	Add exact Q35 Ring 3 witnesses for every required clause before closing this parent.
functions/strstr.html	functions/strstr.html	strstr	4fff3b9bf1cffe2dce19f5c265c5c5bd1c39ef8de2fa7d9b731a5b623493ebc3	11	c2980aea2d056f382f46a77394695bf6fb840cb117a5181425600276be464ddf	open	missing:q35_ring3_system_interfaces_clause_witnesses	Add exact Q35 Ring 3 witnesses for every required clause before closing this parent.
functions/strtod.html	functions/strtod.html	strtod	63523d6a1bcadb9d9b42e735786a381c3ebd9b94c9318ed1f2a1ebdec7e4070b	14	c1ca568a7e4602f8052cb97e2bfe73569e73b08f8c24422c3c342aae7ea5df08	open	missing:q35_ring3_system_interfaces_clause_witnesses	Add exact Q35 Ring 3 witnesses for every required clause before closing this parent.
functions/strtof.html	functions/strtof.html	strtod	63523d6a1bcadb9d9b42e735786a381c3ebd9b94c9318ed1f2a1ebdec7e4070b	14	c1ca568a7e4602f8052cb97e2bfe73569e73b08f8c24422c3c342aae7ea5df08	open	missing:q35_ring3_system_interfaces_clause_witnesses	Add exact Q35 Ring 3 witnesses for every required clause before closing this parent.
functions/strtoimax.html	functions/strtoimax.html	strtoimax	25422c055bebcc054575205e13b5c330d868e65fe6d4da64a51628748855c829	12	6a9e01f3e3903a999240c6f0b1a36a23e5566c5ca48fc0b4359da1411b494d14	open	missing:q35_ring3_system_interfaces_clause_witnesses	Add exact Q35 Ring 3 witnesses for every required clause before closing this parent.
functions/strtok.html	functions/strtok.html	strtok	8264b9dd6dc956952711d48bf6cf25fe1159a3274b9084cb4704b33f1330e87f	16	723321820cfbc94be3d813cbe97441389590dcde67c6e4dd247a5d731aaa0b16	open	missing:q35_ring3_system_interfaces_clause_witnesses	Add exact Q35 Ring 3 witnesses for every required clause before closing this parent.
functions/strtok_r.html	functions/strtok_r.html	strtok	8264b9dd6dc956952711d48bf6cf25fe1159a3274b9084cb4704b33f1330e87f	16	723321820cfbc94be3d813cbe97441389590dcde67c6e4dd247a5d731aaa0b16	open	missing:q35_ring3_system_interfaces_clause_witnesses	Add exact Q35 Ring 3 witnesses for every required clause before closing this parent.
functions/strtol.html	functions/strtol.html	strtol	4137364d621d6fca8288a78e9b5912fdd6bd052108c496e0596f7d093d9f2306	14	8cc92424ec7ea3ed8cf032f6132405f10c5cb3ae0845e8dee92fb845ffb3cd11	open	missing:q35_ring3_system_interfaces_clause_witnesses	Add exact Q35 Ring 3 witnesses for every required clause before closing this parent.
functions/strtold.html	functions/strtold.html	strtod	63523d6a1bcadb9d9b42e735786a381c3ebd9b94c9318ed1f2a1ebdec7e4070b	14	c1ca568a7e4602f8052cb97e2bfe73569e73b08f8c24422c3c342aae7ea5df08	open	missing:q35_ring3_system_interfaces_clause_witnesses	Add exact Q35 Ring 3 witnesses for every required clause before closing this parent.
functions/strtoll.html	functions/strtoll.html	strtol	4137364d621d6fca8288a78e9b5912fdd6bd052108c496e0596f7d093d9f2306	14	8cc92424ec7ea3ed8cf032f6132405f10c5cb3ae0845e8dee92fb845ffb3cd11	open	missing:q35_ring3_system_interfaces_clause_witnesses	Add exact Q35 Ring 3 witnesses for every required clause before closing this parent.
functions/strtoul.html	functions/strtoul.html	strtoul	a1e40ee78532ad8d37774d400016134d071e42385ec58299bfb6eaa29875169a	14	d9ddc2b5ea3e1ea01b43ac9dc0c53a7ff315be75fad419d03c1d0ddcfc5b9915	open	missing:q35_ring3_system_interfaces_clause_witnesses	Add exact Q35 Ring 3 witnesses for every required clause before closing this parent.
functions/strtoull.html	functions/strtoull.html	strtoul	a1e40ee78532ad8d37774d400016134d071e42385ec58299bfb6eaa29875169a	14	d9ddc2b5ea3e1ea01b43ac9dc0c53a7ff315be75fad419d03c1d0ddcfc5b9915	open	missing:q35_ring3_system_interfaces_clause_witnesses	Add exact Q35 Ring 3 witnesses for every required clause before closing this parent.
functions/strtoumax.html	functions/strtoumax.html	strtoimax	25422c055bebcc054575205e13b5c330d868e65fe6d4da64a51628748855c829	12	6a9e01f3e3903a999240c6f0b1a36a23e5566c5ca48fc0b4359da1411b494d14	open	missing:q35_ring3_system_interfaces_clause_witnesses	Add exact Q35 Ring 3 witnesses for every required clause before closing this parent.
functions/strxfrm.html	functions/strxfrm.html	strxfrm	ce67bbb57e9869713d37e1aec98139a7fedcfe10a506f64ae6c8dca70bab4689	14	26e57b8068a135acfa693332c78a49ab35b2307b650fbfbed8efc67587243d55	open	missing:q35_ring3_system_interfaces_clause_witnesses	Add exact Q35 Ring 3 witnesses for every required clause before closing this parent.
functions/strxfrm_l.html	functions/strxfrm_l.html	strxfrm	ce67bbb57e9869713d37e1aec98139a7fedcfe10a506f64ae6c8dca70bab4689	14	26e57b8068a135acfa693332c78a49ab35b2307b650fbfbed8efc67587243d55	open	missing:q35_ring3_system_interfaces_clause_witnesses	Add exact Q35 Ring 3 witnesses for every required clause before closing this parent.
functions/swab.html	functions/swab.html	swab	246fc46e6512a37b0d2c25023217935fbbe694e1a8a8aef09664df2bbb26fb32	12	db47dee0aea232774112b90d01b8fe83e6bb178e41feb3cc9cd01d17adf25e88	open	missing:q35_ring3_system_interfaces_clause_witnesses	Add exact Q35 Ring 3 witnesses for every required clause before closing this parent.
functions/swprintf.html	functions/swprintf.html	fwprintf	6c5f841fd35837c1d94f7401c12e8a12ccc4f0ebebb75fe7ff8d2421ef32646e	13	2e3fff83b0acc10f3f420fd4dc3e129593ef67084c04f7c3e6d1b65035060380	open	missing:q35_ring3_system_interfaces_clause_witnesses	Add exact Q35 Ring 3 witnesses for every required clause before closing this parent.
functions/swscanf.html	functions/swscanf.html	fwscanf	bdaa0f62e4468683c53c96443c0dc8442f94d5a6d71d73a70e630d4d38f82fa5	13	26ba36ab7f04250ddff0a9fe47762705a09c59ee7bb645997ab7e304d3cba182	open	missing:q35_ring3_system_interfaces_clause_witnesses	Add exact Q35 Ring 3 witnesses for every required clause before closing this parent.
functions/symlink.html	functions/symlink.html	symlink	efa6256093a27fa1e99b42868a8ed627053fa2a13e35abe44de545eacbaab133	14	65e4dfda07dc78b921ad224ebad0b7fde1b2e74e591af8fcc7c7dcf364beec97	open	missing:q35_ring3_system_interfaces_clause_witnesses	Add exact Q35 Ring 3 witnesses for every required clause before closing this parent.
functions/symlinkat.html	functions/symlinkat.html	symlink	efa6256093a27fa1e99b42868a8ed627053fa2a13e35abe44de545eacbaab133	14	65e4dfda07dc78b921ad224ebad0b7fde1b2e74e591af8fcc7c7dcf364beec97	open	missing:q35_ring3_system_interfaces_clause_witnesses	Add exact Q35 Ring 3 witnesses for every required clause before closing this parent.
functions/sync.html	functions/sync.html	sync	dd694162fe38772886ac019f1f8c7e147a91ae524ac596e29507f40bcb8af8f7	12	03362903b91b34ae3a7f75a395f23d6c6a47c2ca9c9801335a5966a27c7c303d	open	missing:q35_ring3_system_interfaces_clause_witnesses	Add exact Q35 Ring 3 witnesses for every required clause before closing this parent.
functions/sysconf.html	functions/sysconf.html	sysconf	55b3f997d8f7645f12fa5d64082f6fee4bac36082f17dbd84a010487c08b8a0b	14	8f0ce7a2199b5c2df5c9358a858644a15bdc5db35a7bf6c090ce0311994e63c5	open	missing:q35_ring3_system_interfaces_clause_witnesses	Add exact Q35 Ring 3 witnesses for every required clause before closing this parent.
functions/syslog.html	functions/syslog.html	closelog	1aa9733326181b9cd5e96a3e92f76cf58597fea0f1d3dd02844e303c63b9e8cf	16	093d74d1f5f1fe581abb17390243d770eeb35005d87fe979c29ea16a82844f2d	open	missing:q35_ring3_system_interfaces_clause_witnesses	Add exact Q35 Ring 3 witnesses for every required clause before closing this parent.
functions/system.html	functions/system.html	system	e4634bad3448f024d1dcc0861471544ef143df7a9a91c7ffd049b156c3f0551a	13	bea090d782aad6bcb02f7e0b831f0a4fdc80cd8c7f64bd9ce41163f3016bec66	open	missing:q35_ring3_system_interfaces_clause_witnesses	Add exact Q35 Ring 3 witnesses for every required clause before closing this parent.
functions/tan.html	functions/tan.html	tan	023dca853e684f80af51fe38233ba106283872f08d140da616bfd793463e42ed	15	a563c71a4f78afe220f527e70d64d8aa48e9bab083717ce8a1752a037e03c04e	open	missing:q35_ring3_system_interfaces_clause_witnesses	Add exact Q35 Ring 3 witnesses for every required clause before closing this parent.
functions/tanf.html	functions/tanf.html	tan	023dca853e684f80af51fe38233ba106283872f08d140da616bfd793463e42ed	15	a563c71a4f78afe220f527e70d64d8aa48e9bab083717ce8a1752a037e03c04e	open	missing:q35_ring3_system_interfaces_clause_witnesses	Add exact Q35 Ring 3 witnesses for every required clause before closing this parent.
functions/tanh.html	functions/tanh.html	tanh	96d093f9137d1bbbe03aa6367038c1eb4f7100c9bfba57e11084f1ceb1b8d00c	14	899eddfa131f5aa9f68494a95d81b7ff9212f9491c31894bfae8703fda09429e	open	missing:q35_ring3_system_interfaces_clause_witnesses	Add exact Q35 Ring 3 witnesses for every required clause before closing this parent.
functions/tanhf.html	functions/tanhf.html	tanh	96d093f9137d1bbbe03aa6367038c1eb4f7100c9bfba57e11084f1ceb1b8d00c	14	899eddfa131f5aa9f68494a95d81b7ff9212f9491c31894bfae8703fda09429e	open	missing:q35_ring3_system_interfaces_clause_witnesses	Add exact Q35 Ring 3 witnesses for every required clause before closing this parent.
functions/tanhl.html	functions/tanhl.html	tanh	96d093f9137d1bbbe03aa6367038c1eb4f7100c9bfba57e11084f1ceb1b8d00c	14	899eddfa131f5aa9f68494a95d81b7ff9212f9491c31894bfae8703fda09429e	open	missing:q35_ring3_system_interfaces_clause_witnesses	Add exact Q35 Ring 3 witnesses for every required clause before closing this parent.
functions/tanl.html	functions/tanl.html	tan	023dca853e684f80af51fe38233ba106283872f08d140da616bfd793463e42ed	15	a563c71a4f78afe220f527e70d64d8aa48e9bab083717ce8a1752a037e03c04e	open	missing:q35_ring3_system_interfaces_clause_witnesses	Add exact Q35 Ring 3 witnesses for every required clause before closing this parent.
functions/tcdrain.html	functions/tcdrain.html	tcdrain	c39201ba4fa1a5033dd98d20713f01a06245865cb5096f9ff2f7f2a356c98fae	13	098688d79774428e709bb59e7da57969bccbbea3f68cb6e5af97d3e6edcb8942	open	missing:q35_ring3_system_interfaces_clause_witnesses	Add exact Q35 Ring 3 witnesses for every required clause before closing this parent.
functions/tcflow.html	functions/tcflow.html	tcflow	b63b0769129009366ed399416b685ba27656a1537daf86f2f6be4f84f34a075b	13	70d53ec459f67a28b67bc1987e1fe0c49fe815743cababddf1bc1a01d157b8fb	open	missing:q35_ring3_system_interfaces_clause_witnesses	Add exact Q35 Ring 3 witnesses for every required clause before closing this parent.
functions/tcflush.html	functions/tcflush.html	tcflush	28a3b4f707fb33498f8069eac138b03548a1d5b71668eba943d8069751b122c2	13	63d24670714e3f6ba29a497706450b8029101663a85b0b51b78b5a64b1354f5f	open	missing:q35_ring3_system_interfaces_clause_witnesses	Add exact Q35 Ring 3 witnesses for every required clause before closing this parent.
functions/tcgetattr.html	functions/tcgetattr.html	tcgetattr	7612e1550e8cc0c4f4ef0ff613e18d633f9adcf89804f6d536a3cdc41858195f	12	dd00c9f22ad33f96d189642e5573ef8ca3a4607640a2d4f8a47901d500df7b85	open	missing:q35_ring3_system_interfaces_clause_witnesses	Add exact Q35 Ring 3 witnesses for every required clause before closing this parent.
functions/tcgetpgrp.html	functions/tcgetpgrp.html	tcgetpgrp	e8e63ed627217dd6005579c7eeb02e42addf8fbec2125528a8d8a63e77066462	12	3fda620f05e8de7f67cbc037a8eeaac47b0908b6702da37c50f7a306a487df76	open	missing:q35_ring3_system_interfaces_clause_witnesses	Add exact Q35 Ring 3 witnesses for every required clause before closing this parent.
functions/tcgetsid.html	functions/tcgetsid.html	tcgetsid	851676d9373d2e402e1081feeabef3918bf7bd0e0890db2ad9c144ca9bd3023c	13	d6a0db798b194e0c7a5b2163e6eea8551e6a14f11515bf2972e8ceb0ce615c48	open	missing:q35_ring3_system_interfaces_clause_witnesses	Add exact Q35 Ring 3 witnesses for every required clause before closing this parent.
functions/tcsendbreak.html	functions/tcsendbreak.html	tcsendbreak	b0285dfd1c5a7101d3f0e6c4ced155379602137f801266b772be082b00d57c39	13	9f4a0e987e58badae5ecc77e0eb6026af9f758a355e3617d39fd3a444df6842d	open	missing:q35_ring3_system_interfaces_clause_witnesses	Add exact Q35 Ring 3 witnesses for every required clause before closing this parent.
functions/tcsetattr.html	functions/tcsetattr.html	tcsetattr	da83c877394c5654bd355e696052da94d2cf9a14867eb51dc6a1949f4e674c04	13	cca3627d5af31a80ee563115707a181236642b8b3678dfda2a922b3bda96d1d3	open	missing:q35_ring3_system_interfaces_clause_witnesses	Add exact Q35 Ring 3 witnesses for every required clause before closing this parent.
functions/tcsetpgrp.html	functions/tcsetpgrp.html	tcsetpgrp	97109e70531c135a993b0bae84f59a3c249c24f12b4174649b26607d959c888d	13	cc81f0c7635ec855514099c4cc75e214e101d93cfb99490c2d181cb372eb5f8d	open	missing:q35_ring3_system_interfaces_clause_witnesses	Add exact Q35 Ring 3 witnesses for every required clause before closing this parent.
functions/tdelete.html	functions/tdelete.html	tdelete	363f6cf3cf1b258f1c519d76ebf7fd69e7309a77003985286ee9a8bb268bde9d	14	d0d9257567fe93172e02fae31a1f2b0086607250697ee4f974675b83f5a73ef4	open	missing:q35_ring3_system_interfaces_clause_witnesses	Add exact Q35 Ring 3 witnesses for every required clause before closing this parent.
functions/telldir.html	functions/telldir.html	telldir	1aa2bc563ba9b7ce8dc52c5c4d604ca00ae7ca3f58a9529daedf8bf8582ed80b	11	fbff95e0c2b5b31279cd59a76c70483c7971e0dface053868ce323960a14d257	open	missing:q35_ring3_system_interfaces_clause_witnesses	Add exact Q35 Ring 3 witnesses for every required clause before closing this parent.
functions/tempnam.html	functions/tempnam.html	tempnam	16896dfa05d013d70415c2f1ef47aaa8f3a95c08cb4773e50d8cbeb503a391b7	14	e8bcdf524c8da1e02a9388d6b8f8fc12dc091eedbc5dce414ba19a235ec9e126	open	missing:q35_ring3_system_interfaces_clause_witnesses	Add exact Q35 Ring 3 witnesses for every required clause before closing this parent.
functions/tfind.html	functions/tfind.html	tdelete	363f6cf3cf1b258f1c519d76ebf7fd69e7309a77003985286ee9a8bb268bde9d	14	d0d9257567fe93172e02fae31a1f2b0086607250697ee4f974675b83f5a73ef4	open	missing:q35_ring3_system_interfaces_clause_witnesses	Add exact Q35 Ring 3 witnesses for every required clause before closing this parent.
functions/tgamma.html	functions/tgamma.html	tgamma	7e9c5aeb6a5873063d0e71ba04655e5e00168dd76c019b17090a65556e09d450	12	5d4d9fb4901fe8468bc73138305bbe8bab5e1396e3bc57b91a9cdd7227941d32	open	missing:q35_ring3_system_interfaces_clause_witnesses	Add exact Q35 Ring 3 witnesses for every required clause before closing this parent.
functions/tgammaf.html	functions/tgammaf.html	tgamma	7e9c5aeb6a5873063d0e71ba04655e5e00168dd76c019b17090a65556e09d450	12	5d4d9fb4901fe8468bc73138305bbe8bab5e1396e3bc57b91a9cdd7227941d32	open	missing:q35_ring3_system_interfaces_clause_witnesses	Add exact Q35 Ring 3 witnesses for every required clause before closing this parent.
functions/tgammal.html	functions/tgammal.html	tgamma	7e9c5aeb6a5873063d0e71ba04655e5e00168dd76c019b17090a65556e09d450	12	5d4d9fb4901fe8468bc73138305bbe8bab5e1396e3bc57b91a9cdd7227941d32	open	missing:q35_ring3_system_interfaces_clause_witnesses	Add exact Q35 Ring 3 witnesses for every required clause before closing this parent.
functions/time.html	functions/time.html	time	2ac2a7dd16018956b7e0cfebf7d2b7758b3e9d39b7842d2f831df5eb465c43e9	15	612c28a3c5c241947678f9c6ad36f10eb1ba2cd9499cc6b9cebe63fce8275b9b	open	missing:q35_ring3_system_interfaces_clause_witnesses	Add exact Q35 Ring 3 witnesses for every required clause before closing this parent.
functions/timer_create.html	functions/timer_create.html	timer_create	e6e886030fe1047d51b0a77490e916b597b140d6e06300ba84eb1ac3a48b1c35	15	8a9e5397682748d08b2d87748d28c706464881677b5659a845644585d830158b	open	missing:q35_ring3_system_interfaces_clause_witnesses	Add exact Q35 Ring 3 witnesses for every required clause before closing this parent.
functions/timer_delete.html	functions/timer_delete.html	timer_delete	99bb89ca7eda1a203468292ba8d105dc54a8a465985ce6d281c02f1c4a4deca5	13	ec8e4de2c6978fa014fd18f8821158f2e4501560846fbce713b45f8119db9eef	open	missing:q35_ring3_system_interfaces_clause_witnesses	Add exact Q35 Ring 3 witnesses for every required clause before closing this parent.
functions/timer_getoverrun.html	functions/timer_getoverrun.html	timer_getoverrun	60d2c2929a85f8c683581c38b6fcff84654206794e446e295e3c64649ca6b7f3	13	d7efb94b7a42807000bff2c12704ff2ade098eddcccc508b8d04f4dbdb75a5fe	open	missing:q35_ring3_system_interfaces_clause_witnesses	Add exact Q35 Ring 3 witnesses for every required clause before closing this parent.
functions/timer_gettime.html	functions/timer_gettime.html	timer_getoverrun	60d2c2929a85f8c683581c38b6fcff84654206794e446e295e3c64649ca6b7f3	13	d7efb94b7a42807000bff2c12704ff2ade098eddcccc508b8d04f4dbdb75a5fe	open	missing:q35_ring3_system_interfaces_clause_witnesses	Add exact Q35 Ring 3 witnesses for every required clause before closing this parent.
functions/timer_settime.html	functions/timer_settime.html	timer_getoverrun	60d2c2929a85f8c683581c38b6fcff84654206794e446e295e3c64649ca6b7f3	13	d7efb94b7a42807000bff2c12704ff2ade098eddcccc508b8d04f4dbdb75a5fe	open	missing:q35_ring3_system_interfaces_clause_witnesses	Add exact Q35 Ring 3 witnesses for every required clause before closing this parent.
functions/times.html	functions/times.html	times	120a69b8364ebb2884ca6c8d8ca9a99830b08800c1a98aba098325206fa906cd	13	65dd26aec899a5c5a63e367759a3fd48bbf3629dfb5d08c605d4c50705899666	open	missing:q35_ring3_system_interfaces_clause_witnesses	Add exact Q35 Ring 3 witnesses for every required clause before closing this parent.
functions/timezone.html	functions/timezone.html	tzset	fd9a42983fe468139a7783dcd4473f40ee545215f9708dd3ad9d9062a00cb4b8	13	ba13502ec52c00480179e3ad70d3da8b293f050e1a430369440d7c578a68e31f	open	missing:q35_ring3_system_interfaces_clause_witnesses	Add exact Q35 Ring 3 witnesses for every required clause before closing this parent.
functions/tmpfile.html	functions/tmpfile.html	tmpfile	9220b4140715adc3b2c53623fd4bf6e6773c7ae7cebb9b64d8fa874947343756	15	13f365bf5acbb9f2d9bf697311d290c065c7b5b7c7c575fa1e1405d48322990b	open	missing:q35_ring3_system_interfaces_clause_witnesses	Add exact Q35 Ring 3 witnesses for every required clause before closing this parent.
functions/tmpnam.html	functions/tmpnam.html	tmpnam	e3dc6dde296e326ffa610d997ceb427cb3612192195f6fe5781fd99f3230abc3	15	3a8b5794dd24af5a0e63b10f42825624572e0004711d8bfb05251e2755158857	open	missing:q35_ring3_system_interfaces_clause_witnesses	Add exact Q35 Ring 3 witnesses for every required clause before closing this parent.
functions/toascii.html	functions/toascii.html	toascii	25c2ad48acafbf71ef2cce1988f547a3fff3a185cb01f56b71b89424dc17e038	12	67c8d5d7dc0ff11487b3a00a128198ea272206518fca0afcd8acac0295187935	open	missing:q35_ring3_system_interfaces_clause_witnesses	Add exact Q35 Ring 3 witnesses for every required clause before closing this parent.
functions/toc.html	functions/toc.html	CONTENTS	e02dd1c5bbfa9527ee6853ceb42966b8cbda900bf6214331a04e0257b2db12c7	0	e3b0c44298fc1c149afbf4c8996fb92427ae41e4649b934ca495991b7852b855	open	missing:q35_ring3_system_interfaces_clause_witnesses	Add exact Q35 Ring 3 witnesses for every required clause before closing this parent.
functions/tolower.html	functions/tolower.html	tolower	3d20c5b15ff0a59a2e1b8f03bc01e2fc3dfba8ccdcb45be7fd3d78a9869f61d6	13	702fda37831004d13e39b263640f45242df346c2d84a48aa69472575a4e5c16e	open	missing:q35_ring3_system_interfaces_clause_witnesses	Add exact Q35 Ring 3 witnesses for every required clause before closing this parent.
functions/tolower_l.html	functions/tolower_l.html	tolower	3d20c5b15ff0a59a2e1b8f03bc01e2fc3dfba8ccdcb45be7fd3d78a9869f61d6	13	702fda37831004d13e39b263640f45242df346c2d84a48aa69472575a4e5c16e	open	missing:q35_ring3_system_interfaces_clause_witnesses	Add exact Q35 Ring 3 witnesses for every required clause before closing this parent.
functions/toupper.html	functions/toupper.html	toupper	20800457b64661faf5e4f6a7204965bb9617a0bca8310f103e59b7581b7ddbc3	13	aa1c2fd2e06738f3d06f83e4ee4677af1798aabf706c7be9d0e5f28d6879fa83	open	missing:q35_ring3_system_interfaces_clause_witnesses	Add exact Q35 Ring 3 witnesses for every required clause before closing this parent.
functions/toupper_l.html	functions/toupper_l.html	toupper	20800457b64661faf5e4f6a7204965bb9617a0bca8310f103e59b7581b7ddbc3	13	aa1c2fd2e06738f3d06f83e4ee4677af1798aabf706c7be9d0e5f28d6879fa83	open	missing:q35_ring3_system_interfaces_clause_witnesses	Add exact Q35 Ring 3 witnesses for every required clause before closing this parent.
functions/towctrans.html	functions/towctrans.html	towctrans	d19f445875577431fdd75117ae2e9cc6c9f415c9f2d6bf7033e740f77ead4e01	13	debe90838e9cf1c375323a9d69c7663f0320d771cce3d1b855011dfeab5100e3	open	missing:q35_ring3_system_interfaces_clause_witnesses	Add exact Q35 Ring 3 witnesses for every required clause before closing this parent.
functions/towctrans_l.html	functions/towctrans_l.html	towctrans	d19f445875577431fdd75117ae2e9cc6c9f415c9f2d6bf7033e740f77ead4e01	13	debe90838e9cf1c375323a9d69c7663f0320d771cce3d1b855011dfeab5100e3	open	missing:q35_ring3_system_interfaces_clause_witnesses	Add exact Q35 Ring 3 witnesses for every required clause before closing this parent.
functions/towlower.html	functions/towlower.html	towlower	b5552a585f90dff7b82d601c49bf03c7552974a2a4fd548e0c901a493b0b3e9c	14	2cd88f6626facdf3ac72e58be89ebbf3a7863a6ec257c3b7f49a9c07809fdc78	open	missing:q35_ring3_system_interfaces_clause_witnesses	Add exact Q35 Ring 3 witnesses for every required clause before closing this parent.
functions/towlower_l.html	functions/towlower_l.html	towlower	b5552a585f90dff7b82d601c49bf03c7552974a2a4fd548e0c901a493b0b3e9c	14	2cd88f6626facdf3ac72e58be89ebbf3a7863a6ec257c3b7f49a9c07809fdc78	open	missing:q35_ring3_system_interfaces_clause_witnesses	Add exact Q35 Ring 3 witnesses for every required clause before closing this parent.
functions/towupper.html	functions/towupper.html	towupper	517130e114e8de2b60298d47e4eb38a4043e7048ce700a65a6ea19e421405a30	14	797f8a3bbdc8ee6bc2fdc9c91202f2678c642e4b5c826916a0e475d7bbd3fd90	open	missing:q35_ring3_system_interfaces_clause_witnesses	Add exact Q35 Ring 3 witnesses for every required clause before closing this parent.
functions/towupper_l.html	functions/towupper_l.html	towupper	517130e114e8de2b60298d47e4eb38a4043e7048ce700a65a6ea19e421405a30	14	797f8a3bbdc8ee6bc2fdc9c91202f2678c642e4b5c826916a0e475d7bbd3fd90	open	missing:q35_ring3_system_interfaces_clause_witnesses	Add exact Q35 Ring 3 witnesses for every required clause before closing this parent.
functions/trunc.html	functions/trunc.html	trunc	8a2e15fb2d1b5db27c7031a69fd98d882b4d7e2a85c1e3e25c30c664599368e1	12	84b73bdd644d7428fc8966a988efa9ea8bcf3fdf1f8fb91729cac59f67404a7e	open	missing:q35_ring3_system_interfaces_clause_witnesses	Add exact Q35 Ring 3 witnesses for every required clause before closing this parent.
functions/truncate.html	functions/truncate.html	truncate	d4585c2605747c4add2f2026b59af180141b2c74bd13571802c357ae175fd2aa	14	13479e602aa770a5b395fa2b0f2f7a1700149520f1b71b1bc4ba23ef9fd10e97	open	missing:q35_ring3_system_interfaces_clause_witnesses	Add exact Q35 Ring 3 witnesses for every required clause before closing this parent.
functions/truncf.html	functions/truncf.html	trunc	8a2e15fb2d1b5db27c7031a69fd98d882b4d7e2a85c1e3e25c30c664599368e1	12	84b73bdd644d7428fc8966a988efa9ea8bcf3fdf1f8fb91729cac59f67404a7e	open	missing:q35_ring3_system_interfaces_clause_witnesses	Add exact Q35 Ring 3 witnesses for every required clause before closing this parent.
functions/truncl.html	functions/truncl.html	trunc	8a2e15fb2d1b5db27c7031a69fd98d882b4d7e2a85c1e3e25c30c664599368e1	12	84b73bdd644d7428fc8966a988efa9ea8bcf3fdf1f8fb91729cac59f67404a7e	open	missing:q35_ring3_system_interfaces_clause_witnesses	Add exact Q35 Ring 3 witnesses for every required clause before closing this parent.
functions/tsearch.html	functions/tsearch.html	tdelete	363f6cf3cf1b258f1c519d76ebf7fd69e7309a77003985286ee9a8bb268bde9d	14	d0d9257567fe93172e02fae31a1f2b0086607250697ee4f974675b83f5a73ef4	open	missing:q35_ring3_system_interfaces_clause_witnesses	Add exact Q35 Ring 3 witnesses for every required clause before closing this parent.
functions/ttyname.html	functions/ttyname.html	ttyname	e5c8477ce33e94a3d40b0e8d9ce1dd3e7da66c192fe43aced2728d2ec53929b5	14	2443ccebf42c1b7ff4c34c85edf2a2bc0f0486bda447a35c8252590dbe070cfe	open	missing:q35_ring3_system_interfaces_clause_witnesses	Add exact Q35 Ring 3 witnesses for every required clause before closing this parent.
functions/ttyname_r.html	functions/ttyname_r.html	ttyname	e5c8477ce33e94a3d40b0e8d9ce1dd3e7da66c192fe43aced2728d2ec53929b5	14	2443ccebf42c1b7ff4c34c85edf2a2bc0f0486bda447a35c8252590dbe070cfe	open	missing:q35_ring3_system_interfaces_clause_witnesses	Add exact Q35 Ring 3 witnesses for every required clause before closing this parent.
functions/twalk.html	functions/twalk.html	tdelete	363f6cf3cf1b258f1c519d76ebf7fd69e7309a77003985286ee9a8bb268bde9d	14	d0d9257567fe93172e02fae31a1f2b0086607250697ee4f974675b83f5a73ef4	open	missing:q35_ring3_system_interfaces_clause_witnesses	Add exact Q35 Ring 3 witnesses for every required clause before closing this parent.
functions/tzname.html	functions/tzname.html	tzset	fd9a42983fe468139a7783dcd4473f40ee545215f9708dd3ad9d9062a00cb4b8	13	ba13502ec52c00480179e3ad70d3da8b293f050e1a430369440d7c578a68e31f	open	missing:q35_ring3_system_interfaces_clause_witnesses	Add exact Q35 Ring 3 witnesses for every required clause before closing this parent.
functions/tzset.html	functions/tzset.html	tzset	fd9a42983fe468139a7783dcd4473f40ee545215f9708dd3ad9d9062a00cb4b8	13	ba13502ec52c00480179e3ad70d3da8b293f050e1a430369440d7c578a68e31f	open	missing:q35_ring3_system_interfaces_clause_witnesses	Add exact Q35 Ring 3 witnesses for every required clause before closing this parent.
functions/ulimit.html	functions/ulimit.html	ulimit	a645e49cef8434d10c04691df6236e6df1cfc357699716d95a49f4dabde50bcb	13	62fbbbb3a0f2709d7531701017d2bd4d802f692cfb6b3d351b9abf5ef6f76399	open	missing:q35_ring3_system_interfaces_clause_witnesses	Add exact Q35 Ring 3 witnesses for every required clause before closing this parent.
functions/umask.html	functions/umask.html	umask	0b59e8998dd38a725db11e80d688cfb1e0cf6f176fb8efe00156325951ddd24b	12	fb877892733bdad28b0d258649713faeacaf8170f140b2ad0e54f4f37f99f9e4	open	missing:q35_ring3_system_interfaces_clause_witnesses	Add exact Q35 Ring 3 witnesses for every required clause before closing this parent.
functions/uname.html	functions/uname.html	uname	23bf44182646dee0a2a0dd8804bf1ee301fe44d246841700d889f75a197b80c2	11	a06d66ac8e7e0d64edb328c3bde5f949313037bffd40b222597d8066f548fb6c	open	missing:q35_ring3_system_interfaces_clause_witnesses	Add exact Q35 Ring 3 witnesses for every required clause before closing this parent.
functions/ungetc.html	functions/ungetc.html	ungetc	11cd04de438702619222dc8aa543b81ebc906657a9758a0a541345a5fd2830a2	12	e9f664f998fe71fbb6084e6da35ff6967eb5d246a94bdedc9292ba015f226600	open	missing:q35_ring3_system_interfaces_clause_witnesses	Add exact Q35 Ring 3 witnesses for every required clause before closing this parent.
functions/ungetwc.html	functions/ungetwc.html	ungetwc	32b16c0d533c97570c7a867b81745f61c1f3d5a09421feee2e11e88405ccba2a	14	1791b41453dcb677bf578cf7675fb01db048d696cab05e82fc2fa2fce8001037	open	missing:q35_ring3_system_interfaces_clause_witnesses	Add exact Q35 Ring 3 witnesses for every required clause before closing this parent.
functions/unlink.html	functions/unlink.html	unlink	fb7cd2e4dac42113c5079bc7a06afc4eb59cf2bd6d75d4386205815e399c53b1	17	bdedf3b11ac654980e45822cd7ede18b1a5a103add73bd79db969f41aa7211db	open	missing:q35_ring3_system_interfaces_clause_witnesses	Add exact Q35 Ring 3 witnesses for every required clause before closing this parent.
functions/unlinkat.html	functions/unlinkat.html	unlink	fb7cd2e4dac42113c5079bc7a06afc4eb59cf2bd6d75d4386205815e399c53b1	17	bdedf3b11ac654980e45822cd7ede18b1a5a103add73bd79db969f41aa7211db	open	missing:q35_ring3_system_interfaces_clause_witnesses	Add exact Q35 Ring 3 witnesses for every required clause before closing this parent.
functions/unlockpt.html	functions/unlockpt.html	unlockpt	b70ec1cdf864c94f4a74288934e9e09a2c081a578899e82597b2863f84a6629c	14	f05ebcef2028c62a86d46cca5c1bec504483899ef2791ae80087264c3fa88cad	open	missing:q35_ring3_system_interfaces_clause_witnesses	Add exact Q35 Ring 3 witnesses for every required clause before closing this parent.
functions/unsetenv.html	functions/unsetenv.html	unsetenv	b2eebbaa66cd10c3ec4f4b2d8b8bc9b662c3f58c28262a6703a66e747be61fce	12	98ae791ce6326bbbbf015df9ffeb0e5f7ff9c170de9f2a38e6c0d4bfdb938250	open	missing:q35_ring3_system_interfaces_clause_witnesses	Add exact Q35 Ring 3 witnesses for every required clause before closing this parent.
functions/uselocale.html	functions/uselocale.html	uselocale	7a88e00165238cdc3d2af99eb82ee184129efd1a39b11ccad05a14e6973ce272	11	f0a2e29d63bb812b1de51167034f5e32b1ac3973ffa1f071420e36f86f067cee	open	missing:q35_ring3_system_interfaces_clause_witnesses	Add exact Q35 Ring 3 witnesses for every required clause before closing this parent.
functions/utime.html	functions/utime.html	utime	0ddc15518e79d1ea7467d64ef3570a8a37b0d756a9bde52db05efc6a1dc84e67	13	34c199bf21512e7a115a034d3316254850319ce7ba29ec2230d6aad2c9569d82	open	missing:q35_ring3_system_interfaces_clause_witnesses	Add exact Q35 Ring 3 witnesses for every required clause before closing this parent.
functions/utimensat.html	functions/utimensat.html	futimens	63ab1e88eb7feaaa79a528ac341a9fc0dd18bcd69c6f6cebc1f7722d8b00c09f	14	c030043ca0e95681871d3d4cf65c5d44aa01c053c29f0c5806d335c8d16fa72c	open	missing:q35_ring3_system_interfaces_clause_witnesses	Add exact Q35 Ring 3 witnesses for every required clause before closing this parent.
functions/utimes.html	functions/utimes.html	futimens	63ab1e88eb7feaaa79a528ac341a9fc0dd18bcd69c6f6cebc1f7722d8b00c09f	14	c030043ca0e95681871d3d4cf65c5d44aa01c053c29f0c5806d335c8d16fa72c	open	missing:q35_ring3_system_interfaces_clause_witnesses	Add exact Q35 Ring 3 witnesses for every required clause before closing this parent.
functions/va_arg.html	functions/va_arg.html	va_arg	30ce1ae306c1379b56ea8f67ea258e742f60aa645c481f954fc2da39dd4fdaa7	3	7ee4b1a96e9b59f95dcbcddb1c2351d88e5ce4866cd56a55f53977d35d3df591	open	missing:q35_ring3_system_interfaces_clause_witnesses	Add exact Q35 Ring 3 witnesses for every required clause before closing this parent.
functions/va_copy.html	functions/va_copy.html	va_arg	30ce1ae306c1379b56ea8f67ea258e742f60aa645c481f954fc2da39dd4fdaa7	3	7ee4b1a96e9b59f95dcbcddb1c2351d88e5ce4866cd56a55f53977d35d3df591	open	missing:q35_ring3_system_interfaces_clause_witnesses	Add exact Q35 Ring 3 witnesses for every required clause before closing this parent.
functions/va_end.html	functions/va_end.html	va_arg	30ce1ae306c1379b56ea8f67ea258e742f60aa645c481f954fc2da39dd4fdaa7	3	7ee4b1a96e9b59f95dcbcddb1c2351d88e5ce4866cd56a55f53977d35d3df591	open	missing:q35_ring3_system_interfaces_clause_witnesses	Add exact Q35 Ring 3 witnesses for every required clause before closing this parent.
functions/va_start.html	functions/va_start.html	va_arg	30ce1ae306c1379b56ea8f67ea258e742f60aa645c481f954fc2da39dd4fdaa7	3	7ee4b1a96e9b59f95dcbcddb1c2351d88e5ce4866cd56a55f53977d35d3df591	open	missing:q35_ring3_system_interfaces_clause_witnesses	Add exact Q35 Ring 3 witnesses for every required clause before closing this parent.
functions/vdprintf.html	functions/vdprintf.html	vfprintf	13e51fe4ccdf99777a9b7cb4d309bbd00c68b18a9cf9c5a7ccb59bd662deb5a3	14	a559f316829a9d3e92dcedb30931d4c8450e086022f569bea547696e64b559ee	open	missing:q35_ring3_system_interfaces_clause_witnesses	Add exact Q35 Ring 3 witnesses for every required clause before closing this parent.
functions/vfprintf.html	functions/vfprintf.html	vfprintf	13e51fe4ccdf99777a9b7cb4d309bbd00c68b18a9cf9c5a7ccb59bd662deb5a3	14	a559f316829a9d3e92dcedb30931d4c8450e086022f569bea547696e64b559ee	open	missing:q35_ring3_system_interfaces_clause_witnesses	Add exact Q35 Ring 3 witnesses for every required clause before closing this parent.
functions/vfscanf.html	functions/vfscanf.html	vfscanf	5be3a419f0cfcd174e3fe94fc0730a4c418210cf014121cff6f7fac41b1d3677	12	b7ed139854f4e0fec8c40f3fc0f9d9ed2cf33a1c41937fa4adf1a3bc01cdbde5	open	missing:q35_ring3_system_interfaces_clause_witnesses	Add exact Q35 Ring 3 witnesses for every required clause before closing this parent.
functions/vfwprintf.html	functions/vfwprintf.html	vfwprintf	8d34aa8bc4a592ed3e3deabcb5fd2956e93aff5d88d741475fcfee41fc9a32c4	13	5bf22a3d643fc3a7dab69eb5dc6122e6748c97535816d58e45d1115d2cec774c	open	missing:q35_ring3_system_interfaces_clause_witnesses	Add exact Q35 Ring 3 witnesses for every required clause before closing this parent.
functions/vfwscanf.html	functions/vfwscanf.html	vfwscanf	1d3795752d2c90a3cac7ce90b33b576cd3a5f7ba96161d21a1ce4f30ec376b5a	12	a36892a02f5eebb75fdc405969b30f72e13f99035fa54a67c9cb9be293143c57	open	missing:q35_ring3_system_interfaces_clause_witnesses	Add exact Q35 Ring 3 witnesses for every required clause before closing this parent.
functions/vprintf.html	functions/vprintf.html	vfprintf	13e51fe4ccdf99777a9b7cb4d309bbd00c68b18a9cf9c5a7ccb59bd662deb5a3	14	a559f316829a9d3e92dcedb30931d4c8450e086022f569bea547696e64b559ee	open	missing:q35_ring3_system_interfaces_clause_witnesses	Add exact Q35 Ring 3 witnesses for every required clause before closing this parent.
functions/vscanf.html	functions/vscanf.html	vfscanf	5be3a419f0cfcd174e3fe94fc0730a4c418210cf014121cff6f7fac41b1d3677	12	b7ed139854f4e0fec8c40f3fc0f9d9ed2cf33a1c41937fa4adf1a3bc01cdbde5	open	missing:q35_ring3_system_interfaces_clause_witnesses	Add exact Q35 Ring 3 witnesses for every required clause before closing this parent.
functions/vsnprintf.html	functions/vsnprintf.html	vfprintf	13e51fe4ccdf99777a9b7cb4d309bbd00c68b18a9cf9c5a7ccb59bd662deb5a3	14	a559f316829a9d3e92dcedb30931d4c8450e086022f569bea547696e64b559ee	open	missing:q35_ring3_system_interfaces_clause_witnesses	Add exact Q35 Ring 3 witnesses for every required clause before closing this parent.
functions/vsprintf.html	functions/vsprintf.html	vfprintf	13e51fe4ccdf99777a9b7cb4d309bbd00c68b18a9cf9c5a7ccb59bd662deb5a3	14	a559f316829a9d3e92dcedb30931d4c8450e086022f569bea547696e64b559ee	open	missing:q35_ring3_system_interfaces_clause_witnesses	Add exact Q35 Ring 3 witnesses for every required clause before closing this parent.
functions/vsscanf.html	functions/vsscanf.html	vfscanf	5be3a419f0cfcd174e3fe94fc0730a4c418210cf014121cff6f7fac41b1d3677	12	b7ed139854f4e0fec8c40f3fc0f9d9ed2cf33a1c41937fa4adf1a3bc01cdbde5	open	missing:q35_ring3_system_interfaces_clause_witnesses	Add exact Q35 Ring 3 witnesses for every required clause before closing this parent.
functions/vswprintf.html	functions/vswprintf.html	vfwprintf	8d34aa8bc4a592ed3e3deabcb5fd2956e93aff5d88d741475fcfee41fc9a32c4	13	5bf22a3d643fc3a7dab69eb5dc6122e6748c97535816d58e45d1115d2cec774c	open	missing:q35_ring3_system_interfaces_clause_witnesses	Add exact Q35 Ring 3 witnesses for every required clause before closing this parent.
functions/vswscanf.html	functions/vswscanf.html	vfwscanf	1d3795752d2c90a3cac7ce90b33b576cd3a5f7ba96161d21a1ce4f30ec376b5a	12	a36892a02f5eebb75fdc405969b30f72e13f99035fa54a67c9cb9be293143c57	open	missing:q35_ring3_system_interfaces_clause_witnesses	Add exact Q35 Ring 3 witnesses for every required clause before closing this parent.
functions/vwprintf.html	functions/vwprintf.html	vfwprintf	8d34aa8bc4a592ed3e3deabcb5fd2956e93aff5d88d741475fcfee41fc9a32c4	13	5bf22a3d643fc3a7dab69eb5dc6122e6748c97535816d58e45d1115d2cec774c	open	missing:q35_ring3_system_interfaces_clause_witnesses	Add exact Q35 Ring 3 witnesses for every required clause before closing this parent.
functions/vwscanf.html	functions/vwscanf.html	vfwscanf	1d3795752d2c90a3cac7ce90b33b576cd3a5f7ba96161d21a1ce4f30ec376b5a	12	a36892a02f5eebb75fdc405969b30f72e13f99035fa54a67c9cb9be293143c57	open	missing:q35_ring3_system_interfaces_clause_witnesses	Add exact Q35 Ring 3 witnesses for every required clause before closing this parent.
functions/wait.html	functions/wait.html	wait	492c117732c34923a22961c6aad8d4b5e04ac9d7bda686585c5a62b7ab4b10b4	16	cc27968d40a962b4260ddedf9b0445b5625a2e891493b0e766066d8fbb08f9ba	open	missing:q35_ring3_system_interfaces_clause_witnesses	Add exact Q35 Ring 3 witnesses for every required clause before closing this parent.
functions/waitid.html	functions/waitid.html	waitid	7821499ae14685d7071396d44fc59602af49d84061ee6aadfee9c2efa93dbcc1	14	eaeeaa85b615b6b870752cd585b2b2dc3cd7df350ffb297ca7130ab1c433d964	open	missing:q35_ring3_system_interfaces_clause_witnesses	Add exact Q35 Ring 3 witnesses for every required clause before closing this parent.
functions/waitpid.html	functions/waitpid.html	wait	492c117732c34923a22961c6aad8d4b5e04ac9d7bda686585c5a62b7ab4b10b4	16	cc27968d40a962b4260ddedf9b0445b5625a2e891493b0e766066d8fbb08f9ba	open	missing:q35_ring3_system_interfaces_clause_witnesses	Add exact Q35 Ring 3 witnesses for every required clause before closing this parent.
functions/wcpcpy.html	functions/wcpcpy.html	wcscpy	d89d26e3bc9934644a0281cb756fe3f7736b19d2b6b208cdf55b803a16bfd28e	13	883d2a1ac9cfaa661117259ca1a7d115b8d2dfca9cc739667a0aff69ba8033ae	open	missing:q35_ring3_system_interfaces_clause_witnesses	Add exact Q35 Ring 3 witnesses for every required clause before closing this parent.
functions/wcpncpy.html	functions/wcpncpy.html	wcsncpy	86127f36c24345144eaa550c5f58bc6ad29f443548d733cff2c5e6058c6aa3b2	13	d5679c45a81ad08339d3183b4f1d83b4c20c08fa09f14119b4a8b4eaf0d0d56e	open	missing:q35_ring3_system_interfaces_clause_witnesses	Add exact Q35 Ring 3 witnesses for every required clause before closing this parent.
functions/wcrtomb.html	functions/wcrtomb.html	wcrtomb	273edeb00dfc20b71e6e2e2f6a635bb2468de2a9a94ad23227f495a562cb0076	13	d780552d617776c5b6d94a23b3b2117ac0ecd1f644c9346e7684b9fb84b431b9	open	missing:q35_ring3_system_interfaces_clause_witnesses	Add exact Q35 Ring 3 witnesses for every required clause before closing this parent.
functions/wcscasecmp.html	functions/wcscasecmp.html	wcscasecmp	bd66229cc0673a6309c97ba3d52624980fa9390bbddd70f5ab703dbe070ab623	11	ba1ab13e892734d4c526cf271170e80eb0a58bb7852ffc2a540f72456c5009e5	open	missing:q35_ring3_system_interfaces_clause_witnesses	Add exact Q35 Ring 3 witnesses for every required clause before closing this parent.
functions/wcscasecmp_l.html	functions/wcscasecmp_l.html	wcscasecmp	bd66229cc0673a6309c97ba3d52624980fa9390bbddd70f5ab703dbe070ab623	11	ba1ab13e892734d4c526cf271170e80eb0a58bb7852ffc2a540f72456c5009e5	open	missing:q35_ring3_system_interfaces_clause_witnesses	Add exact Q35 Ring 3 witnesses for every required clause before closing this parent.
functions/wcscat.html	functions/wcscat.html	wcscat	849fd49ae91b10d1749bd395ee9717b3e3a06fbb190dd2c79ddd4832fd429d05	12	79f1df09a0892575394f193e7837ccd7f0d8bed7367d4dbe5435e3199327f900	open	missing:q35_ring3_system_interfaces_clause_witnesses	Add exact Q35 Ring 3 witnesses for every required clause before closing this parent.
functions/wcschr.html	functions/wcschr.html	wcschr	7d956e056c38cebb5858bb43421faa8e95fb01c8bec60f01f5bcd923ab79bf7f	12	a56564bc4a9d61841844d3081c3ffb87c03abc74a83c6d44f62dcd9fe308dcec	open	missing:q35_ring3_system_interfaces_clause_witnesses	Add exact Q35 Ring 3 witnesses for every required clause before closing this parent.
functions/wcscmp.html	functions/wcscmp.html	wcscmp	e14f05d05f1a0aaca0a9a3e70643fd958e41cb23dfeeb1dace0786d8c0631edd	11	fd7c1e1c629e4075cfbe17709638681c67f2b07b5125dad15dbdc8bd74fae61f	open	missing:q35_ring3_system_interfaces_clause_witnesses	Add exact Q35 Ring 3 witnesses for every required clause before closing this parent.
functions/wcscoll.html	functions/wcscoll.html	wcscoll	733a80c133f218d506c52b166965a82e7213a0d565532a73798f2aad2a599c0b	13	ee9ac7a2542e32a87e1cc154861373179fac427b7330b9b7b071653269e98817	open	missing:q35_ring3_system_interfaces_clause_witnesses	Add exact Q35 Ring 3 witnesses for every required clause before closing this parent.
functions/wcscoll_l.html	functions/wcscoll_l.html	wcscoll	733a80c133f218d506c52b166965a82e7213a0d565532a73798f2aad2a599c0b	13	ee9ac7a2542e32a87e1cc154861373179fac427b7330b9b7b071653269e98817	open	missing:q35_ring3_system_interfaces_clause_witnesses	Add exact Q35 Ring 3 witnesses for every required clause before closing this parent.
functions/wcscpy.html	functions/wcscpy.html	wcscpy	d89d26e3bc9934644a0281cb756fe3f7736b19d2b6b208cdf55b803a16bfd28e	13	883d2a1ac9cfaa661117259ca1a7d115b8d2dfca9cc739667a0aff69ba8033ae	open	missing:q35_ring3_system_interfaces_clause_witnesses	Add exact Q35 Ring 3 witnesses for every required clause before closing this parent.
functions/wcscspn.html	functions/wcscspn.html	wcscspn	f2fa5693b01c7481e47f74bd767ae9e318c405087d1cb0c6dfbd4115ef0c4564	12	470210d3b2fa9027effadc5d8aae3b8caabf722754b985549e89a66d6fd64dc6	open	missing:q35_ring3_system_interfaces_clause_witnesses	Add exact Q35 Ring 3 witnesses for every required clause before closing this parent.
functions/wcsdup.html	functions/wcsdup.html	wcsdup	15694278bf91b7e6d2693de4152abade653d03ad9dbd7771e3c3b1a9d76c20fd	11	93cd36929127c86644566ab6174c56b351023e1a89d4e434eb589e082abcf464	open	missing:q35_ring3_system_interfaces_clause_witnesses	Add exact Q35 Ring 3 witnesses for every required clause before closing this parent.
functions/wcsftime.html	functions/wcsftime.html	wcsftime	4166219e18f0a3a50d5aa137b5a116bd2c278cf3847e09666107304aa007b19d	14	72c0f2225681ee180d93ded42241a833ca98df9544e9166ad7aac484ef88568f	open	missing:q35_ring3_system_interfaces_clause_witnesses	Add exact Q35 Ring 3 witnesses for every required clause before closing this parent.
functions/wcslen.html	functions/wcslen.html	wcslen	c1cab47edd1d7d76156fffcc0507994e41272b17ac10004f1b4a1d124e15409b	12	69266047c65db3fd20492a2bf82e7655e52b57b0b9b8160fb8168b98a091c71a	open	missing:q35_ring3_system_interfaces_clause_witnesses	Add exact Q35 Ring 3 witnesses for every required clause before closing this parent.
functions/wcsncasecmp.html	functions/wcsncasecmp.html	wcscasecmp	bd66229cc0673a6309c97ba3d52624980fa9390bbddd70f5ab703dbe070ab623	11	ba1ab13e892734d4c526cf271170e80eb0a58bb7852ffc2a540f72456c5009e5	open	missing:q35_ring3_system_interfaces_clause_witnesses	Add exact Q35 Ring 3 witnesses for every required clause before closing this parent.
functions/wcsncasecmp_l.html	functions/wcsncasecmp_l.html	wcscasecmp	bd66229cc0673a6309c97ba3d52624980fa9390bbddd70f5ab703dbe070ab623	11	ba1ab13e892734d4c526cf271170e80eb0a58bb7852ffc2a540f72456c5009e5	open	missing:q35_ring3_system_interfaces_clause_witnesses	Add exact Q35 Ring 3 witnesses for every required clause before closing this parent.
functions/wcsncat.html	functions/wcsncat.html	wcsncat	9a84d3266d3cd87e038b6d2a322af99a85eed8657e9e4576ff61feae631af640	12	24566c9b7e8558c958cfe65f79a0c1376c99f60874f2bba9bc28b557b49d1c3f	open	missing:q35_ring3_system_interfaces_clause_witnesses	Add exact Q35 Ring 3 witnesses for every required clause before closing this parent.
functions/wcsncmp.html	functions/wcsncmp.html	wcsncmp	fcf0701c7c2b2ffe4584bf18019e3950aba2c69a614ce9bcc9c68c6325e5f35b	11	09ac07a498a4d2fd0c8f77647ac272728cd157284a26fe625bb0660ef0e33918	open	missing:q35_ring3_system_interfaces_clause_witnesses	Add exact Q35 Ring 3 witnesses for every required clause before closing this parent.
functions/wcsncpy.html	functions/wcsncpy.html	wcsncpy	86127f36c24345144eaa550c5f58bc6ad29f443548d733cff2c5e6058c6aa3b2	13	d5679c45a81ad08339d3183b4f1d83b4c20c08fa09f14119b4a8b4eaf0d0d56e	open	missing:q35_ring3_system_interfaces_clause_witnesses	Add exact Q35 Ring 3 witnesses for every required clause before closing this parent.
functions/wcsnlen.html	functions/wcsnlen.html	wcslen	c1cab47edd1d7d76156fffcc0507994e41272b17ac10004f1b4a1d124e15409b	12	69266047c65db3fd20492a2bf82e7655e52b57b0b9b8160fb8168b98a091c71a	open	missing:q35_ring3_system_interfaces_clause_witnesses	Add exact Q35 Ring 3 witnesses for every required clause before closing this parent.
functions/wcsnrtombs.html	functions/wcsnrtombs.html	wcsrtombs	2b789faa01a0871e87016a7f01c10eee827aa97f1978783e742ed12419849f4a	13	d10dc3b4e4f717eefa8e320a2545a23a4d18354ab63ea8d89c3a580c3cfbbd95	open	missing:q35_ring3_system_interfaces_clause_witnesses	Add exact Q35 Ring 3 witnesses for every required clause before closing this parent.
functions/wcspbrk.html	functions/wcspbrk.html	wcspbrk	61c383943aaf87d0300abde9ad4e86536a789d876e57cf65e9bebebfbf7a8743	11	ed994faddd25ad97a9f7a3629724542e6da02505d248a63ee9b8f088d1f352e6	open	missing:q35_ring3_system_interfaces_clause_witnesses	Add exact Q35 Ring 3 witnesses for every required clause before closing this parent.
functions/wcsrchr.html	functions/wcsrchr.html	wcsrchr	d257642ea17bca4da62ad1d6bfb6f6e44eafc30edc73de5955c396abc8f1815c	12	733ed3bdab723c77d5f56084dc3f1dec3d62f3334441fa3e452b754d1b39036c	open	missing:q35_ring3_system_interfaces_clause_witnesses	Add exact Q35 Ring 3 witnesses for every required clause before closing this parent.
functions/wcsrtombs.html	functions/wcsrtombs.html	wcsrtombs	2b789faa01a0871e87016a7f01c10eee827aa97f1978783e742ed12419849f4a	13	d10dc3b4e4f717eefa8e320a2545a23a4d18354ab63ea8d89c3a580c3cfbbd95	open	missing:q35_ring3_system_interfaces_clause_witnesses	Add exact Q35 Ring 3 witnesses for every required clause before closing this parent.
functions/wcsspn.html	functions/wcsspn.html	wcsspn	96a66558122759984c47cecbb7c4055796af317a82b54ef6a51d6af8df1dc850	12	795259a068779320bca5752bddae3bbbb842a2bf8bbe25b15696374b16ce2268	open	missing:q35_ring3_system_interfaces_clause_witnesses	Add exact Q35 Ring 3 witnesses for every required clause before closing this parent.
functions/wcsstr.html	functions/wcsstr.html	wcsstr	7ed6b50cf5b9d387a81d0152ef4e4cda4c21fcccc0ce770de0ef497447f0c475	12	78c9c98d5c04e91a1f2940d003219b801c9aebd909c75d3be74940ab09fd93a1	open	missing:q35_ring3_system_interfaces_clause_witnesses	Add exact Q35 Ring 3 witnesses for every required clause before closing this parent.
functions/wcstod.html	functions/wcstod.html	wcstod	94a8c45a7dd89eb15248c81397f9ab8d5f5765075d582ce78748523b8297682a	14	5900c7a8c5a5ceeee76d07cd0fa1646d8aaeca52c64387ddd59feebb22808785	open	missing:q35_ring3_system_interfaces_clause_witnesses	Add exact Q35 Ring 3 witnesses for every required clause before closing this parent.
functions/wcstof.html	functions/wcstof.html	wcstod	94a8c45a7dd89eb15248c81397f9ab8d5f5765075d582ce78748523b8297682a	14	5900c7a8c5a5ceeee76d07cd0fa1646d8aaeca52c64387ddd59feebb22808785	open	missing:q35_ring3_system_interfaces_clause_witnesses	Add exact Q35 Ring 3 witnesses for every required clause before closing this parent.
functions/wcstoimax.html	functions/wcstoimax.html	wcstoimax	180ca76d3dcba830fe294db417428b1f1202656d593b3ba54e53631a4c38e129	11	481e319d5363582a1dd6329728ee611a72739e9c639922e590acaad512e88faa	open	missing:q35_ring3_system_interfaces_clause_witnesses	Add exact Q35 Ring 3 witnesses for every required clause before closing this parent.
functions/wcstok.html	functions/wcstok.html	wcstok	f4ee78671f4af98697d32f7d0f830b9247926b364da76b3545288fe1e058ce84	13	fb1784dffa36f8eb88541b2b69c7260c8cfdf491c218722e986b69936a03cb7f	open	missing:q35_ring3_system_interfaces_clause_witnesses	Add exact Q35 Ring 3 witnesses for every required clause before closing this parent.
functions/wcstol.html	functions/wcstol.html	wcstol	c8b017a8eedecf78f8e87e276675744789c001508f79e060570a5ef7d28f42a3	14	55c50aa8dccd4272e2cab5ea025ab27fc3b305aad25f7c31ba1942f220549886	open	missing:q35_ring3_system_interfaces_clause_witnesses	Add exact Q35 Ring 3 witnesses for every required clause before closing this parent.
functions/wcstold.html	functions/wcstold.html	wcstod	94a8c45a7dd89eb15248c81397f9ab8d5f5765075d582ce78748523b8297682a	14	5900c7a8c5a5ceeee76d07cd0fa1646d8aaeca52c64387ddd59feebb22808785	open	missing:q35_ring3_system_interfaces_clause_witnesses	Add exact Q35 Ring 3 witnesses for every required clause before closing this parent.
functions/wcstoll.html	functions/wcstoll.html	wcstol	c8b017a8eedecf78f8e87e276675744789c001508f79e060570a5ef7d28f42a3	14	55c50aa8dccd4272e2cab5ea025ab27fc3b305aad25f7c31ba1942f220549886	open	missing:q35_ring3_system_interfaces_clause_witnesses	Add exact Q35 Ring 3 witnesses for every required clause before closing this parent.
functions/wcstombs.html	functions/wcstombs.html	wcstombs	a15bf737ea9508f9e45c95abf17c8474c27ce4054bb23b77af4529d0cfddcd68	13	52603332d4175a38123985b8fd51d03565cda17d34e8d23ea8e5e90106b84c7e	open	missing:q35_ring3_system_interfaces_clause_witnesses	Add exact Q35 Ring 3 witnesses for every required clause before closing this parent.
functions/wcstoul.html	functions/wcstoul.html	wcstoul	05325ff3e987a25e8127d5c4448f274fad539fc95dda1ece5df550f8bdf6a01e	14	df7a0a0e0bdebb3802e0ef0d975a1a83531662ec6415ce655eb45f1d80da5ec6	open	missing:q35_ring3_system_interfaces_clause_witnesses	Add exact Q35 Ring 3 witnesses for every required clause before closing this parent.
functions/wcstoull.html	functions/wcstoull.html	wcstoul	05325ff3e987a25e8127d5c4448f274fad539fc95dda1ece5df550f8bdf6a01e	14	df7a0a0e0bdebb3802e0ef0d975a1a83531662ec6415ce655eb45f1d80da5ec6	open	missing:q35_ring3_system_interfaces_clause_witnesses	Add exact Q35 Ring 3 witnesses for every required clause before closing this parent.
functions/wcstoumax.html	functions/wcstoumax.html	wcstoimax	180ca76d3dcba830fe294db417428b1f1202656d593b3ba54e53631a4c38e129	11	481e319d5363582a1dd6329728ee611a72739e9c639922e590acaad512e88faa	open	missing:q35_ring3_system_interfaces_clause_witnesses	Add exact Q35 Ring 3 witnesses for every required clause before closing this parent.
functions/wcswidth.html	functions/wcswidth.html	wcswidth	4f726ec4661f2558940157fbd01649d07c448cc8ef59108c99b8c5e6ead34e2d	12	9f29f0fb68c843f4c99d5bb609238e0a505e6f7263d7afcc0f801f40759626fc	open	missing:q35_ring3_system_interfaces_clause_witnesses	Add exact Q35 Ring 3 witnesses for every required clause before closing this parent.
functions/wcsxfrm.html	functions/wcsxfrm.html	wcsxfrm	8c115228e76be123a686b9122ef2d05a430eb39f7da28d28321beab844b99c1b	14	ec4a340f616a1121864e9db0135aca3ed38306b55595546a6d5a208ff02fee76	open	missing:q35_ring3_system_interfaces_clause_witnesses	Add exact Q35 Ring 3 witnesses for every required clause before closing this parent.
functions/wcsxfrm_l.html	functions/wcsxfrm_l.html	wcsxfrm	8c115228e76be123a686b9122ef2d05a430eb39f7da28d28321beab844b99c1b	14	ec4a340f616a1121864e9db0135aca3ed38306b55595546a6d5a208ff02fee76	open	missing:q35_ring3_system_interfaces_clause_witnesses	Add exact Q35 Ring 3 witnesses for every required clause before closing this parent.
functions/wctob.html	functions/wctob.html	wctob	ed75b5861a76702b7950df044240d14981eae1a248f50140ecada8daf342450e	11	992acb13b3206ee81bb2dc068980c87f0bcc4a8308951f312ad35254dbe0754d	open	missing:q35_ring3_system_interfaces_clause_witnesses	Add exact Q35 Ring 3 witnesses for every required clause before closing this parent.
functions/wctomb.html	functions/wctomb.html	wctomb	69c55a15be5b83827783d8a39da17909e26c3c131a2ab8483d8f3ff3c4adf549	13	b3a36483ac275087a8fa7dad26c649e8bc481e934381e4d8c93678f12a414cb5	open	missing:q35_ring3_system_interfaces_clause_witnesses	Add exact Q35 Ring 3 witnesses for every required clause before closing this parent.
functions/wctrans.html	functions/wctrans.html	wctrans	556acf80c9dfed7dde5bbc082d274a8e7f22a87d27d93609786d6c8122b45acb	12	80d015c3e793f1e3f4fbc12fe42fc90f961fc74528a150f1aa9a85b24095251e	open	missing:q35_ring3_system_interfaces_clause_witnesses	Add exact Q35 Ring 3 witnesses for every required clause before closing this parent.
functions/wctrans_l.html	functions/wctrans_l.html	wctrans	556acf80c9dfed7dde5bbc082d274a8e7f22a87d27d93609786d6c8122b45acb	12	80d015c3e793f1e3f4fbc12fe42fc90f961fc74528a150f1aa9a85b24095251e	open	missing:q35_ring3_system_interfaces_clause_witnesses	Add exact Q35 Ring 3 witnesses for every required clause before closing this parent.
functions/wctype.html	functions/wctype.html	wctype	a81e655940ae5b7e77fc503a0a3057b90437645cd1c5938cc54ef5af058e475a	13	b600dd71eb5e948556888b04481465d381c951fac44a79777072c551a70ee40b	open	missing:q35_ring3_system_interfaces_clause_witnesses	Add exact Q35 Ring 3 witnesses for every required clause before closing this parent.
functions/wctype_l.html	functions/wctype_l.html	wctype	a81e655940ae5b7e77fc503a0a3057b90437645cd1c5938cc54ef5af058e475a	13	b600dd71eb5e948556888b04481465d381c951fac44a79777072c551a70ee40b	open	missing:q35_ring3_system_interfaces_clause_witnesses	Add exact Q35 Ring 3 witnesses for every required clause before closing this parent.
functions/wcwidth.html	functions/wcwidth.html	wcwidth	b064fa0d7fb0d15a48d15b67115f2fe9eab85d75f585b90bb2322c420019ba95	12	abebdf071e9b7d0716d216606bd5f92fab03fbf47435f7725c06a5ef6c5f15af	open	missing:q35_ring3_system_interfaces_clause_witnesses	Add exact Q35 Ring 3 witnesses for every required clause before closing this parent.
functions/wmemchr.html	functions/wmemchr.html	wmemchr	2ab86633f95ea003ea00bd9ba9bbb179a465870b67d4bbfec66734e71af3cadb	12	7b789632ddf345db1203fdf345da4b021f4daab2b1412d58b20aead68cc7a630	open	missing:q35_ring3_system_interfaces_clause_witnesses	Add exact Q35 Ring 3 witnesses for every required clause before closing this parent.
functions/wmemcmp.html	functions/wmemcmp.html	wmemcmp	72556722db7f907268402eadd4c2874fee0963950306086bf19c7fd4f9fc4f46	12	bb415c096bea68c7aa24123ae971a8dddf93f19bbe8773c85ee697ea7df50dce	open	missing:q35_ring3_system_interfaces_clause_witnesses	Add exact Q35 Ring 3 witnesses for every required clause before closing this parent.
functions/wmemcpy.html	functions/wmemcpy.html	wmemcpy	17ee8503625179ecfe3cf13318fa60bc54bad6c8efc2ccbc4138542d95db1a05	12	ec1045de8f3601fc718aa1a11e1827bc0e410dd8407879defe4b649f42d9b4eb	open	missing:q35_ring3_system_interfaces_clause_witnesses	Add exact Q35 Ring 3 witnesses for every required clause before closing this parent.
functions/wmemmove.html	functions/wmemmove.html	wmemmove	0227f524774b58256bb0928b156bb2b18daf78d23dd494bb7883743c7a074b2a	12	a0b6d729dda52c76d72b34d1f4d8cc82326720d97706d1491bc7330ff3c4bc7e	open	missing:q35_ring3_system_interfaces_clause_witnesses	Add exact Q35 Ring 3 witnesses for every required clause before closing this parent.
functions/wmemset.html	functions/wmemset.html	wmemset	bffd40141b6b7891f51ff55a62b0167b6cf995a6879ac92aba04ace99b85e4fa	12	429e2fdb86702eb8f32beac3978cfd75a4d4ea095c046cbbaeefe0e04f52506f	open	missing:q35_ring3_system_interfaces_clause_witnesses	Add exact Q35 Ring 3 witnesses for every required clause before closing this parent.
functions/wordexp.html	functions/wordexp.html	wordexp	938be52bad1e9a009f184b236d6c9d8d2a7e28007d4208b6176011b4993311f9	14	fe6da4aacc2c53b45dceca3ccfdf305cdc58d973d8330a149e2f8bad45ec8579	open	missing:q35_ring3_system_interfaces_clause_witnesses	Add exact Q35 Ring 3 witnesses for every required clause before closing this parent.
functions/wordfree.html	functions/wordfree.html	wordexp	938be52bad1e9a009f184b236d6c9d8d2a7e28007d4208b6176011b4993311f9	14	fe6da4aacc2c53b45dceca3ccfdf305cdc58d973d8330a149e2f8bad45ec8579	open	missing:q35_ring3_system_interfaces_clause_witnesses	Add exact Q35 Ring 3 witnesses for every required clause before closing this parent.
functions/wprintf.html	functions/wprintf.html	fwprintf	6c5f841fd35837c1d94f7401c12e8a12ccc4f0ebebb75fe7ff8d2421ef32646e	13	2e3fff83b0acc10f3f420fd4dc3e129593ef67084c04f7c3e6d1b65035060380	open	missing:q35_ring3_system_interfaces_clause_witnesses	Add exact Q35 Ring 3 witnesses for every required clause before closing this parent.
functions/write.html	functions/write.html	write	fb1414ac42077c6b0dac1229e084aeee9444c362df0fb14505fea4ac6842b2cb	15	b9a147003e23e12b5c5d0133dbf4b2bc1edfcbae11caf0f364c9a95bfd8cae62	open	missing:q35_ring3_system_interfaces_clause_witnesses	Add exact Q35 Ring 3 witnesses for every required clause before closing this parent.
functions/writev.html	functions/writev.html	writev	0ab1f6b4a7118385caa7a741de48d098809ff2c10413571bfabe368d1392f705	13	c4a4e1c3440a23234bf330986cd115e47d355f35a5e2d9ff8eb18ee9fd0c22ee	open	missing:q35_ring3_system_interfaces_clause_witnesses	Add exact Q35 Ring 3 witnesses for every required clause before closing this parent.
functions/wscanf.html	functions/wscanf.html	fwscanf	bdaa0f62e4468683c53c96443c0dc8442f94d5a6d71d73a70e630d4d38f82fa5	13	26ba36ab7f04250ddff0a9fe47762705a09c59ee7bb645997ab7e304d3cba182	open	missing:q35_ring3_system_interfaces_clause_witnesses	Add exact Q35 Ring 3 witnesses for every required clause before closing this parent.
functions/y0.html	functions/y0.html	y0	4e2527a927ecbcdc8aa3dd16434598156ce926f194624800c34b184645c7dea1	14	3ff0f686328952d5b6f9b1dbe173888b380c51dea6ebe33ae02f05f743dabf27	open	missing:q35_ring3_system_interfaces_clause_witnesses	Add exact Q35 Ring 3 witnesses for every required clause before closing this parent.
functions/y1.html	functions/y1.html	y0	4e2527a927ecbcdc8aa3dd16434598156ce926f194624800c34b184645c7dea1	14	3ff0f686328952d5b6f9b1dbe173888b380c51dea6ebe33ae02f05f743dabf27	open	missing:q35_ring3_system_interfaces_clause_witnesses	Add exact Q35 Ring 3 witnesses for every required clause before closing this parent.
functions/yn.html	functions/yn.html	y0	4e2527a927ecbcdc8aa3dd16434598156ce926f194624800c34b184645c7dea1	14	3ff0f686328952d5b6f9b1dbe173888b380c51dea6ebe33ae02f05f743dabf27	open	missing:q35_ring3_system_interfaces_clause_witnesses	Add exact Q35 Ring 3 witnesses for every required clause before closing this parent.
