# authority: IEEE Std 1003.1-2017 and The Open Group Base Specifications Issue 7, 2018 edition
# source: susv4-2018/utilities/V3_chap02.html
# derivation: every prose, list, and definition assertion in each selected parent section, excluding Examples sections
# snapshot-count: 724
# ordered-requirement-sha256: da00cbb9b7af9b288ad1ae2e533a0c5076e3729b0068a176e968cb36f41ae6c3
# state invariant: every recursive requirement is exactly open or closed and every open row has a falsifier
requirement	parent	ordinal	assertion	assertion_sha256	implementation_requirement	state	witness	next_action	falsifier
tag_18_01.r001	tag_18_01	1	The shell is a command language interpreter. This chapter describes the syntax of that command language as it is used by the sh utility and the system() and popen() functions defined in the System Interfaces volume of POSIX.1-2017.	c0e542552ee875872ba3e3cfa16506de3b391bbffd00c3f363ec8b57cfd39d8b	Preserve the shell input-to-command lifecycle for simple and compound commands, redirections, functions, built-ins, scripts, waiting, and status collection.	open	missing:tag_18_01.r001_q35_ring3_witness	Add an exact Q35 Ring 3 case for this assertion, then run the mutation falsifier before closing it.	Mutate the assertion or remove its witness; verification must reject tag_18_01.r001.
tag_18_01.r002	tag_18_01	2	The shell operates according to the following general overview of operations. The specific details are included in the cited sections of this chapter.	01b5a8ad871cafab58aef24f28a6fc915614b00e0f125ad754096639cb068818	Preserve the shell input-to-command lifecycle for simple and compound commands, redirections, functions, built-ins, scripts, waiting, and status collection.	open	missing:tag_18_01.r002_q35_ring3_witness	Add an exact Q35 Ring 3 case for this assertion, then run the mutation falsifier before closing it.	Mutate the assertion or remove its witness; verification must reject tag_18_01.r002.
tag_18_01.r003	tag_18_01	3	The shell reads its input from a file (see sh), from the -c option or from the system() and popen() functions defined in the System Interfaces volume of POSIX.1-2017. If the first line of a file of shell commands starts with the characters "#!", the results are unspecified.	7b3d51900c163ece2327b9c7496f84c0493ea2c687a5a3affb5766401a70d142	Preserve the shell input-to-command lifecycle for simple and compound commands, redirections, functions, built-ins, scripts, waiting, and status collection.	open	missing:tag_18_01.r003_q35_ring3_witness	Add an exact Q35 Ring 3 case for this assertion, then run the mutation falsifier before closing it.	Mutate the assertion or remove its witness; verification must reject tag_18_01.r003.
tag_18_01.r004	tag_18_01	4	The shell breaks the input into tokens: words and operators; see Token Recognition.	a61f9b89cc057c8919ab0b32d6e3fbd21583ad1464eb7fb6d9d17f1632b12b1f	Preserve the shell input-to-command lifecycle for simple and compound commands, redirections, functions, built-ins, scripts, waiting, and status collection.	open	missing:tag_18_01.r004_q35_ring3_witness	Add an exact Q35 Ring 3 case for this assertion, then run the mutation falsifier before closing it.	Mutate the assertion or remove its witness; verification must reject tag_18_01.r004.
tag_18_01.r005	tag_18_01	5	The shell parses the input into simple commands (see Simple Commands) and compound commands (see Compound Commands).	e8666b23372804b2061a4f0635d3c5459198c8b3d318db38e486ec677dedcd87	Preserve the shell input-to-command lifecycle for simple and compound commands, redirections, functions, built-ins, scripts, waiting, and status collection.	open	missing:tag_18_01.r005_q35_ring3_witness	Add an exact Q35 Ring 3 case for this assertion, then run the mutation falsifier before closing it.	Mutate the assertion or remove its witness; verification must reject tag_18_01.r005.
tag_18_01.r006	tag_18_01	6	The shell performs various expansions (separately) on different parts of each command, resulting in a list of pathnames and fields to be treated as a command and arguments; see wordexp.	6af7e530a51c27a69a307a921e820a214eba3f45a64aab7a32b6c19cf1e32963	Preserve the shell input-to-command lifecycle for simple and compound commands, redirections, functions, built-ins, scripts, waiting, and status collection.	open	missing:tag_18_01.r006_q35_ring3_witness	Add an exact Q35 Ring 3 case for this assertion, then run the mutation falsifier before closing it.	Mutate the assertion or remove its witness; verification must reject tag_18_01.r006.
tag_18_01.r007	tag_18_01	7	The shell performs redirection (see Redirection) and removes redirection operators and their operands from the parameter list.	99100a2d55f3d81cd54f941a594e8cfecf9c880fd973c0113102278a6da49af3	Preserve the shell input-to-command lifecycle for simple and compound commands, redirections, functions, built-ins, scripts, waiting, and status collection.	open	missing:tag_18_01.r007_q35_ring3_witness	Add an exact Q35 Ring 3 case for this assertion, then run the mutation falsifier before closing it.	Mutate the assertion or remove its witness; verification must reject tag_18_01.r007.
tag_18_01.r008	tag_18_01	8	The shell executes a function (see Function Definition Command), built-in (see Special Built-In Utilities), executable file, or script, giving the names of the arguments as positional parameters numbered 1 to n, and the name of the command (or in the case of a function within a script, the name of the script) as the positional parameter numbered 0 (see Command Search and Execution).	b3ea7a913a99e79e5e4a19fa3a6b8abb449bc2eed65be68892dc7780093a1674	Preserve the shell input-to-command lifecycle for simple and compound commands, redirections, functions, built-ins, scripts, waiting, and status collection.	open	missing:tag_18_01.r008_q35_ring3_witness	Add an exact Q35 Ring 3 case for this assertion, then run the mutation falsifier before closing it.	Mutate the assertion or remove its witness; verification must reject tag_18_01.r008.
tag_18_01.r009	tag_18_01	9	The shell optionally waits for the command to complete and collects the exit status (see Exit Status for Commands).	d640d2b8080e3c78d22524660766e255c6332119fe083cf96bc828d273d9a6a5	Preserve the shell input-to-command lifecycle for simple and compound commands, redirections, functions, built-ins, scripts, waiting, and status collection.	open	missing:tag_18_01.r009_q35_ring3_witness	Add an exact Q35 Ring 3 case for this assertion, then run the mutation falsifier before closing it.	Mutate the assertion or remove its witness; verification must reject tag_18_01.r009.
tag_18_02.r001	tag_18_02	1	Quoting is used to remove the special meaning of certain characters or words to the shell. Quoting can be used to preserve the literal meaning of the special characters in the next paragraph, prevent reserved words from being recognized as such, and prevent parameter expansion and command substitution within here-document processing (see Here-Document).	7d9399d3d2ac74fd08dbec2f8469e43e8f1e0bdd135b740d3afd4466ea9b4a77	Preserve quoting boundaries and the specified backslash, single-quote, double-quote, command-substitution, and here-document interactions.	open	missing:tag_18_02.r001_q35_ring3_witness	Add an exact Q35 Ring 3 case for this assertion, then run the mutation falsifier before closing it.	Mutate the assertion or remove its witness; verification must reject tag_18_02.r001.
tag_18_02.r002	tag_18_02	2	The application shall quote the following characters if they are to represent themselves:	47e5526df8d406d8e859bb8ec4afe56695b050e2c78f1f7b0fc22235f8761b46	Preserve quoting boundaries and the specified backslash, single-quote, double-quote, command-substitution, and here-document interactions.	open	missing:tag_18_02.r002_q35_ring3_witness	Add an exact Q35 Ring 3 case for this assertion, then run the mutation falsifier before closing it.	Mutate the assertion or remove its witness; verification must reject tag_18_02.r002.
tag_18_02.r003	tag_18_02	3	and the following may need to be quoted under certain circumstances. That is, these characters may be special depending on conditions described elsewhere in this volume of POSIX.1-2017:	acaaa1f2d9aabd87f0428e9dd41ee53e80826f4ef8ced16feb9657e4422b06cd	Preserve quoting boundaries and the specified backslash, single-quote, double-quote, command-substitution, and here-document interactions.	open	missing:tag_18_02.r003_q35_ring3_witness	Add an exact Q35 Ring 3 case for this assertion, then run the mutation falsifier before closing it.	Mutate the assertion or remove its witness; verification must reject tag_18_02.r003.
tag_18_02.r004	tag_18_02	4	The various quoting mechanisms are the escape character, single-quotes, and double-quotes. The here-document represents another form of quoting; see Here-Document.	d33b249023ed95c665831618ccdc54acae4c71bc576ca2db3ea6bf5fa2d86308	Preserve quoting boundaries and the specified backslash, single-quote, double-quote, command-substitution, and here-document interactions.	open	missing:tag_18_02.r004_q35_ring3_witness	Add an exact Q35 Ring 3 case for this assertion, then run the mutation falsifier before closing it.	Mutate the assertion or remove its witness; verification must reject tag_18_02.r004.
tag_18_02.r005	tag_18_02	5	A <backslash> that is not quoted shall preserve the literal value of the following character, with the exception of a <newline>. If a <newline> follows the <backslash>, the shell shall interpret this as line continuation. The <backslash> and <newline> shall be removed before splitting the input into tokens. Since the escaped <newline> is removed entirely from the input and is not replaced by any white space, it cannot serve as a token separator.	6a3051d25ac2e8036faede5674126a23082c7eecb6cec7bddf497a369f558291	Preserve quoting boundaries and the specified backslash, single-quote, double-quote, command-substitution, and here-document interactions.	open	missing:tag_18_02.r005_q35_ring3_witness	Add an exact Q35 Ring 3 case for this assertion, then run the mutation falsifier before closing it.	Mutate the assertion or remove its witness; verification must reject tag_18_02.r005.
tag_18_02.r006	tag_18_02	6	Enclosing characters in single-quotes ( '' ) shall preserve the literal value of each character within the single-quotes. A single-quote cannot occur within single-quotes.	e0ba8748f5730de0a7dfbe428ea27cf6b02775502ca58563b74472225198a886	Preserve quoting boundaries and the specified backslash, single-quote, double-quote, command-substitution, and here-document interactions.	open	missing:tag_18_02.r006_q35_ring3_witness	Add an exact Q35 Ring 3 case for this assertion, then run the mutation falsifier before closing it.	Mutate the assertion or remove its witness; verification must reject tag_18_02.r006.
tag_18_02.r007	tag_18_02	7	Enclosing characters in double-quotes ( "" ) shall preserve the literal value of all characters within the double-quotes, with the exception of the characters backquote, <dollar-sign>, and <backslash>, as follows:	ae1ee50fc0bd77825f7c4b842dcc23a485c8801fd0492876f6820eb401b3a72c	Preserve quoting boundaries and the specified backslash, single-quote, double-quote, command-substitution, and here-document interactions.	open	missing:tag_18_02.r007_q35_ring3_witness	Add an exact Q35 Ring 3 case for this assertion, then run the mutation falsifier before closing it.	Mutate the assertion or remove its witness; verification must reject tag_18_02.r007.
tag_18_02.r008	tag_18_02	8	$	09fc96082d34c2dfc1295d92073b5ea1dc8ef8da95f14dfded011ffb96d3e54b	Preserve quoting boundaries and the specified backslash, single-quote, double-quote, command-substitution, and here-document interactions.	open	missing:tag_18_02.r008_q35_ring3_witness	Add an exact Q35 Ring 3 case for this assertion, then run the mutation falsifier before closing it.	Mutate the assertion or remove its witness; verification must reject tag_18_02.r008.
tag_18_02.r009	tag_18_02	9	The <dollar-sign> shall retain its special meaning introducing parameter expansion (see Parameter Expansion), a form of command substitution (see Command Substitution), and arithmetic expansion (see Arithmetic Expansion). The input characters within the quoted string that are also enclosed between "$(" and the matching ')' shall not be affected by the double-quotes, but rather shall define that command whose output replaces the "$(...)" when the word is expanded. The tokenizing rules in Token Recognition, not including the alias substitutions in Alias Substitution, shall be applied recursively to find the matching ')'. Within the string of characters from an enclosed "${" to the matching '}', an even number of unescaped double-quotes or single-quotes, if any, shall occur. A preceding <backslash> character shall be used to escape a literal '{' or '}'. The rule in Parameter Expansion shall be used to determine the matching '}'.	8d778b9ba70331acb3a158985d046fa26d781835b3f068aeaf881d210a1f008a	Preserve quoting boundaries and the specified backslash, single-quote, double-quote, command-substitution, and here-document interactions.	open	missing:tag_18_02.r009_q35_ring3_witness	Add an exact Q35 Ring 3 case for this assertion, then run the mutation falsifier before closing it.	Mutate the assertion or remove its witness; verification must reject tag_18_02.r009.
tag_18_02.r010	tag_18_02	10	`	8d33f520a3c4cef80d2453aef81b612bfe1cb44c8b2025630ad38662763f13d3	Preserve quoting boundaries and the specified backslash, single-quote, double-quote, command-substitution, and here-document interactions.	open	missing:tag_18_02.r010_q35_ring3_witness	Add an exact Q35 Ring 3 case for this assertion, then run the mutation falsifier before closing it.	Mutate the assertion or remove its witness; verification must reject tag_18_02.r010.
tag_18_02.r011	tag_18_02	11	The backquote shall retain its special meaning introducing the other form of command substitution (see Command Substitution). The portion of the quoted string from the initial backquote and the characters up to the next backquote that is not preceded by a <backslash>, having escape characters removed, defines that command whose output replaces "`...`" when the word is expanded. Either of the following cases produces undefined results: A single-quoted or double-quoted string that begins, but does not end, within the "`...`" sequence A "`...`" sequence that begins, but does not end, within the same double-quoted string	988b682f08f7e1ce0f06c7af6bb90d247c3f50e7c9c130eff3e43df6a4e3e589	Preserve quoting boundaries and the specified backslash, single-quote, double-quote, command-substitution, and here-document interactions.	open	missing:tag_18_02.r011_q35_ring3_witness	Add an exact Q35 Ring 3 case for this assertion, then run the mutation falsifier before closing it.	Mutate the assertion or remove its witness; verification must reject tag_18_02.r011.
tag_18_02.r012	tag_18_02	12	\	a9253dc8529dd214e5f22397888e78d3390daa47593e26f68c18f97fd7a3876b	Preserve quoting boundaries and the specified backslash, single-quote, double-quote, command-substitution, and here-document interactions.	open	missing:tag_18_02.r012_q35_ring3_witness	Add an exact Q35 Ring 3 case for this assertion, then run the mutation falsifier before closing it.	Mutate the assertion or remove its witness; verification must reject tag_18_02.r012.
tag_18_02.r013	tag_18_02	13	The <backslash> shall retain its special meaning as an escape character (see Escape Character (Backslash)) only when followed by one of the following characters when considered special: $ ` " \ <newline>	7d21a7a0dacb9a104fd37958467eac19f1a58df6d5a56e9826ddbccf8450f606	Preserve quoting boundaries and the specified backslash, single-quote, double-quote, command-substitution, and here-document interactions.	open	missing:tag_18_02.r013_q35_ring3_witness	Add an exact Q35 Ring 3 case for this assertion, then run the mutation falsifier before closing it.	Mutate the assertion or remove its witness; verification must reject tag_18_02.r013.
tag_18_02.r014	tag_18_02	14	The application shall ensure that a double-quote is preceded by a <backslash> to be included within double-quotes. The parameter '@' has special meaning inside double-quotes and is described in Special Parameters .	823960b474e22012bb68212de8020d5f2babeaa8f31796de9c2df905fbfffc35	Preserve quoting boundaries and the specified backslash, single-quote, double-quote, command-substitution, and here-document interactions.	open	missing:tag_18_02.r014_q35_ring3_witness	Add an exact Q35 Ring 3 case for this assertion, then run the mutation falsifier before closing it.	Mutate the assertion or remove its witness; verification must reject tag_18_02.r014.
tag_18_04.r001	tag_18_04	1	Reserved words are words that have special meaning to the shell; see Shell Commands. The following words shall be recognized as reserved words:	8ed0cc37886cb1e19bfa30acddf30f1857b0714c2b2613e3a4e332271a986898	Recognize reserved words only in the grammar contexts that permit them and keep quoted or embedded spellings as ordinary words.	open	missing:tag_18_04.r001_q35_ring3_witness	Add an exact Q35 Ring 3 case for this assertion, then run the mutation falsifier before closing it.	Mutate the assertion or remove its witness; verification must reject tag_18_04.r001.
tag_18_04.r002	tag_18_04	2	! { } case	65d06f3a2930ee43d58ba6841d5fddb0118f67c8c56efd20359619f4e07d62d7	Recognize reserved words only in the grammar contexts that permit them and keep quoted or embedded spellings as ordinary words.	open	missing:tag_18_04.r002_q35_ring3_witness	Add an exact Q35 Ring 3 case for this assertion, then run the mutation falsifier before closing it.	Mutate the assertion or remove its witness; verification must reject tag_18_04.r002.
tag_18_04.r003	tag_18_04	3	do done elif else	788bd3811c3da486f28f5ce423a400f08e6fce7505bb92be4cd2ff7771f52311	Recognize reserved words only in the grammar contexts that permit them and keep quoted or embedded spellings as ordinary words.	open	missing:tag_18_04.r003_q35_ring3_witness	Add an exact Q35 Ring 3 case for this assertion, then run the mutation falsifier before closing it.	Mutate the assertion or remove its witness; verification must reject tag_18_04.r003.
tag_18_04.r004	tag_18_04	4	esac fi for if	a0319f7ca7fd37dcb32aa405d5d1d8cef60508e1fc18a386c4823874a20dd460	Recognize reserved words only in the grammar contexts that permit them and keep quoted or embedded spellings as ordinary words.	open	missing:tag_18_04.r004_q35_ring3_witness	Add an exact Q35 Ring 3 case for this assertion, then run the mutation falsifier before closing it.	Mutate the assertion or remove its witness; verification must reject tag_18_04.r004.
tag_18_04.r005	tag_18_04	5	in then until while	ad31b4520dc7b0a18d8fe277009f524a62290ce57eb6084726da88c8e984d5d0	Recognize reserved words only in the grammar contexts that permit them and keep quoted or embedded spellings as ordinary words.	open	missing:tag_18_04.r005_q35_ring3_witness	Add an exact Q35 Ring 3 case for this assertion, then run the mutation falsifier before closing it.	Mutate the assertion or remove its witness; verification must reject tag_18_04.r005.
tag_18_04.r006	tag_18_04	6	This recognition shall only occur when none of the characters is quoted and when the word is used as:	5e6da63b6912d1804e97a42bf66859e9bbfc74a6d36cf2d74864945b26b24579	Recognize reserved words only in the grammar contexts that permit them and keep quoted or embedded spellings as ordinary words.	open	missing:tag_18_04.r006_q35_ring3_witness	Add an exact Q35 Ring 3 case for this assertion, then run the mutation falsifier before closing it.	Mutate the assertion or remove its witness; verification must reject tag_18_04.r006.
tag_18_04.r007	tag_18_04	7	The first word of a command	1655691234eacbcc9125940b01d85ec200baf237c584ec33ee7f5147ae721ad2	Recognize reserved words only in the grammar contexts that permit them and keep quoted or embedded spellings as ordinary words.	open	missing:tag_18_04.r007_q35_ring3_witness	Add an exact Q35 Ring 3 case for this assertion, then run the mutation falsifier before closing it.	Mutate the assertion or remove its witness; verification must reject tag_18_04.r007.
tag_18_04.r008	tag_18_04	8	The first word following one of the reserved words other than case, for, or in	1fdfd7ce424850cc6809a10319849c5d214b1cd1e6d891a818959afa2a43057a	Recognize reserved words only in the grammar contexts that permit them and keep quoted or embedded spellings as ordinary words.	open	missing:tag_18_04.r008_q35_ring3_witness	Add an exact Q35 Ring 3 case for this assertion, then run the mutation falsifier before closing it.	Mutate the assertion or remove its witness; verification must reject tag_18_04.r008.
tag_18_04.r009	tag_18_04	9	The third word in a case command (only in is valid in this case)	77b168db19d91443ce97305e6fbf62895db04dc763286e05167e76b35a0e4825	Recognize reserved words only in the grammar contexts that permit them and keep quoted or embedded spellings as ordinary words.	open	missing:tag_18_04.r009_q35_ring3_witness	Add an exact Q35 Ring 3 case for this assertion, then run the mutation falsifier before closing it.	Mutate the assertion or remove its witness; verification must reject tag_18_04.r009.
tag_18_04.r010	tag_18_04	10	The third word in a for command (only in and do are valid in this case)	7ee7ccfb515b9c91a654a8ca468684512556bad9c39f8e8f363ebe2891d3d443	Recognize reserved words only in the grammar contexts that permit them and keep quoted or embedded spellings as ordinary words.	open	missing:tag_18_04.r010_q35_ring3_witness	Add an exact Q35 Ring 3 case for this assertion, then run the mutation falsifier before closing it.	Mutate the assertion or remove its witness; verification must reject tag_18_04.r010.
tag_18_04.r011	tag_18_04	11	See the grammar in Shell Grammar.	a1c8c37f53878a67fae884a18d56985462e56402b41e26656536f7a197d7b5b3	Recognize reserved words only in the grammar contexts that permit them and keep quoted or embedded spellings as ordinary words.	open	missing:tag_18_04.r011_q35_ring3_witness	Add an exact Q35 Ring 3 case for this assertion, then run the mutation falsifier before closing it.	Mutate the assertion or remove its witness; verification must reject tag_18_04.r011.
tag_18_04.r012	tag_18_04	12	The following words may be recognized as reserved words on some implementations (when none of the characters are quoted), causing unspecified results:	19cf505829d4619414e6c38f5f1ad420d6d7070c60dcc8557230115d78b2fc44	Recognize reserved words only in the grammar contexts that permit them and keep quoted or embedded spellings as ordinary words.	open	missing:tag_18_04.r012_q35_ring3_witness	Add an exact Q35 Ring 3 case for this assertion, then run the mutation falsifier before closing it.	Mutate the assertion or remove its witness; verification must reject tag_18_04.r012.
tag_18_04.r013	tag_18_04	13	[[	0ec5c5ea45532e7c4ca8006c92d436f2dac7d356e3a1f1e5ba17f8f2c78a398d	Recognize reserved words only in the grammar contexts that permit them and keep quoted or embedded spellings as ordinary words.	open	missing:tag_18_04.r013_q35_ring3_witness	Add an exact Q35 Ring 3 case for this assertion, then run the mutation falsifier before closing it.	Mutate the assertion or remove its witness; verification must reject tag_18_04.r013.
tag_18_04.r014	tag_18_04	14	]]	591e35f7c09e66f6a174fdc0754b308272f6c6d8b52f5d57c5f58431ea4d0055	Recognize reserved words only in the grammar contexts that permit them and keep quoted or embedded spellings as ordinary words.	open	missing:tag_18_04.r014_q35_ring3_witness	Add an exact Q35 Ring 3 case for this assertion, then run the mutation falsifier before closing it.	Mutate the assertion or remove its witness; verification must reject tag_18_04.r014.
tag_18_04.r015	tag_18_04	15	function	78f9ac018e554365069108352dacabb7fbd15246edf19400677e3b54fe24e126	Recognize reserved words only in the grammar contexts that permit them and keep quoted or embedded spellings as ordinary words.	open	missing:tag_18_04.r015_q35_ring3_witness	Add an exact Q35 Ring 3 case for this assertion, then run the mutation falsifier before closing it.	Mutate the assertion or remove its witness; verification must reject tag_18_04.r015.
tag_18_04.r016	tag_18_04	16	select	b1a36d25d9633ed2ac04939fcb614ccb2b513243c148f18694592ae037f9d35f	Recognize reserved words only in the grammar contexts that permit them and keep quoted or embedded spellings as ordinary words.	open	missing:tag_18_04.r016_q35_ring3_witness	Add an exact Q35 Ring 3 case for this assertion, then run the mutation falsifier before closing it.	Mutate the assertion or remove its witness; verification must reject tag_18_04.r016.
tag_18_04.r017	tag_18_04	17	Words that are the concatenation of a name and a <colon> ( ':' ) are reserved; their use produces unspecified results.	f528f259eebc7eb616f16b0c4b78abbcf93b1f523c8164618eec4d5fd40003fd	Recognize reserved words only in the grammar contexts that permit them and keep quoted or embedded spellings as ordinary words.	open	missing:tag_18_04.r017_q35_ring3_witness	Add an exact Q35 Ring 3 case for this assertion, then run the mutation falsifier before closing it.	Mutate the assertion or remove its witness; verification must reject tag_18_04.r017.
tag_18_05.r001	tag_18_05	1	A parameter can be denoted by a name, a number, or one of the special characters listed in Special Parameters. A variable is a parameter denoted by a name.	7cc41ef06874eab94dffc0c7760bed291e06b0729c92e0d54e51db245d9202ff	Implement named, numeric, and special parameters with the specified expansion, assignment, inheritance, and unset behavior.	open	missing:tag_18_05.r001_q35_ring3_witness	Add an exact Q35 Ring 3 case for this assertion, then run the mutation falsifier before closing it.	Mutate the assertion or remove its witness; verification must reject tag_18_05.r001.
tag_18_05.r002	tag_18_05	2	A parameter is set if it has an assigned value (null is a valid value). Once a variable is set, it can only be unset by using the unset special built-in command.	76109ed13b8b5c750b1461696d414f70ef7bf71a5a5427f13ee06fd7cb312e94	Implement named, numeric, and special parameters with the specified expansion, assignment, inheritance, and unset behavior.	open	missing:tag_18_05.r002_q35_ring3_witness	Add an exact Q35 Ring 3 case for this assertion, then run the mutation falsifier before closing it.	Mutate the assertion or remove its witness; verification must reject tag_18_05.r002.
tag_18_05.r003	tag_18_05	3	A positional parameter is a parameter denoted by the decimal value represented by one or more digits, other than the single digit 0. The digits denoting the positional parameters shall always be interpreted as a decimal value, even if there is a leading zero. When a positional parameter with more than one digit is specified, the application shall enclose the digits in braces (see Parameter Expansion). Positional parameters are initially assigned when the shell is invoked (see sh), temporarily replaced when a shell function is invoked (see Function Definition Command), and can be reassigned with the set special built-in command.	a6de66569bbf790e5bf0eb27d41f3c7115d5dd7bb17b9b99ae0cb60b72d8d8d8	Implement named, numeric, and special parameters with the specified expansion, assignment, inheritance, and unset behavior.	open	missing:tag_18_05.r003_q35_ring3_witness	Add an exact Q35 Ring 3 case for this assertion, then run the mutation falsifier before closing it.	Mutate the assertion or remove its witness; verification must reject tag_18_05.r003.
tag_18_05.r004	tag_18_05	4	Listed below are the special parameters and the values to which they shall expand. Only the values of the special parameters are listed; see wordexp for a detailed summary of all the stages involved in expanding words.	2411f7edde9de4e878e685a2dc42c32d78b5e6b4beaa95f8ed9c2623ed6663d9	Implement named, numeric, and special parameters with the specified expansion, assignment, inheritance, and unset behavior.	open	missing:tag_18_05.r004_q35_ring3_witness	Add an exact Q35 Ring 3 case for this assertion, then run the mutation falsifier before closing it.	Mutate the assertion or remove its witness; verification must reject tag_18_05.r004.
tag_18_05.r005	tag_18_05	5	@	c3641f8544d7c02f3580b07c0f9887f0c6a27ff5ab1d4a3e29caf197cfc299ae	Implement named, numeric, and special parameters with the specified expansion, assignment, inheritance, and unset behavior.	open	missing:tag_18_05.r005_q35_ring3_witness	Add an exact Q35 Ring 3 case for this assertion, then run the mutation falsifier before closing it.	Mutate the assertion or remove its witness; verification must reject tag_18_05.r005.
tag_18_05.r006	tag_18_05	6	Expands to the positional parameters, starting from one, initially producing one field for each positional parameter that is set. When the expansion occurs in a context where field splitting will be performed, any empty fields may be discarded and each of the non-empty fields shall be further split as described in Field Splitting. When the expansion occurs within double-quotes, the behavior is unspecified unless one of the following is true: Field splitting as described in Field Splitting would be performed if the expansion were not within double-quotes (regardless of whether field splitting would have any effect; for example, if IFS is null). The double-quotes are within the word of a ${parameter:-word} or a ${parameter:+word} expansion (with or without the <colon>; see Parameter Expansion) which would have been subject to field splitting if parameter had been expanded instead of word. If one of these conditions is true, the initial fields shall be retained as separate fields, except that if the parameter being expanded was embedded within a word, the first field shall be joined with the beginning part of the original word and the last field shall be joined with the end part of the original word. In all other contexts the results of the expansion are unspecified. If there are no positional parameters, the expansion of '@' shall generate zero fields, even when '@' is within double-quotes; however, if the expansion is embedded within a word which contains one or more other parts that expand to a quoted null string, these null string(s) shall still produce an empty field, except that if the other parts are all within the same double-quotes as the '@', it is unspecified whether the result is zero fields or one empty field.	e744ed9b0a52ffcefc61f59f7715deae196867f1b69741dc8188d348f4bbe74b	Implement named, numeric, and special parameters with the specified expansion, assignment, inheritance, and unset behavior.	open	missing:tag_18_05.r006_q35_ring3_witness	Add an exact Q35 Ring 3 case for this assertion, then run the mutation falsifier before closing it.	Mutate the assertion or remove its witness; verification must reject tag_18_05.r006.
tag_18_05.r007	tag_18_05	7	*	684888c0ebb17f374298b65ee2807526c066094c701bcc7ebbe1c1095f494fc1	Implement named, numeric, and special parameters with the specified expansion, assignment, inheritance, and unset behavior.	open	missing:tag_18_05.r007_q35_ring3_witness	Add an exact Q35 Ring 3 case for this assertion, then run the mutation falsifier before closing it.	Mutate the assertion or remove its witness; verification must reject tag_18_05.r007.
tag_18_05.r008	tag_18_05	8	Expands to the positional parameters, starting from one, initially producing one field for each positional parameter that is set. When the expansion occurs in a context where field splitting will be performed, any empty fields may be discarded and each of the non-empty fields shall be further split as described in Field Splitting. When the expansion occurs in a context where field splitting will not be performed, the initial fields shall be joined to form a single field with the value of each parameter separated by the first character of the IFS variable if IFS contains at least one character, or separated by a <space> if IFS is unset, or with no separation if IFS is set to a null string.	70674535c2a226aa10e3207e8baa3491a3d2268eceef06d60a4d224b48e33c9c	Implement named, numeric, and special parameters with the specified expansion, assignment, inheritance, and unset behavior.	open	missing:tag_18_05.r008_q35_ring3_witness	Add an exact Q35 Ring 3 case for this assertion, then run the mutation falsifier before closing it.	Mutate the assertion or remove its witness; verification must reject tag_18_05.r008.
tag_18_05.r009	tag_18_05	9	#	334359b90efed75da5f0ada1d5e6b256f4a6bd0aee7eb39c0f90182a021ffc8b	Implement named, numeric, and special parameters with the specified expansion, assignment, inheritance, and unset behavior.	open	missing:tag_18_05.r009_q35_ring3_witness	Add an exact Q35 Ring 3 case for this assertion, then run the mutation falsifier before closing it.	Mutate the assertion or remove its witness; verification must reject tag_18_05.r009.
tag_18_05.r010	tag_18_05	10	Expands to the decimal number of positional parameters. The command name (parameter 0) shall not be counted in the number given by '#' because it is a special parameter, not a positional parameter.	d59e6d667c29b4c199b7972b1fe76e3876c74af609fd2eb52e8dd961cad43110	Implement named, numeric, and special parameters with the specified expansion, assignment, inheritance, and unset behavior.	open	missing:tag_18_05.r010_q35_ring3_witness	Add an exact Q35 Ring 3 case for this assertion, then run the mutation falsifier before closing it.	Mutate the assertion or remove its witness; verification must reject tag_18_05.r010.
tag_18_05.r011	tag_18_05	11	?	8a8de823d5ed3e12746a62ef169bcf372be0ca44f0a1236abc35df05d96928e1	Implement named, numeric, and special parameters with the specified expansion, assignment, inheritance, and unset behavior.	open	missing:tag_18_05.r011_q35_ring3_witness	Add an exact Q35 Ring 3 case for this assertion, then run the mutation falsifier before closing it.	Mutate the assertion or remove its witness; verification must reject tag_18_05.r011.
tag_18_05.r012	tag_18_05	12	Expands to the decimal exit status of the most recent pipeline (see Pipelines).	978604535d46db1588eaebb777079bb6f080be3e411084e0a9c893a8f7b8ecec	Implement named, numeric, and special parameters with the specified expansion, assignment, inheritance, and unset behavior.	open	missing:tag_18_05.r012_q35_ring3_witness	Add an exact Q35 Ring 3 case for this assertion, then run the mutation falsifier before closing it.	Mutate the assertion or remove its witness; verification must reject tag_18_05.r012.
tag_18_05.r013	tag_18_05	13	-	3973e022e93220f9212c18d0d0c543ae7c309e46640da93a4a0314de999f5112	Implement named, numeric, and special parameters with the specified expansion, assignment, inheritance, and unset behavior.	open	missing:tag_18_05.r013_q35_ring3_witness	Add an exact Q35 Ring 3 case for this assertion, then run the mutation falsifier before closing it.	Mutate the assertion or remove its witness; verification must reject tag_18_05.r013.
tag_18_05.r014	tag_18_05	14	(Hyphen.) Expands to the current option flags (the single-letter option names concatenated into a string) as specified on invocation, by the set special built-in command, or implicitly by the shell.	6240a129c55c762daa836c816660f46789291ff6eef19e542fd4ac4684b48bc7	Implement named, numeric, and special parameters with the specified expansion, assignment, inheritance, and unset behavior.	open	missing:tag_18_05.r014_q35_ring3_witness	Add an exact Q35 Ring 3 case for this assertion, then run the mutation falsifier before closing it.	Mutate the assertion or remove its witness; verification must reject tag_18_05.r014.
tag_18_05.r015	tag_18_05	15	$	09fc96082d34c2dfc1295d92073b5ea1dc8ef8da95f14dfded011ffb96d3e54b	Implement named, numeric, and special parameters with the specified expansion, assignment, inheritance, and unset behavior.	open	missing:tag_18_05.r015_q35_ring3_witness	Add an exact Q35 Ring 3 case for this assertion, then run the mutation falsifier before closing it.	Mutate the assertion or remove its witness; verification must reject tag_18_05.r015.
tag_18_05.r016	tag_18_05	16	Expands to the decimal process ID of the invoked shell. In a subshell (see Shell Execution Environment ), '$' shall expand to the same value as that of the current shell.	0663f01885bceae63d1e19a30d9730420fcc7dcc4efe316d729abd8ba4a4ed6c	Implement named, numeric, and special parameters with the specified expansion, assignment, inheritance, and unset behavior.	open	missing:tag_18_05.r016_q35_ring3_witness	Add an exact Q35 Ring 3 case for this assertion, then run the mutation falsifier before closing it.	Mutate the assertion or remove its witness; verification must reject tag_18_05.r016.
tag_18_05.r017	tag_18_05	17	!	bb7208bc9b5d7c04f1236a82a0093a5e33f40423d5ba8d4266f7092c3ba43b62	Implement named, numeric, and special parameters with the specified expansion, assignment, inheritance, and unset behavior.	open	missing:tag_18_05.r017_q35_ring3_witness	Add an exact Q35 Ring 3 case for this assertion, then run the mutation falsifier before closing it.	Mutate the assertion or remove its witness; verification must reject tag_18_05.r017.
tag_18_05.r018	tag_18_05	18	Expands to the decimal process ID of the most recent background command (see Lists) executed from the current shell. (For example, background commands executed from subshells do not affect the value of "$!" in the current shell environment.) For a pipeline, the process ID is that of the last command in the pipeline.	4ee2f7bb577fd4261cc7b555393a51be4019c004f59a9a61089eb6be8e77b7a8	Implement named, numeric, and special parameters with the specified expansion, assignment, inheritance, and unset behavior.	open	missing:tag_18_05.r018_q35_ring3_witness	Add an exact Q35 Ring 3 case for this assertion, then run the mutation falsifier before closing it.	Mutate the assertion or remove its witness; verification must reject tag_18_05.r018.
tag_18_05.r019	tag_18_05	19	0	5feceb66ffc86f38d952786c6d696c79c2dbc239dd4e91b46729d73a27fb57e9	Implement named, numeric, and special parameters with the specified expansion, assignment, inheritance, and unset behavior.	open	missing:tag_18_05.r019_q35_ring3_witness	Add an exact Q35 Ring 3 case for this assertion, then run the mutation falsifier before closing it.	Mutate the assertion or remove its witness; verification must reject tag_18_05.r019.
tag_18_05.r020	tag_18_05	20	(Zero.) Expands to the name of the shell or shell script. See sh for a detailed description of how this name is derived.	d0a190b56bbd06a54680e5ac09e7696daeb46e63d06e8bd601aa254639d478fb	Implement named, numeric, and special parameters with the specified expansion, assignment, inheritance, and unset behavior.	open	missing:tag_18_05.r020_q35_ring3_witness	Add an exact Q35 Ring 3 case for this assertion, then run the mutation falsifier before closing it.	Mutate the assertion or remove its witness; verification must reject tag_18_05.r020.
tag_18_05.r021	tag_18_05	21	See the description of the IFS variable in Shell Variables.	48a3a40c0f1fbea5825a1efb8d428119f9e7e61ae21feca6fabfdff442ae0c0e	Implement named, numeric, and special parameters with the specified expansion, assignment, inheritance, and unset behavior.	open	missing:tag_18_05.r021_q35_ring3_witness	Add an exact Q35 Ring 3 case for this assertion, then run the mutation falsifier before closing it.	Mutate the assertion or remove its witness; verification must reject tag_18_05.r021.
tag_18_05.r022	tag_18_05	22	Variables shall be initialized from the environment (as defined by XBD Environment Variables and the exec function in the System Interfaces volume of POSIX.1-2017) and can be given new values with variable assignment commands. If a variable is initialized from the environment, it shall be marked for export immediately; see the export special built-in. New variables can be defined and initialized with variable assignments, with the read or getopts utilities, with the name parameter in a for loop, with the ${ name= word} expansion, or with other mechanisms provided as implementation extensions.	66dc65b72477baee1b554b414adb29c357620eac63776de1a85d36d7d7e1e9e5	Implement named, numeric, and special parameters with the specified expansion, assignment, inheritance, and unset behavior.	open	missing:tag_18_05.r022_q35_ring3_witness	Add an exact Q35 Ring 3 case for this assertion, then run the mutation falsifier before closing it.	Mutate the assertion or remove its witness; verification must reject tag_18_05.r022.
tag_18_05.r023	tag_18_05	23	The following variables shall affect the execution of the shell:	3b0d17d6746e65d5c254bf953c12c11d81bab284cf983899e7a39cf81283730a	Implement named, numeric, and special parameters with the specified expansion, assignment, inheritance, and unset behavior.	open	missing:tag_18_05.r023_q35_ring3_witness	Add an exact Q35 Ring 3 case for this assertion, then run the mutation falsifier before closing it.	Mutate the assertion or remove its witness; verification must reject tag_18_05.r023.
tag_18_05.r024	tag_18_05	24	ENV	416861c7e2c15aefefe28970e4c33ba6c1061ca5868ec15bc33126382200fe4a	Implement named, numeric, and special parameters with the specified expansion, assignment, inheritance, and unset behavior.	open	missing:tag_18_05.r024_q35_ring3_witness	Add an exact Q35 Ring 3 case for this assertion, then run the mutation falsifier before closing it.	Mutate the assertion or remove its witness; verification must reject tag_18_05.r024.
tag_18_05.r025	tag_18_05	25	[UP] The processing of the ENV shell variable shall be supported if the system supports the User Portability Utilities option. This variable, when and only when an interactive shell is invoked, shall be subjected to parameter expansion (see Parameter Expansion) by the shell and the resulting value shall be used as a pathname of a file containing shell commands to execute in the current environment. The file need not be executable. If the expanded value of ENV is not an absolute pathname, the results are unspecified. ENV shall be ignored if the user's real and effective user IDs or real and effective group IDs are different.	742b58376432259b384ff2ec9f1e4b94b993f8211b5fc298a4955e5f52f25460	Implement named, numeric, and special parameters with the specified expansion, assignment, inheritance, and unset behavior.	open	missing:tag_18_05.r025_q35_ring3_witness	Add an exact Q35 Ring 3 case for this assertion, then run the mutation falsifier before closing it.	Mutate the assertion or remove its witness; verification must reject tag_18_05.r025.
tag_18_05.r026	tag_18_05	26	HOME	36e65c39f83b8df92770b95b8cdad4947ebd58cc410ac6e8bbac7a21e8ce941c	Implement named, numeric, and special parameters with the specified expansion, assignment, inheritance, and unset behavior.	open	missing:tag_18_05.r026_q35_ring3_witness	Add an exact Q35 Ring 3 case for this assertion, then run the mutation falsifier before closing it.	Mutate the assertion or remove its witness; verification must reject tag_18_05.r026.
tag_18_05.r027	tag_18_05	27	The pathname of the user's home directory. The contents of HOME are used in tilde expansion (see Tilde Expansion).	fee3bfdaab225f30a46b772ceacf8b98945d02d4b8989d18189d56c0ce08deb8	Implement named, numeric, and special parameters with the specified expansion, assignment, inheritance, and unset behavior.	open	missing:tag_18_05.r027_q35_ring3_witness	Add an exact Q35 Ring 3 case for this assertion, then run the mutation falsifier before closing it.	Mutate the assertion or remove its witness; verification must reject tag_18_05.r027.
tag_18_05.r028	tag_18_05	28	IFS	400030c8e01d28be54f9ea8348cf46aa05d10782b03c9263b4b7cd39191bc572	Implement named, numeric, and special parameters with the specified expansion, assignment, inheritance, and unset behavior.	open	missing:tag_18_05.r028_q35_ring3_witness	Add an exact Q35 Ring 3 case for this assertion, then run the mutation falsifier before closing it.	Mutate the assertion or remove its witness; verification must reject tag_18_05.r028.
tag_18_05.r029	tag_18_05	29	A string treated as a list of characters that is used for field splitting, expansion of the '*' special parameter, and to split lines into fields with the read utility. If the value of IFS includes any bytes that do not form part of a valid character, the results of field splitting, expansion of '*', and use of the read utility are unspecified. If IFS is not set, it shall behave as normal for an unset variable, except that field splitting by the shell and line splitting by the read utility shall be performed as if the value of IFS is <space> <tab> <newline>; see Field Splitting. The shell shall set IFS to <space> <tab> <newline> when it is invoked.	9bfc311d158ad6ca45d22c800919027fa02433d3a45a8a8423c80c385c73f664	Implement named, numeric, and special parameters with the specified expansion, assignment, inheritance, and unset behavior.	open	missing:tag_18_05.r029_q35_ring3_witness	Add an exact Q35 Ring 3 case for this assertion, then run the mutation falsifier before closing it.	Mutate the assertion or remove its witness; verification must reject tag_18_05.r029.
tag_18_05.r030	tag_18_05	30	LANG	0d5d4ebd6f3086e733f2862137b0263b0545de5ea654b7e50bcd9b56575e6bba	Implement named, numeric, and special parameters with the specified expansion, assignment, inheritance, and unset behavior.	open	missing:tag_18_05.r030_q35_ring3_witness	Add an exact Q35 Ring 3 case for this assertion, then run the mutation falsifier before closing it.	Mutate the assertion or remove its witness; verification must reject tag_18_05.r030.
tag_18_05.r031	tag_18_05	31	Provide a default value for the internationalization variables that are unset or null. (See XBD Internationalization Variables for the precedence of internationalization variables used to determine the values of locale categories.)	e85fc338b0b3346c5eca37c188afab3ff3db74a6db58ed9847462e85aea797a2	Implement named, numeric, and special parameters with the specified expansion, assignment, inheritance, and unset behavior.	open	missing:tag_18_05.r031_q35_ring3_witness	Add an exact Q35 Ring 3 case for this assertion, then run the mutation falsifier before closing it.	Mutate the assertion or remove its witness; verification must reject tag_18_05.r031.
tag_18_05.r032	tag_18_05	32	LC_ALL	35f08b08f5e4598f9ff8f9db68d8def9f372b6ff91e4719502a8b2e75404a4a5	Implement named, numeric, and special parameters with the specified expansion, assignment, inheritance, and unset behavior.	open	missing:tag_18_05.r032_q35_ring3_witness	Add an exact Q35 Ring 3 case for this assertion, then run the mutation falsifier before closing it.	Mutate the assertion or remove its witness; verification must reject tag_18_05.r032.
tag_18_05.r033	tag_18_05	33	The value of this variable overrides the LC_* variables and LANG, as described in XBD Environment Variables.	fc4b5a8fd3c99b75710be0b68c8f923decbd850eff5f176a1523de85dcc5d16a	Implement named, numeric, and special parameters with the specified expansion, assignment, inheritance, and unset behavior.	open	missing:tag_18_05.r033_q35_ring3_witness	Add an exact Q35 Ring 3 case for this assertion, then run the mutation falsifier before closing it.	Mutate the assertion or remove its witness; verification must reject tag_18_05.r033.
tag_18_05.r034	tag_18_05	34	LC_COLLATE	c42d832e6457f7c477843f571738161477e4a41a707f50877e819be7a3bbe15e	Implement named, numeric, and special parameters with the specified expansion, assignment, inheritance, and unset behavior.	open	missing:tag_18_05.r034_q35_ring3_witness	Add an exact Q35 Ring 3 case for this assertion, then run the mutation falsifier before closing it.	Mutate the assertion or remove its witness; verification must reject tag_18_05.r034.
tag_18_05.r035	tag_18_05	35	Determine the behavior of range expressions, equivalence classes, and multi-character collating elements within pattern matching.	4e108afbea888b0911a71c9d1e1208de82ff7e01bf17cd4bf7ccc6d6267371f6	Implement named, numeric, and special parameters with the specified expansion, assignment, inheritance, and unset behavior.	open	missing:tag_18_05.r035_q35_ring3_witness	Add an exact Q35 Ring 3 case for this assertion, then run the mutation falsifier before closing it.	Mutate the assertion or remove its witness; verification must reject tag_18_05.r035.
tag_18_05.r036	tag_18_05	36	LC_CTYPE	fd9b65ffcebc1d1c2c0776b82f2f2d06a26f0255fec45f6e4e223ce7aa92691a	Implement named, numeric, and special parameters with the specified expansion, assignment, inheritance, and unset behavior.	open	missing:tag_18_05.r036_q35_ring3_witness	Add an exact Q35 Ring 3 case for this assertion, then run the mutation falsifier before closing it.	Mutate the assertion or remove its witness; verification must reject tag_18_05.r036.
tag_18_05.r037	tag_18_05	37	Determine the interpretation of sequences of bytes of text data as characters (for example, single-byte as opposed to multi-byte characters), which characters are defined as letters (character class alpha) and <blank> characters (character class blank), and the behavior of character classes within pattern matching. Changing the value of LC_CTYPE after the shell has started shall not affect the lexical processing of shell commands in the current shell execution environment or its subshells. Invoking a shell script or performing exec sh subjects the new shell to the changes in LC_CTYPE.	c2508869838199cb38bf1f27669cd9824539bc480b005cfb8cb1fe4268d7016d	Implement named, numeric, and special parameters with the specified expansion, assignment, inheritance, and unset behavior.	open	missing:tag_18_05.r037_q35_ring3_witness	Add an exact Q35 Ring 3 case for this assertion, then run the mutation falsifier before closing it.	Mutate the assertion or remove its witness; verification must reject tag_18_05.r037.
tag_18_05.r038	tag_18_05	38	LC_MESSAGES	3169c5b2fbfb04a4a2c6f844d443a5dae55779722d6d3fb59e163f6bdc77a47c	Implement named, numeric, and special parameters with the specified expansion, assignment, inheritance, and unset behavior.	open	missing:tag_18_05.r038_q35_ring3_witness	Add an exact Q35 Ring 3 case for this assertion, then run the mutation falsifier before closing it.	Mutate the assertion or remove its witness; verification must reject tag_18_05.r038.
tag_18_05.r039	tag_18_05	39	Determine the language in which messages should be written.	63039b417f3a8794efd7f0d78d5ae2a9fc97cb8b9813fd394bcb20d3c5d468ba	Implement named, numeric, and special parameters with the specified expansion, assignment, inheritance, and unset behavior.	open	missing:tag_18_05.r039_q35_ring3_witness	Add an exact Q35 Ring 3 case for this assertion, then run the mutation falsifier before closing it.	Mutate the assertion or remove its witness; verification must reject tag_18_05.r039.
tag_18_05.r040	tag_18_05	40	LINENO	7e1d6251611ed9b8710231084c2806db73313dd4abb81cdc654850da85a36480	Implement named, numeric, and special parameters with the specified expansion, assignment, inheritance, and unset behavior.	open	missing:tag_18_05.r040_q35_ring3_witness	Add an exact Q35 Ring 3 case for this assertion, then run the mutation falsifier before closing it.	Mutate the assertion or remove its witness; verification must reject tag_18_05.r040.
tag_18_05.r041	tag_18_05	41	Set by the shell to a decimal number representing the current sequential line number (numbered starting with 1) within a script or function before it executes each command. If the user unsets or resets LINENO, the variable may lose its special meaning for the life of the shell. If the shell is not currently executing a script or function, the value of LINENO is unspecified. This volume of POSIX.1-2017 specifies the effects of the variable only for systems supporting the User Portability Utilities option.	6880a85d74b544e6453c6f34b12a62532aa84cf14045ddd10a8cf6c8d863daf0	Implement named, numeric, and special parameters with the specified expansion, assignment, inheritance, and unset behavior.	open	missing:tag_18_05.r041_q35_ring3_witness	Add an exact Q35 Ring 3 case for this assertion, then run the mutation falsifier before closing it.	Mutate the assertion or remove its witness; verification must reject tag_18_05.r041.
tag_18_05.r042	tag_18_05	42	NLSPATH	3032043b2b426e42b95e37ba4805bfd9c0ac10de38de035ff2165fbfa886ad39	Implement named, numeric, and special parameters with the specified expansion, assignment, inheritance, and unset behavior.	open	missing:tag_18_05.r042_q35_ring3_witness	Add an exact Q35 Ring 3 case for this assertion, then run the mutation falsifier before closing it.	Mutate the assertion or remove its witness; verification must reject tag_18_05.r042.
tag_18_05.r043	tag_18_05	43	[XSI] Determine the location of message catalogs for the processing of LC_MESSAGES.	ef2cb0cf509673d545e0f4f73e2a9d2716d428881b0bb6cdba70783d6436420a	Implement named, numeric, and special parameters with the specified expansion, assignment, inheritance, and unset behavior.	open	missing:tag_18_05.r043_q35_ring3_witness	Add an exact Q35 Ring 3 case for this assertion, then run the mutation falsifier before closing it.	Mutate the assertion or remove its witness; verification must reject tag_18_05.r043.
tag_18_05.r044	tag_18_05	44	PATH	d4db71eecc1adeeae61a48d9a283751048b92e46fa4a99d7aea7228d02cbd523	Implement named, numeric, and special parameters with the specified expansion, assignment, inheritance, and unset behavior.	open	missing:tag_18_05.r044_q35_ring3_witness	Add an exact Q35 Ring 3 case for this assertion, then run the mutation falsifier before closing it.	Mutate the assertion or remove its witness; verification must reject tag_18_05.r044.
tag_18_05.r045	tag_18_05	45	A string formatted as described in XBD Environment Variables, used to effect command interpretation; see Command Search and Execution.	d210a3d4fb88f4717b60395c13f0249ea4615e6e5a97cdc7edd5298d3056683e	Implement named, numeric, and special parameters with the specified expansion, assignment, inheritance, and unset behavior.	open	missing:tag_18_05.r045_q35_ring3_witness	Add an exact Q35 Ring 3 case for this assertion, then run the mutation falsifier before closing it.	Mutate the assertion or remove its witness; verification must reject tag_18_05.r045.
tag_18_05.r046	tag_18_05	46	PPID	89ad67d16ab37df081921bfaf89e2412dfda42d531eb7dbf40a8ad303d62e9c2	Implement named, numeric, and special parameters with the specified expansion, assignment, inheritance, and unset behavior.	open	missing:tag_18_05.r046_q35_ring3_witness	Add an exact Q35 Ring 3 case for this assertion, then run the mutation falsifier before closing it.	Mutate the assertion or remove its witness; verification must reject tag_18_05.r046.
tag_18_05.r047	tag_18_05	47	Set by the shell to the decimal value of its parent process ID during initialization of the shell. In a subshell (see Shell Execution Environment), PPID shall be set to the same value as that of the parent of the current shell. For example, echo $ PPID and (echo $ PPID) would produce the same value.	6420f2f067d87a0cac7c02e250f7b472009427c2040f9ce6bde9e64d72ddccbe	Implement named, numeric, and special parameters with the specified expansion, assignment, inheritance, and unset behavior.	open	missing:tag_18_05.r047_q35_ring3_witness	Add an exact Q35 Ring 3 case for this assertion, then run the mutation falsifier before closing it.	Mutate the assertion or remove its witness; verification must reject tag_18_05.r047.
tag_18_05.r048	tag_18_05	48	PS1	5e5726a1a17bf71f8c97f904737211fc3ebae595e042bef93cd44de13b570a8b	Implement named, numeric, and special parameters with the specified expansion, assignment, inheritance, and unset behavior.	open	missing:tag_18_05.r048_q35_ring3_witness	Add an exact Q35 Ring 3 case for this assertion, then run the mutation falsifier before closing it.	Mutate the assertion or remove its witness; verification must reject tag_18_05.r048.
tag_18_05.r049	tag_18_05	49	Each time an interactive shell is ready to read a command, the value of this variable shall be subjected to parameter expansion and written to standard error. The default value shall be "$ ". For users who have specific additional implementation-defined privileges, the default may be another, implementation-defined value. The shell shall replace each instance of the character '!' in PS1 with the history file number of the next command to be typed. Escaping the '!' with another '!' (that is, "!!" ) shall place the literal character '!' in the prompt. This volume of POSIX.1-2017 specifies the effects of the variable only for systems supporting the User Portability Utilities option.	6f0bede69edb992757436e3a7e56212b6ee12ac5c91d729ab0a366e3d65a104a	Implement named, numeric, and special parameters with the specified expansion, assignment, inheritance, and unset behavior.	open	missing:tag_18_05.r049_q35_ring3_witness	Add an exact Q35 Ring 3 case for this assertion, then run the mutation falsifier before closing it.	Mutate the assertion or remove its witness; verification must reject tag_18_05.r049.
tag_18_05.r050	tag_18_05	50	PS2	61099b7f8648f4a859d7b02f02b8868810d57399f778eb6c9f763c4f99704dc6	Implement named, numeric, and special parameters with the specified expansion, assignment, inheritance, and unset behavior.	open	missing:tag_18_05.r050_q35_ring3_witness	Add an exact Q35 Ring 3 case for this assertion, then run the mutation falsifier before closing it.	Mutate the assertion or remove its witness; verification must reject tag_18_05.r050.
tag_18_05.r051	tag_18_05	51	Each time the user enters a <newline> prior to completing a command line in an interactive shell, the value of this variable shall be subjected to parameter expansion and written to standard error. The default value is "> ". This volume of POSIX.1-2017 specifies the effects of the variable only for systems supporting the User Portability Utilities option.	8b5efc14c5452a5a940c27010ca043482412d6a9a0e131f5ec6d2768378080f0	Implement named, numeric, and special parameters with the specified expansion, assignment, inheritance, and unset behavior.	open	missing:tag_18_05.r051_q35_ring3_witness	Add an exact Q35 Ring 3 case for this assertion, then run the mutation falsifier before closing it.	Mutate the assertion or remove its witness; verification must reject tag_18_05.r051.
tag_18_05.r052	tag_18_05	52	PS4	b81652e5b37ef9423fd61ea4ff689963f626f155d0394536097b6d70af6e2042	Implement named, numeric, and special parameters with the specified expansion, assignment, inheritance, and unset behavior.	open	missing:tag_18_05.r052_q35_ring3_witness	Add an exact Q35 Ring 3 case for this assertion, then run the mutation falsifier before closing it.	Mutate the assertion or remove its witness; verification must reject tag_18_05.r052.
tag_18_05.r053	tag_18_05	53	When an execution trace (set -x) is being performed in an interactive shell, before each line in the execution trace, the value of this variable shall be subjected to parameter expansion and written to standard error. The default value is "+ ". This volume of POSIX.1-2017 specifies the effects of the variable only for systems supporting the User Portability Utilities option.	aac1d6abcc90c268d354d0fde57e867ee462130432898ed917fe8ac2df82a1cc	Implement named, numeric, and special parameters with the specified expansion, assignment, inheritance, and unset behavior.	open	missing:tag_18_05.r053_q35_ring3_witness	Add an exact Q35 Ring 3 case for this assertion, then run the mutation falsifier before closing it.	Mutate the assertion or remove its witness; verification must reject tag_18_05.r053.
tag_18_05.r054	tag_18_05	54	PWD	62a5d3578e6aa1ffe0398d5616125b2a7b891f1ffc08a567059f9bfa95242fcd	Implement named, numeric, and special parameters with the specified expansion, assignment, inheritance, and unset behavior.	open	missing:tag_18_05.r054_q35_ring3_witness	Add an exact Q35 Ring 3 case for this assertion, then run the mutation falsifier before closing it.	Mutate the assertion or remove its witness; verification must reject tag_18_05.r054.
tag_18_05.r055	tag_18_05	55	Set by the shell and by the cd utility. In the shell the value shall be initialized from the environment as follows. If a value for PWD is passed to the shell in the environment when it is executed, the value is an absolute pathname of the current working directory that is no longer than {PATH_MAX} bytes including the terminating null byte, and the value does not contain any components that are dot or dot-dot, then the shell shall set PWD to the value from the environment. Otherwise, if a value for PWD is passed to the shell in the environment when it is executed, the value is an absolute pathname of the current working directory, and the value does not contain any components that are dot or dot-dot, then it is unspecified whether the shell sets PWD to the value from the environment or sets PWD to the pathname that would be output by pwd -P. Otherwise, the sh utility sets PWD to the pathname that would be output by pwd -P. In cases where PWD is set to the value from the environment, the value can contain components that refer to files of type symbolic link. In cases where PWD is set to the pathname that would be output by pwd -P, if there is insufficient permission on the current working directory, or on any parent of that directory, to determine what that pathname would be, the value of PWD is unspecified. Assignments to this variable may be ignored. If an application sets or unsets the value of PWD, the behaviors of the cd and pwd utilities are unspecified.	e24ca54f9f7144fa68be20d775daf89ee4a133f3c23c00d0f6ed3cb1c2e077f8	Implement named, numeric, and special parameters with the specified expansion, assignment, inheritance, and unset behavior.	open	missing:tag_18_05.r055_q35_ring3_witness	Add an exact Q35 Ring 3 case for this assertion, then run the mutation falsifier before closing it.	Mutate the assertion or remove its witness; verification must reject tag_18_05.r055.
tag_18_05_01.r001	tag_18_05_01	1	A positional parameter is a parameter denoted by the decimal value represented by one or more digits, other than the single digit 0. The digits denoting the positional parameters shall always be interpreted as a decimal value, even if there is a leading zero. When a positional parameter with more than one digit is specified, the application shall enclose the digits in braces (see Parameter Expansion). Positional parameters are initially assigned when the shell is invoked (see sh), temporarily replaced when a shell function is invoked (see Function Definition Command), and can be reassigned with the set special built-in command.	a6de66569bbf790e5bf0eb27d41f3c7115d5dd7bb17b9b99ae0cb60b72d8d8d8	Maintain positional-parameter cardinality, ordering, reassignment, shifting, and function or script scope across Ring 3 execution.	open	missing:tag_18_05_01.r001_q35_ring3_witness	Add an exact Q35 Ring 3 case for this assertion, then run the mutation falsifier before closing it.	Mutate the assertion or remove its witness; verification must reject tag_18_05_01.r001.
tag_18_05_02.r001	tag_18_05_02	1	Listed below are the special parameters and the values to which they shall expand. Only the values of the special parameters are listed; see wordexp for a detailed summary of all the stages involved in expanding words.	2411f7edde9de4e878e685a2dc42c32d78b5e6b4beaa95f8ed9c2623ed6663d9	Expose the special parameters with their required values, field behavior, and status or process relationships without leaking host-only state.	open	missing:tag_18_05_02.r001_q35_ring3_witness	Add an exact Q35 Ring 3 case for this assertion, then run the mutation falsifier before closing it.	Mutate the assertion or remove its witness; verification must reject tag_18_05_02.r001.
tag_18_05_02.r002	tag_18_05_02	2	@	c3641f8544d7c02f3580b07c0f9887f0c6a27ff5ab1d4a3e29caf197cfc299ae	Expose the special parameters with their required values, field behavior, and status or process relationships without leaking host-only state.	open	missing:tag_18_05_02.r002_q35_ring3_witness	Add an exact Q35 Ring 3 case for this assertion, then run the mutation falsifier before closing it.	Mutate the assertion or remove its witness; verification must reject tag_18_05_02.r002.
tag_18_05_02.r003	tag_18_05_02	3	Expands to the positional parameters, starting from one, initially producing one field for each positional parameter that is set. When the expansion occurs in a context where field splitting will be performed, any empty fields may be discarded and each of the non-empty fields shall be further split as described in Field Splitting. When the expansion occurs within double-quotes, the behavior is unspecified unless one of the following is true: Field splitting as described in Field Splitting would be performed if the expansion were not within double-quotes (regardless of whether field splitting would have any effect; for example, if IFS is null). The double-quotes are within the word of a ${parameter:-word} or a ${parameter:+word} expansion (with or without the <colon>; see Parameter Expansion) which would have been subject to field splitting if parameter had been expanded instead of word. If one of these conditions is true, the initial fields shall be retained as separate fields, except that if the parameter being expanded was embedded within a word, the first field shall be joined with the beginning part of the original word and the last field shall be joined with the end part of the original word. In all other contexts the results of the expansion are unspecified. If there are no positional parameters, the expansion of '@' shall generate zero fields, even when '@' is within double-quotes; however, if the expansion is embedded within a word which contains one or more other parts that expand to a quoted null string, these null string(s) shall still produce an empty field, except that if the other parts are all within the same double-quotes as the '@', it is unspecified whether the result is zero fields or one empty field.	e744ed9b0a52ffcefc61f59f7715deae196867f1b69741dc8188d348f4bbe74b	Expose the special parameters with their required values, field behavior, and status or process relationships without leaking host-only state.	open	missing:tag_18_05_02.r003_q35_ring3_witness	Add an exact Q35 Ring 3 case for this assertion, then run the mutation falsifier before closing it.	Mutate the assertion or remove its witness; verification must reject tag_18_05_02.r003.
tag_18_05_02.r004	tag_18_05_02	4	*	684888c0ebb17f374298b65ee2807526c066094c701bcc7ebbe1c1095f494fc1	Expose the special parameters with their required values, field behavior, and status or process relationships without leaking host-only state.	open	missing:tag_18_05_02.r004_q35_ring3_witness	Add an exact Q35 Ring 3 case for this assertion, then run the mutation falsifier before closing it.	Mutate the assertion or remove its witness; verification must reject tag_18_05_02.r004.
tag_18_05_02.r005	tag_18_05_02	5	Expands to the positional parameters, starting from one, initially producing one field for each positional parameter that is set. When the expansion occurs in a context where field splitting will be performed, any empty fields may be discarded and each of the non-empty fields shall be further split as described in Field Splitting. When the expansion occurs in a context where field splitting will not be performed, the initial fields shall be joined to form a single field with the value of each parameter separated by the first character of the IFS variable if IFS contains at least one character, or separated by a <space> if IFS is unset, or with no separation if IFS is set to a null string.	70674535c2a226aa10e3207e8baa3491a3d2268eceef06d60a4d224b48e33c9c	Expose the special parameters with their required values, field behavior, and status or process relationships without leaking host-only state.	open	missing:tag_18_05_02.r005_q35_ring3_witness	Add an exact Q35 Ring 3 case for this assertion, then run the mutation falsifier before closing it.	Mutate the assertion or remove its witness; verification must reject tag_18_05_02.r005.
tag_18_05_02.r006	tag_18_05_02	6	#	334359b90efed75da5f0ada1d5e6b256f4a6bd0aee7eb39c0f90182a021ffc8b	Expose the special parameters with their required values, field behavior, and status or process relationships without leaking host-only state.	open	missing:tag_18_05_02.r006_q35_ring3_witness	Add an exact Q35 Ring 3 case for this assertion, then run the mutation falsifier before closing it.	Mutate the assertion or remove its witness; verification must reject tag_18_05_02.r006.
tag_18_05_02.r007	tag_18_05_02	7	Expands to the decimal number of positional parameters. The command name (parameter 0) shall not be counted in the number given by '#' because it is a special parameter, not a positional parameter.	d59e6d667c29b4c199b7972b1fe76e3876c74af609fd2eb52e8dd961cad43110	Expose the special parameters with their required values, field behavior, and status or process relationships without leaking host-only state.	open	missing:tag_18_05_02.r007_q35_ring3_witness	Add an exact Q35 Ring 3 case for this assertion, then run the mutation falsifier before closing it.	Mutate the assertion or remove its witness; verification must reject tag_18_05_02.r007.
tag_18_05_02.r008	tag_18_05_02	8	?	8a8de823d5ed3e12746a62ef169bcf372be0ca44f0a1236abc35df05d96928e1	Expose the special parameters with their required values, field behavior, and status or process relationships without leaking host-only state.	open	missing:tag_18_05_02.r008_q35_ring3_witness	Add an exact Q35 Ring 3 case for this assertion, then run the mutation falsifier before closing it.	Mutate the assertion or remove its witness; verification must reject tag_18_05_02.r008.
tag_18_05_02.r009	tag_18_05_02	9	Expands to the decimal exit status of the most recent pipeline (see Pipelines).	978604535d46db1588eaebb777079bb6f080be3e411084e0a9c893a8f7b8ecec	Expose the special parameters with their required values, field behavior, and status or process relationships without leaking host-only state.	open	missing:tag_18_05_02.r009_q35_ring3_witness	Add an exact Q35 Ring 3 case for this assertion, then run the mutation falsifier before closing it.	Mutate the assertion or remove its witness; verification must reject tag_18_05_02.r009.
tag_18_05_02.r010	tag_18_05_02	10	-	3973e022e93220f9212c18d0d0c543ae7c309e46640da93a4a0314de999f5112	Expose the special parameters with their required values, field behavior, and status or process relationships without leaking host-only state.	open	missing:tag_18_05_02.r010_q35_ring3_witness	Add an exact Q35 Ring 3 case for this assertion, then run the mutation falsifier before closing it.	Mutate the assertion or remove its witness; verification must reject tag_18_05_02.r010.
tag_18_05_02.r011	tag_18_05_02	11	(Hyphen.) Expands to the current option flags (the single-letter option names concatenated into a string) as specified on invocation, by the set special built-in command, or implicitly by the shell.	6240a129c55c762daa836c816660f46789291ff6eef19e542fd4ac4684b48bc7	Expose the special parameters with their required values, field behavior, and status or process relationships without leaking host-only state.	open	missing:tag_18_05_02.r011_q35_ring3_witness	Add an exact Q35 Ring 3 case for this assertion, then run the mutation falsifier before closing it.	Mutate the assertion or remove its witness; verification must reject tag_18_05_02.r011.
tag_18_05_02.r012	tag_18_05_02	12	$	09fc96082d34c2dfc1295d92073b5ea1dc8ef8da95f14dfded011ffb96d3e54b	Expose the special parameters with their required values, field behavior, and status or process relationships without leaking host-only state.	open	missing:tag_18_05_02.r012_q35_ring3_witness	Add an exact Q35 Ring 3 case for this assertion, then run the mutation falsifier before closing it.	Mutate the assertion or remove its witness; verification must reject tag_18_05_02.r012.
tag_18_05_02.r013	tag_18_05_02	13	Expands to the decimal process ID of the invoked shell. In a subshell (see Shell Execution Environment ), '$' shall expand to the same value as that of the current shell.	0663f01885bceae63d1e19a30d9730420fcc7dcc4efe316d729abd8ba4a4ed6c	Expose the special parameters with their required values, field behavior, and status or process relationships without leaking host-only state.	open	missing:tag_18_05_02.r013_q35_ring3_witness	Add an exact Q35 Ring 3 case for this assertion, then run the mutation falsifier before closing it.	Mutate the assertion or remove its witness; verification must reject tag_18_05_02.r013.
tag_18_05_02.r014	tag_18_05_02	14	!	bb7208bc9b5d7c04f1236a82a0093a5e33f40423d5ba8d4266f7092c3ba43b62	Expose the special parameters with their required values, field behavior, and status or process relationships without leaking host-only state.	open	missing:tag_18_05_02.r014_q35_ring3_witness	Add an exact Q35 Ring 3 case for this assertion, then run the mutation falsifier before closing it.	Mutate the assertion or remove its witness; verification must reject tag_18_05_02.r014.
tag_18_05_02.r015	tag_18_05_02	15	Expands to the decimal process ID of the most recent background command (see Lists) executed from the current shell. (For example, background commands executed from subshells do not affect the value of "$!" in the current shell environment.) For a pipeline, the process ID is that of the last command in the pipeline.	4ee2f7bb577fd4261cc7b555393a51be4019c004f59a9a61089eb6be8e77b7a8	Expose the special parameters with their required values, field behavior, and status or process relationships without leaking host-only state.	open	missing:tag_18_05_02.r015_q35_ring3_witness	Add an exact Q35 Ring 3 case for this assertion, then run the mutation falsifier before closing it.	Mutate the assertion or remove its witness; verification must reject tag_18_05_02.r015.
tag_18_05_02.r016	tag_18_05_02	16	0	5feceb66ffc86f38d952786c6d696c79c2dbc239dd4e91b46729d73a27fb57e9	Expose the special parameters with their required values, field behavior, and status or process relationships without leaking host-only state.	open	missing:tag_18_05_02.r016_q35_ring3_witness	Add an exact Q35 Ring 3 case for this assertion, then run the mutation falsifier before closing it.	Mutate the assertion or remove its witness; verification must reject tag_18_05_02.r016.
tag_18_05_02.r017	tag_18_05_02	17	(Zero.) Expands to the name of the shell or shell script. See sh for a detailed description of how this name is derived.	d0a190b56bbd06a54680e5ac09e7696daeb46e63d06e8bd601aa254639d478fb	Expose the special parameters with their required values, field behavior, and status or process relationships without leaking host-only state.	open	missing:tag_18_05_02.r017_q35_ring3_witness	Add an exact Q35 Ring 3 case for this assertion, then run the mutation falsifier before closing it.	Mutate the assertion or remove its witness; verification must reject tag_18_05_02.r017.
tag_18_05_02.r018	tag_18_05_02	18	See the description of the IFS variable in Shell Variables.	48a3a40c0f1fbea5825a1efb8d428119f9e7e61ae21feca6fabfdff442ae0c0e	Expose the special parameters with their required values, field behavior, and status or process relationships without leaking host-only state.	open	missing:tag_18_05_02.r018_q35_ring3_witness	Add an exact Q35 Ring 3 case for this assertion, then run the mutation falsifier before closing it.	Mutate the assertion or remove its witness; verification must reject tag_18_05_02.r018.
tag_18_05_03.r001	tag_18_05_03	1	Variables shall be initialized from the environment (as defined by XBD Environment Variables and the exec function in the System Interfaces volume of POSIX.1-2017) and can be given new values with variable assignment commands. If a variable is initialized from the environment, it shall be marked for export immediately; see the export special built-in. New variables can be defined and initialized with variable assignments, with the read or getopts utilities, with the name parameter in a for loop, with the ${ name= word} expansion, or with other mechanisms provided as implementation extensions.	66dc65b72477baee1b554b414adb29c357620eac63776de1a85d36d7d7e1e9e5	Maintain shell variables, environment export state, IFS behavior, HOME, PATH, and variable assignment effects across command execution.	open	missing:tag_18_05_03.r001_q35_ring3_witness	Add an exact Q35 Ring 3 case for this assertion, then run the mutation falsifier before closing it.	Mutate the assertion or remove its witness; verification must reject tag_18_05_03.r001.
tag_18_05_03.r002	tag_18_05_03	2	The following variables shall affect the execution of the shell:	3b0d17d6746e65d5c254bf953c12c11d81bab284cf983899e7a39cf81283730a	Maintain shell variables, environment export state, IFS behavior, HOME, PATH, and variable assignment effects across command execution.	open	missing:tag_18_05_03.r002_q35_ring3_witness	Add an exact Q35 Ring 3 case for this assertion, then run the mutation falsifier before closing it.	Mutate the assertion or remove its witness; verification must reject tag_18_05_03.r002.
tag_18_05_03.r003	tag_18_05_03	3	ENV	416861c7e2c15aefefe28970e4c33ba6c1061ca5868ec15bc33126382200fe4a	Maintain shell variables, environment export state, IFS behavior, HOME, PATH, and variable assignment effects across command execution.	open	missing:tag_18_05_03.r003_q35_ring3_witness	Add an exact Q35 Ring 3 case for this assertion, then run the mutation falsifier before closing it.	Mutate the assertion or remove its witness; verification must reject tag_18_05_03.r003.
tag_18_05_03.r004	tag_18_05_03	4	[UP] The processing of the ENV shell variable shall be supported if the system supports the User Portability Utilities option. This variable, when and only when an interactive shell is invoked, shall be subjected to parameter expansion (see Parameter Expansion) by the shell and the resulting value shall be used as a pathname of a file containing shell commands to execute in the current environment. The file need not be executable. If the expanded value of ENV is not an absolute pathname, the results are unspecified. ENV shall be ignored if the user's real and effective user IDs or real and effective group IDs are different.	742b58376432259b384ff2ec9f1e4b94b993f8211b5fc298a4955e5f52f25460	Maintain shell variables, environment export state, IFS behavior, HOME, PATH, and variable assignment effects across command execution.	open	missing:tag_18_05_03.r004_q35_ring3_witness	Add an exact Q35 Ring 3 case for this assertion, then run the mutation falsifier before closing it.	Mutate the assertion or remove its witness; verification must reject tag_18_05_03.r004.
tag_18_05_03.r005	tag_18_05_03	5	HOME	36e65c39f83b8df92770b95b8cdad4947ebd58cc410ac6e8bbac7a21e8ce941c	Maintain shell variables, environment export state, IFS behavior, HOME, PATH, and variable assignment effects across command execution.	open	missing:tag_18_05_03.r005_q35_ring3_witness	Add an exact Q35 Ring 3 case for this assertion, then run the mutation falsifier before closing it.	Mutate the assertion or remove its witness; verification must reject tag_18_05_03.r005.
tag_18_05_03.r006	tag_18_05_03	6	The pathname of the user's home directory. The contents of HOME are used in tilde expansion (see Tilde Expansion).	fee3bfdaab225f30a46b772ceacf8b98945d02d4b8989d18189d56c0ce08deb8	Maintain shell variables, environment export state, IFS behavior, HOME, PATH, and variable assignment effects across command execution.	open	missing:tag_18_05_03.r006_q35_ring3_witness	Add an exact Q35 Ring 3 case for this assertion, then run the mutation falsifier before closing it.	Mutate the assertion or remove its witness; verification must reject tag_18_05_03.r006.
tag_18_05_03.r007	tag_18_05_03	7	IFS	400030c8e01d28be54f9ea8348cf46aa05d10782b03c9263b4b7cd39191bc572	Maintain shell variables, environment export state, IFS behavior, HOME, PATH, and variable assignment effects across command execution.	open	missing:tag_18_05_03.r007_q35_ring3_witness	Add an exact Q35 Ring 3 case for this assertion, then run the mutation falsifier before closing it.	Mutate the assertion or remove its witness; verification must reject tag_18_05_03.r007.
tag_18_05_03.r008	tag_18_05_03	8	A string treated as a list of characters that is used for field splitting, expansion of the '*' special parameter, and to split lines into fields with the read utility. If the value of IFS includes any bytes that do not form part of a valid character, the results of field splitting, expansion of '*', and use of the read utility are unspecified. If IFS is not set, it shall behave as normal for an unset variable, except that field splitting by the shell and line splitting by the read utility shall be performed as if the value of IFS is <space> <tab> <newline>; see Field Splitting. The shell shall set IFS to <space> <tab> <newline> when it is invoked.	9bfc311d158ad6ca45d22c800919027fa02433d3a45a8a8423c80c385c73f664	Maintain shell variables, environment export state, IFS behavior, HOME, PATH, and variable assignment effects across command execution.	open	missing:tag_18_05_03.r008_q35_ring3_witness	Add an exact Q35 Ring 3 case for this assertion, then run the mutation falsifier before closing it.	Mutate the assertion or remove its witness; verification must reject tag_18_05_03.r008.
tag_18_05_03.r009	tag_18_05_03	9	LANG	0d5d4ebd6f3086e733f2862137b0263b0545de5ea654b7e50bcd9b56575e6bba	Maintain shell variables, environment export state, IFS behavior, HOME, PATH, and variable assignment effects across command execution.	open	missing:tag_18_05_03.r009_q35_ring3_witness	Add an exact Q35 Ring 3 case for this assertion, then run the mutation falsifier before closing it.	Mutate the assertion or remove its witness; verification must reject tag_18_05_03.r009.
tag_18_05_03.r010	tag_18_05_03	10	Provide a default value for the internationalization variables that are unset or null. (See XBD Internationalization Variables for the precedence of internationalization variables used to determine the values of locale categories.)	e85fc338b0b3346c5eca37c188afab3ff3db74a6db58ed9847462e85aea797a2	Maintain shell variables, environment export state, IFS behavior, HOME, PATH, and variable assignment effects across command execution.	open	missing:tag_18_05_03.r010_q35_ring3_witness	Add an exact Q35 Ring 3 case for this assertion, then run the mutation falsifier before closing it.	Mutate the assertion or remove its witness; verification must reject tag_18_05_03.r010.
tag_18_05_03.r011	tag_18_05_03	11	LC_ALL	35f08b08f5e4598f9ff8f9db68d8def9f372b6ff91e4719502a8b2e75404a4a5	Maintain shell variables, environment export state, IFS behavior, HOME, PATH, and variable assignment effects across command execution.	open	missing:tag_18_05_03.r011_q35_ring3_witness	Add an exact Q35 Ring 3 case for this assertion, then run the mutation falsifier before closing it.	Mutate the assertion or remove its witness; verification must reject tag_18_05_03.r011.
tag_18_05_03.r012	tag_18_05_03	12	The value of this variable overrides the LC_* variables and LANG, as described in XBD Environment Variables.	fc4b5a8fd3c99b75710be0b68c8f923decbd850eff5f176a1523de85dcc5d16a	Maintain shell variables, environment export state, IFS behavior, HOME, PATH, and variable assignment effects across command execution.	open	missing:tag_18_05_03.r012_q35_ring3_witness	Add an exact Q35 Ring 3 case for this assertion, then run the mutation falsifier before closing it.	Mutate the assertion or remove its witness; verification must reject tag_18_05_03.r012.
tag_18_05_03.r013	tag_18_05_03	13	LC_COLLATE	c42d832e6457f7c477843f571738161477e4a41a707f50877e819be7a3bbe15e	Maintain shell variables, environment export state, IFS behavior, HOME, PATH, and variable assignment effects across command execution.	open	missing:tag_18_05_03.r013_q35_ring3_witness	Add an exact Q35 Ring 3 case for this assertion, then run the mutation falsifier before closing it.	Mutate the assertion or remove its witness; verification must reject tag_18_05_03.r013.
tag_18_05_03.r014	tag_18_05_03	14	Determine the behavior of range expressions, equivalence classes, and multi-character collating elements within pattern matching.	4e108afbea888b0911a71c9d1e1208de82ff7e01bf17cd4bf7ccc6d6267371f6	Maintain shell variables, environment export state, IFS behavior, HOME, PATH, and variable assignment effects across command execution.	open	missing:tag_18_05_03.r014_q35_ring3_witness	Add an exact Q35 Ring 3 case for this assertion, then run the mutation falsifier before closing it.	Mutate the assertion or remove its witness; verification must reject tag_18_05_03.r014.
tag_18_05_03.r015	tag_18_05_03	15	LC_CTYPE	fd9b65ffcebc1d1c2c0776b82f2f2d06a26f0255fec45f6e4e223ce7aa92691a	Maintain shell variables, environment export state, IFS behavior, HOME, PATH, and variable assignment effects across command execution.	open	missing:tag_18_05_03.r015_q35_ring3_witness	Add an exact Q35 Ring 3 case for this assertion, then run the mutation falsifier before closing it.	Mutate the assertion or remove its witness; verification must reject tag_18_05_03.r015.
tag_18_05_03.r016	tag_18_05_03	16	Determine the interpretation of sequences of bytes of text data as characters (for example, single-byte as opposed to multi-byte characters), which characters are defined as letters (character class alpha) and <blank> characters (character class blank), and the behavior of character classes within pattern matching. Changing the value of LC_CTYPE after the shell has started shall not affect the lexical processing of shell commands in the current shell execution environment or its subshells. Invoking a shell script or performing exec sh subjects the new shell to the changes in LC_CTYPE.	c2508869838199cb38bf1f27669cd9824539bc480b005cfb8cb1fe4268d7016d	Maintain shell variables, environment export state, IFS behavior, HOME, PATH, and variable assignment effects across command execution.	open	missing:tag_18_05_03.r016_q35_ring3_witness	Add an exact Q35 Ring 3 case for this assertion, then run the mutation falsifier before closing it.	Mutate the assertion or remove its witness; verification must reject tag_18_05_03.r016.
tag_18_05_03.r017	tag_18_05_03	17	LC_MESSAGES	3169c5b2fbfb04a4a2c6f844d443a5dae55779722d6d3fb59e163f6bdc77a47c	Maintain shell variables, environment export state, IFS behavior, HOME, PATH, and variable assignment effects across command execution.	open	missing:tag_18_05_03.r017_q35_ring3_witness	Add an exact Q35 Ring 3 case for this assertion, then run the mutation falsifier before closing it.	Mutate the assertion or remove its witness; verification must reject tag_18_05_03.r017.
tag_18_05_03.r018	tag_18_05_03	18	Determine the language in which messages should be written.	63039b417f3a8794efd7f0d78d5ae2a9fc97cb8b9813fd394bcb20d3c5d468ba	Maintain shell variables, environment export state, IFS behavior, HOME, PATH, and variable assignment effects across command execution.	open	missing:tag_18_05_03.r018_q35_ring3_witness	Add an exact Q35 Ring 3 case for this assertion, then run the mutation falsifier before closing it.	Mutate the assertion or remove its witness; verification must reject tag_18_05_03.r018.
tag_18_05_03.r019	tag_18_05_03	19	LINENO	7e1d6251611ed9b8710231084c2806db73313dd4abb81cdc654850da85a36480	Maintain shell variables, environment export state, IFS behavior, HOME, PATH, and variable assignment effects across command execution.	open	missing:tag_18_05_03.r019_q35_ring3_witness	Add an exact Q35 Ring 3 case for this assertion, then run the mutation falsifier before closing it.	Mutate the assertion or remove its witness; verification must reject tag_18_05_03.r019.
tag_18_05_03.r020	tag_18_05_03	20	Set by the shell to a decimal number representing the current sequential line number (numbered starting with 1) within a script or function before it executes each command. If the user unsets or resets LINENO, the variable may lose its special meaning for the life of the shell. If the shell is not currently executing a script or function, the value of LINENO is unspecified. This volume of POSIX.1-2017 specifies the effects of the variable only for systems supporting the User Portability Utilities option.	6880a85d74b544e6453c6f34b12a62532aa84cf14045ddd10a8cf6c8d863daf0	Maintain shell variables, environment export state, IFS behavior, HOME, PATH, and variable assignment effects across command execution.	open	missing:tag_18_05_03.r020_q35_ring3_witness	Add an exact Q35 Ring 3 case for this assertion, then run the mutation falsifier before closing it.	Mutate the assertion or remove its witness; verification must reject tag_18_05_03.r020.
tag_18_05_03.r021	tag_18_05_03	21	NLSPATH	3032043b2b426e42b95e37ba4805bfd9c0ac10de38de035ff2165fbfa886ad39	Maintain shell variables, environment export state, IFS behavior, HOME, PATH, and variable assignment effects across command execution.	open	missing:tag_18_05_03.r021_q35_ring3_witness	Add an exact Q35 Ring 3 case for this assertion, then run the mutation falsifier before closing it.	Mutate the assertion or remove its witness; verification must reject tag_18_05_03.r021.
tag_18_05_03.r022	tag_18_05_03	22	[XSI] Determine the location of message catalogs for the processing of LC_MESSAGES.	ef2cb0cf509673d545e0f4f73e2a9d2716d428881b0bb6cdba70783d6436420a	Maintain shell variables, environment export state, IFS behavior, HOME, PATH, and variable assignment effects across command execution.	open	missing:tag_18_05_03.r022_q35_ring3_witness	Add an exact Q35 Ring 3 case for this assertion, then run the mutation falsifier before closing it.	Mutate the assertion or remove its witness; verification must reject tag_18_05_03.r022.
tag_18_05_03.r023	tag_18_05_03	23	PATH	d4db71eecc1adeeae61a48d9a283751048b92e46fa4a99d7aea7228d02cbd523	Maintain shell variables, environment export state, IFS behavior, HOME, PATH, and variable assignment effects across command execution.	open	missing:tag_18_05_03.r023_q35_ring3_witness	Add an exact Q35 Ring 3 case for this assertion, then run the mutation falsifier before closing it.	Mutate the assertion or remove its witness; verification must reject tag_18_05_03.r023.
tag_18_05_03.r024	tag_18_05_03	24	A string formatted as described in XBD Environment Variables, used to effect command interpretation; see Command Search and Execution.	d210a3d4fb88f4717b60395c13f0249ea4615e6e5a97cdc7edd5298d3056683e	Maintain shell variables, environment export state, IFS behavior, HOME, PATH, and variable assignment effects across command execution.	open	missing:tag_18_05_03.r024_q35_ring3_witness	Add an exact Q35 Ring 3 case for this assertion, then run the mutation falsifier before closing it.	Mutate the assertion or remove its witness; verification must reject tag_18_05_03.r024.
tag_18_05_03.r025	tag_18_05_03	25	PPID	89ad67d16ab37df081921bfaf89e2412dfda42d531eb7dbf40a8ad303d62e9c2	Maintain shell variables, environment export state, IFS behavior, HOME, PATH, and variable assignment effects across command execution.	open	missing:tag_18_05_03.r025_q35_ring3_witness	Add an exact Q35 Ring 3 case for this assertion, then run the mutation falsifier before closing it.	Mutate the assertion or remove its witness; verification must reject tag_18_05_03.r025.
tag_18_05_03.r026	tag_18_05_03	26	Set by the shell to the decimal value of its parent process ID during initialization of the shell. In a subshell (see Shell Execution Environment), PPID shall be set to the same value as that of the parent of the current shell. For example, echo $ PPID and (echo $ PPID) would produce the same value.	6420f2f067d87a0cac7c02e250f7b472009427c2040f9ce6bde9e64d72ddccbe	Maintain shell variables, environment export state, IFS behavior, HOME, PATH, and variable assignment effects across command execution.	open	missing:tag_18_05_03.r026_q35_ring3_witness	Add an exact Q35 Ring 3 case for this assertion, then run the mutation falsifier before closing it.	Mutate the assertion or remove its witness; verification must reject tag_18_05_03.r026.
tag_18_05_03.r027	tag_18_05_03	27	PS1	5e5726a1a17bf71f8c97f904737211fc3ebae595e042bef93cd44de13b570a8b	Maintain shell variables, environment export state, IFS behavior, HOME, PATH, and variable assignment effects across command execution.	open	missing:tag_18_05_03.r027_q35_ring3_witness	Add an exact Q35 Ring 3 case for this assertion, then run the mutation falsifier before closing it.	Mutate the assertion or remove its witness; verification must reject tag_18_05_03.r027.
tag_18_05_03.r028	tag_18_05_03	28	Each time an interactive shell is ready to read a command, the value of this variable shall be subjected to parameter expansion and written to standard error. The default value shall be "$ ". For users who have specific additional implementation-defined privileges, the default may be another, implementation-defined value. The shell shall replace each instance of the character '!' in PS1 with the history file number of the next command to be typed. Escaping the '!' with another '!' (that is, "!!" ) shall place the literal character '!' in the prompt. This volume of POSIX.1-2017 specifies the effects of the variable only for systems supporting the User Portability Utilities option.	6f0bede69edb992757436e3a7e56212b6ee12ac5c91d729ab0a366e3d65a104a	Maintain shell variables, environment export state, IFS behavior, HOME, PATH, and variable assignment effects across command execution.	open	missing:tag_18_05_03.r028_q35_ring3_witness	Add an exact Q35 Ring 3 case for this assertion, then run the mutation falsifier before closing it.	Mutate the assertion or remove its witness; verification must reject tag_18_05_03.r028.
tag_18_05_03.r029	tag_18_05_03	29	PS2	61099b7f8648f4a859d7b02f02b8868810d57399f778eb6c9f763c4f99704dc6	Maintain shell variables, environment export state, IFS behavior, HOME, PATH, and variable assignment effects across command execution.	open	missing:tag_18_05_03.r029_q35_ring3_witness	Add an exact Q35 Ring 3 case for this assertion, then run the mutation falsifier before closing it.	Mutate the assertion or remove its witness; verification must reject tag_18_05_03.r029.
tag_18_05_03.r030	tag_18_05_03	30	Each time the user enters a <newline> prior to completing a command line in an interactive shell, the value of this variable shall be subjected to parameter expansion and written to standard error. The default value is "> ". This volume of POSIX.1-2017 specifies the effects of the variable only for systems supporting the User Portability Utilities option.	8b5efc14c5452a5a940c27010ca043482412d6a9a0e131f5ec6d2768378080f0	Maintain shell variables, environment export state, IFS behavior, HOME, PATH, and variable assignment effects across command execution.	open	missing:tag_18_05_03.r030_q35_ring3_witness	Add an exact Q35 Ring 3 case for this assertion, then run the mutation falsifier before closing it.	Mutate the assertion or remove its witness; verification must reject tag_18_05_03.r030.
tag_18_05_03.r031	tag_18_05_03	31	PS4	b81652e5b37ef9423fd61ea4ff689963f626f155d0394536097b6d70af6e2042	Maintain shell variables, environment export state, IFS behavior, HOME, PATH, and variable assignment effects across command execution.	open	missing:tag_18_05_03.r031_q35_ring3_witness	Add an exact Q35 Ring 3 case for this assertion, then run the mutation falsifier before closing it.	Mutate the assertion or remove its witness; verification must reject tag_18_05_03.r031.
tag_18_05_03.r032	tag_18_05_03	32	When an execution trace (set -x) is being performed in an interactive shell, before each line in the execution trace, the value of this variable shall be subjected to parameter expansion and written to standard error. The default value is "+ ". This volume of POSIX.1-2017 specifies the effects of the variable only for systems supporting the User Portability Utilities option.	aac1d6abcc90c268d354d0fde57e867ee462130432898ed917fe8ac2df82a1cc	Maintain shell variables, environment export state, IFS behavior, HOME, PATH, and variable assignment effects across command execution.	open	missing:tag_18_05_03.r032_q35_ring3_witness	Add an exact Q35 Ring 3 case for this assertion, then run the mutation falsifier before closing it.	Mutate the assertion or remove its witness; verification must reject tag_18_05_03.r032.
tag_18_05_03.r033	tag_18_05_03	33	PWD	62a5d3578e6aa1ffe0398d5616125b2a7b891f1ffc08a567059f9bfa95242fcd	Maintain shell variables, environment export state, IFS behavior, HOME, PATH, and variable assignment effects across command execution.	open	missing:tag_18_05_03.r033_q35_ring3_witness	Add an exact Q35 Ring 3 case for this assertion, then run the mutation falsifier before closing it.	Mutate the assertion or remove its witness; verification must reject tag_18_05_03.r033.
tag_18_05_03.r034	tag_18_05_03	34	Set by the shell and by the cd utility. In the shell the value shall be initialized from the environment as follows. If a value for PWD is passed to the shell in the environment when it is executed, the value is an absolute pathname of the current working directory that is no longer than {PATH_MAX} bytes including the terminating null byte, and the value does not contain any components that are dot or dot-dot, then the shell shall set PWD to the value from the environment. Otherwise, if a value for PWD is passed to the shell in the environment when it is executed, the value is an absolute pathname of the current working directory, and the value does not contain any components that are dot or dot-dot, then it is unspecified whether the shell sets PWD to the value from the environment or sets PWD to the pathname that would be output by pwd -P. Otherwise, the sh utility sets PWD to the pathname that would be output by pwd -P. In cases where PWD is set to the value from the environment, the value can contain components that refer to files of type symbolic link. In cases where PWD is set to the pathname that would be output by pwd -P, if there is insufficient permission on the current working directory, or on any parent of that directory, to determine what that pathname would be, the value of PWD is unspecified. Assignments to this variable may be ignored. If an application sets or unsets the value of PWD, the behaviors of the cd and pwd utilities are unspecified.	e24ca54f9f7144fa68be20d775daf89ee4a133f3c23c00d0f6ed3cb1c2e077f8	Maintain shell variables, environment export state, IFS behavior, HOME, PATH, and variable assignment effects across command execution.	open	missing:tag_18_05_03.r034_q35_ring3_witness	Add an exact Q35 Ring 3 case for this assertion, then run the mutation falsifier before closing it.	Mutate the assertion or remove its witness; verification must reject tag_18_05_03.r034.
tag_18_06.r001	tag_18_06	1	This section describes the various expansions that are performed on words. Not all expansions are performed on every word, as explained in the following sections.	367d2a3bfa354368e330b6bc23d26dfbaff45f28b3d6ecbd1746e695fdd590c2	Execute the specified expansion sequence and preserve field boundaries, pathname expansion, and final quote removal.	open	missing:tag_18_06.r001_q35_ring3_witness	Add an exact Q35 Ring 3 case for this assertion, then run the mutation falsifier before closing it.	Mutate the assertion or remove its witness; verification must reject tag_18_06.r001.
tag_18_06.r002	tag_18_06	2	Tilde expansions, parameter expansions, command substitutions, arithmetic expansions, and quote removals that occur within a single word expand to a single field. It is only field splitting or pathname expansion that can create multiple fields from a single word. The single exception to this rule is the expansion of the special parameter '@' within double-quotes, as described in Special Parameters.	67623fd10a9ded2a3bffe8df31dadd74d30274c5dd49cff68258430ffe889925	Execute the specified expansion sequence and preserve field boundaries, pathname expansion, and final quote removal.	open	missing:tag_18_06.r002_q35_ring3_witness	Add an exact Q35 Ring 3 case for this assertion, then run the mutation falsifier before closing it.	Mutate the assertion or remove its witness; verification must reject tag_18_06.r002.
tag_18_06.r003	tag_18_06	3	The order of word expansion shall be as follows:	84a236df525d2e1cff5c45669e95241c49c969f0e1ba7003eafd21d223120a2f	Execute the specified expansion sequence and preserve field boundaries, pathname expansion, and final quote removal.	open	missing:tag_18_06.r003_q35_ring3_witness	Add an exact Q35 Ring 3 case for this assertion, then run the mutation falsifier before closing it.	Mutate the assertion or remove its witness; verification must reject tag_18_06.r003.
tag_18_06.r004	tag_18_06	4	Tilde expansion (see Tilde Expansion), parameter expansion (see Parameter Expansion), command substitution (see Command Substitution), and arithmetic expansion (see Arithmetic Expansion) shall be performed, beginning to end. See item 5 in Token Recognition.	dbcee831f15b3674527f0601c4808670d7d9d74e23300a5c1b29e38a5c345962	Execute the specified expansion sequence and preserve field boundaries, pathname expansion, and final quote removal.	open	missing:tag_18_06.r004_q35_ring3_witness	Add an exact Q35 Ring 3 case for this assertion, then run the mutation falsifier before closing it.	Mutate the assertion or remove its witness; verification must reject tag_18_06.r004.
tag_18_06.r005	tag_18_06	5	Field splitting (see Field Splitting) shall be performed on the portions of the fields generated by step 1, unless IFS is null.	d59c5b78411e10152d83089626b7d51bd25d4393cef2f614e6b9cc356961d26d	Execute the specified expansion sequence and preserve field boundaries, pathname expansion, and final quote removal.	open	missing:tag_18_06.r005_q35_ring3_witness	Add an exact Q35 Ring 3 case for this assertion, then run the mutation falsifier before closing it.	Mutate the assertion or remove its witness; verification must reject tag_18_06.r005.
tag_18_06.r006	tag_18_06	6	Pathname expansion (see Pathname Expansion) shall be performed, unless set -f is in effect.	7b91cce4922e767c3682dcffbd0dbf2253cacffdebbbb461e36ba06717a92085	Execute the specified expansion sequence and preserve field boundaries, pathname expansion, and final quote removal.	open	missing:tag_18_06.r006_q35_ring3_witness	Add an exact Q35 Ring 3 case for this assertion, then run the mutation falsifier before closing it.	Mutate the assertion or remove its witness; verification must reject tag_18_06.r006.
tag_18_06.r007	tag_18_06	7	Quote removal (see Quote Removal) shall always be performed last.	515d0c03825dd19d8b987fd8a2be5c20f93c114f714b9babb8afdece01b9b778	Execute the specified expansion sequence and preserve field boundaries, pathname expansion, and final quote removal.	open	missing:tag_18_06.r007_q35_ring3_witness	Add an exact Q35 Ring 3 case for this assertion, then run the mutation falsifier before closing it.	Mutate the assertion or remove its witness; verification must reject tag_18_06.r007.
tag_18_06.r008	tag_18_06	8	The expansions described in this section shall occur in the same shell environment as that in which the command is executed.	127e37ff1a9a16da42c9e8461143888745f06bb0da49c6407bd5c0ab124e1c62	Execute the specified expansion sequence and preserve field boundaries, pathname expansion, and final quote removal.	open	missing:tag_18_06.r008_q35_ring3_witness	Add an exact Q35 Ring 3 case for this assertion, then run the mutation falsifier before closing it.	Mutate the assertion or remove its witness; verification must reject tag_18_06.r008.
tag_18_06.r009	tag_18_06	9	If the complete expansion appropriate for a word results in an empty field, that empty field shall be deleted from the list of fields that form the completely expanded command, unless the original word contained single-quote or double-quote characters.	50649486b9a4573c675a6588e52da5b896f52b35b03e86cf4fb5c62b03de8973	Execute the specified expansion sequence and preserve field boundaries, pathname expansion, and final quote removal.	open	missing:tag_18_06.r009_q35_ring3_witness	Add an exact Q35 Ring 3 case for this assertion, then run the mutation falsifier before closing it.	Mutate the assertion or remove its witness; verification must reject tag_18_06.r009.
tag_18_06.r010	tag_18_06	10	The '$' character is used to introduce parameter expansion, command substitution, or arithmetic evaluation. If an unquoted '$' is followed by a character that is not one of the following:	c1a12e0e3848e9ee7f035f8cc0a70d0203ff8cc938ea72e7512a507aa94874f7	Execute the specified expansion sequence and preserve field boundaries, pathname expansion, and final quote removal.	open	missing:tag_18_06.r010_q35_ring3_witness	Add an exact Q35 Ring 3 case for this assertion, then run the mutation falsifier before closing it.	Mutate the assertion or remove its witness; verification must reject tag_18_06.r010.
tag_18_06.r011	tag_18_06	11	A numeric character	ce3cfafceeb881efb300ee57a780bf9e5acbea8945ceb5f0c34caae06f22d571	Execute the specified expansion sequence and preserve field boundaries, pathname expansion, and final quote removal.	open	missing:tag_18_06.r011_q35_ring3_witness	Add an exact Q35 Ring 3 case for this assertion, then run the mutation falsifier before closing it.	Mutate the assertion or remove its witness; verification must reject tag_18_06.r011.
tag_18_06.r012	tag_18_06	12	The name of one of the special parameters (see Special Parameters)	5a1e3bb0c663270f5a9fe98d78a2156a5ed439893e6c3fea702e6d5d21a0679e	Execute the specified expansion sequence and preserve field boundaries, pathname expansion, and final quote removal.	open	missing:tag_18_06.r012_q35_ring3_witness	Add an exact Q35 Ring 3 case for this assertion, then run the mutation falsifier before closing it.	Mutate the assertion or remove its witness; verification must reject tag_18_06.r012.
tag_18_06.r013	tag_18_06	13	A valid first character of a variable name	837313b02c38a2d60552b0e3a428b70727edb2a185bb07742f5fe574f9d343ea	Execute the specified expansion sequence and preserve field boundaries, pathname expansion, and final quote removal.	open	missing:tag_18_06.r013_q35_ring3_witness	Add an exact Q35 Ring 3 case for this assertion, then run the mutation falsifier before closing it.	Mutate the assertion or remove its witness; verification must reject tag_18_06.r013.
tag_18_06.r014	tag_18_06	14	A <left-curly-bracket> ( '{' )	b652aa1d4365931b3ee19408cae75d9b5bcc3242d46cd0b5f44389899750da5c	Execute the specified expansion sequence and preserve field boundaries, pathname expansion, and final quote removal.	open	missing:tag_18_06.r014_q35_ring3_witness	Add an exact Q35 Ring 3 case for this assertion, then run the mutation falsifier before closing it.	Mutate the assertion or remove its witness; verification must reject tag_18_06.r014.
tag_18_06.r015	tag_18_06	15	A <left-parenthesis>	9b29452f6e46c0afbafd62b476a618206fe99f4de705520fe19ecde2aa4960d9	Execute the specified expansion sequence and preserve field boundaries, pathname expansion, and final quote removal.	open	missing:tag_18_06.r015_q35_ring3_witness	Add an exact Q35 Ring 3 case for this assertion, then run the mutation falsifier before closing it.	Mutate the assertion or remove its witness; verification must reject tag_18_06.r015.
tag_18_06.r016	tag_18_06	16	the result is unspecified.	9c09516eb1bfb6455eb13e069780a84dfc984235546a67364c79bcd63eebe664	Execute the specified expansion sequence and preserve field boundaries, pathname expansion, and final quote removal.	open	missing:tag_18_06.r016_q35_ring3_witness	Add an exact Q35 Ring 3 case for this assertion, then run the mutation falsifier before closing it.	Mutate the assertion or remove its witness; verification must reject tag_18_06.r016.
tag_18_06.r017	tag_18_06	17	A "tilde-prefix" consists of an unquoted <tilde> character at the beginning of a word, followed by all of the characters preceding the first unquoted <slash> in the word, or all the characters in the word if there is no <slash>. In an assignment (see XBD Variable Assignment), multiple tilde-prefixes can be used: at the beginning of the word (that is, following the <equals-sign> of the assignment), following any unquoted <colon>, or both. A tilde-prefix in an assignment is terminated by the first unquoted <colon> or <slash>. If none of the characters in the tilde-prefix are quoted, the characters in the tilde-prefix following the <tilde> are treated as a possible login name from the user database. A portable login name cannot contain characters outside the set given in the description of the LOGNAME environment variable in XBD Other Environment Variables. If the login name is null (that is, the tilde-prefix contains only the tilde), the tilde-prefix is replaced by the value of the variable HOME. If HOME is unset, the results are unspecified. Otherwise, the tilde-prefix shall be replaced by a pathname of the initial working directory associated with the login name obtained using the getpwnam() function as defined in the System Interfaces volume of POSIX.1-2017. If the system does not recognize the login name, the results are undefined.	72c47e8f1a6f9db7fece679e76819a738fdce87219224cc5b581c1780bce5b2b	Execute the specified expansion sequence and preserve field boundaries, pathname expansion, and final quote removal.	open	missing:tag_18_06.r017_q35_ring3_witness	Add an exact Q35 Ring 3 case for this assertion, then run the mutation falsifier before closing it.	Mutate the assertion or remove its witness; verification must reject tag_18_06.r017.
tag_18_06.r018	tag_18_06	18	The pathname resulting from tilde expansion shall be treated as if quoted to prevent it being altered by field splitting and pathname expansion.	c2870ca908d5621c70597b80035bb3899cf5206355c64e97efee948cf53fe905	Execute the specified expansion sequence and preserve field boundaries, pathname expansion, and final quote removal.	open	missing:tag_18_06.r018_q35_ring3_witness	Add an exact Q35 Ring 3 case for this assertion, then run the mutation falsifier before closing it.	Mutate the assertion or remove its witness; verification must reject tag_18_06.r018.
tag_18_06.r019	tag_18_06	19	The format for parameter expansion is as follows:	9f47559d15a5ab9939e640379c7e69787fc74f9f0cd959011de5d79066d9181f	Execute the specified expansion sequence and preserve field boundaries, pathname expansion, and final quote removal.	open	missing:tag_18_06.r019_q35_ring3_witness	Add an exact Q35 Ring 3 case for this assertion, then run the mutation falsifier before closing it.	Mutate the assertion or remove its witness; verification must reject tag_18_06.r019.
tag_18_06.r020	tag_18_06	20	where expression consists of all characters until the matching '}'. Any '}' escaped by a <backslash> or within a quoted string, and characters in embedded arithmetic expansions, command substitutions, and variable expansions, shall not be examined in determining the matching '}'.	dcf50b2f246671be455aacba003745a6a4790e5a14c2937998259cc5d50aff71	Execute the specified expansion sequence and preserve field boundaries, pathname expansion, and final quote removal.	open	missing:tag_18_06.r020_q35_ring3_witness	Add an exact Q35 Ring 3 case for this assertion, then run the mutation falsifier before closing it.	Mutate the assertion or remove its witness; verification must reject tag_18_06.r020.
tag_18_06.r021	tag_18_06	21	The simplest form for parameter expansion is:	d9d2a8de2e8366d46ed9d31cfd4781ade95818857230a3f5795db0dd969baf17	Execute the specified expansion sequence and preserve field boundaries, pathname expansion, and final quote removal.	open	missing:tag_18_06.r021_q35_ring3_witness	Add an exact Q35 Ring 3 case for this assertion, then run the mutation falsifier before closing it.	Mutate the assertion or remove its witness; verification must reject tag_18_06.r021.
tag_18_06.r022	tag_18_06	22	The value, if any, of parameter shall be substituted.	3319a00bdf7c7a0caccdd1e1efca4ad2f870a4415980fce9273ec37d7b7d3603	Execute the specified expansion sequence and preserve field boundaries, pathname expansion, and final quote removal.	open	missing:tag_18_06.r022_q35_ring3_witness	Add an exact Q35 Ring 3 case for this assertion, then run the mutation falsifier before closing it.	Mutate the assertion or remove its witness; verification must reject tag_18_06.r022.
tag_18_06.r023	tag_18_06	23	The parameter name or symbol can be enclosed in braces, which are optional except for positional parameters with more than one digit or when parameter is a name and is followed by a character that could be interpreted as part of the name. The matching closing brace shall be determined by counting brace levels, skipping over enclosed quoted strings, and command substitutions.	e8ff1d1d061c407e387eb98c51fea5a149d34f463eec9c474ff66bafe905c40f	Execute the specified expansion sequence and preserve field boundaries, pathname expansion, and final quote removal.	open	missing:tag_18_06.r023_q35_ring3_witness	Add an exact Q35 Ring 3 case for this assertion, then run the mutation falsifier before closing it.	Mutate the assertion or remove its witness; verification must reject tag_18_06.r023.
tag_18_06.r024	tag_18_06	24	If the parameter is not enclosed in braces, and is a name, the expansion shall use the longest valid name (see XBD Name), whether or not the variable represented by that name exists. Otherwise, the parameter is a single-character symbol, and behavior is unspecified if that character is neither a digit nor one of the special parameters (see Special Parameters).	dd0d6b68cba6c9be3697fd1c6a8656ab2c7628364dc7a8802dadaa8cec88a507	Execute the specified expansion sequence and preserve field boundaries, pathname expansion, and final quote removal.	open	missing:tag_18_06.r024_q35_ring3_witness	Add an exact Q35 Ring 3 case for this assertion, then run the mutation falsifier before closing it.	Mutate the assertion or remove its witness; verification must reject tag_18_06.r024.
tag_18_06.r025	tag_18_06	25	If a parameter expansion occurs inside double-quotes:	7db210346014e61dd3498257a2483c88e3296fc5e6a9810296649ffc9a7c98d3	Execute the specified expansion sequence and preserve field boundaries, pathname expansion, and final quote removal.	open	missing:tag_18_06.r025_q35_ring3_witness	Add an exact Q35 Ring 3 case for this assertion, then run the mutation falsifier before closing it.	Mutate the assertion or remove its witness; verification must reject tag_18_06.r025.
tag_18_06.r026	tag_18_06	26	Pathname expansion shall not be performed on the results of the expansion.	2fe48deddc6edc496c65628b7991e38f6525110356d099dc9252c0c8ef58b68f	Execute the specified expansion sequence and preserve field boundaries, pathname expansion, and final quote removal.	open	missing:tag_18_06.r026_q35_ring3_witness	Add an exact Q35 Ring 3 case for this assertion, then run the mutation falsifier before closing it.	Mutate the assertion or remove its witness; verification must reject tag_18_06.r026.
tag_18_06.r027	tag_18_06	27	Field splitting shall not be performed on the results of the expansion.	4210ac04a418ec29df251722b842d3773083f58b1c784e4ee0706ed8bc4ccf66	Execute the specified expansion sequence and preserve field boundaries, pathname expansion, and final quote removal.	open	missing:tag_18_06.r027_q35_ring3_witness	Add an exact Q35 Ring 3 case for this assertion, then run the mutation falsifier before closing it.	Mutate the assertion or remove its witness; verification must reject tag_18_06.r027.
tag_18_06.r028	tag_18_06	28	In addition, a parameter expansion can be modified by using one of the following formats. In each case that a value of word is needed (based on the state of parameter, as described below), word shall be subjected to tilde expansion, parameter expansion, command substitution, and arithmetic expansion. If word is not needed, it shall not be expanded. The '}' character that delimits the following parameter expansion modifications shall be determined as described previously in this section and in Double-Quotes.	f1340b6207f5a278f5bbf7b8f9d4cc62319837ef78d60f7007428b6df001d6fa	Execute the specified expansion sequence and preserve field boundaries, pathname expansion, and final quote removal.	open	missing:tag_18_06.r028_q35_ring3_witness	Add an exact Q35 Ring 3 case for this assertion, then run the mutation falsifier before closing it.	Mutate the assertion or remove its witness; verification must reject tag_18_06.r028.
tag_18_06.r029	tag_18_06	29	${parameter:-[word]}	f9f0402ccbdd6069f1888d981bfdd970225ec45cd08225881dc935da9fa61fc9	Execute the specified expansion sequence and preserve field boundaries, pathname expansion, and final quote removal.	open	missing:tag_18_06.r029_q35_ring3_witness	Add an exact Q35 Ring 3 case for this assertion, then run the mutation falsifier before closing it.	Mutate the assertion or remove its witness; verification must reject tag_18_06.r029.
tag_18_06.r030	tag_18_06	30	Use Default Values. If parameter is unset or null, the expansion of word (or an empty string if word is omitted) shall be substituted; otherwise, the value of parameter shall be substituted.	d601332c5ff5b703ed6202066b540722b68a4dfef5d44b2ab8344cb19c1bf61f	Execute the specified expansion sequence and preserve field boundaries, pathname expansion, and final quote removal.	open	missing:tag_18_06.r030_q35_ring3_witness	Add an exact Q35 Ring 3 case for this assertion, then run the mutation falsifier before closing it.	Mutate the assertion or remove its witness; verification must reject tag_18_06.r030.
tag_18_06.r031	tag_18_06	31	${parameter:=[word]}	8a6d9adffc91764d4623ffd3f15a1056a8bdb70cf19578d71a1380121c1e1bcb	Execute the specified expansion sequence and preserve field boundaries, pathname expansion, and final quote removal.	open	missing:tag_18_06.r031_q35_ring3_witness	Add an exact Q35 Ring 3 case for this assertion, then run the mutation falsifier before closing it.	Mutate the assertion or remove its witness; verification must reject tag_18_06.r031.
tag_18_06.r032	tag_18_06	32	Assign Default Values. If parameter is unset or null, the expansion of word (or an empty string if word is omitted) shall be assigned to parameter. In all cases, the final value of parameter shall be substituted. Only variables, not positional parameters or special parameters, can be assigned in this way.	ff01e34ed4820708ddf71c71a66076cd3dd0fc852a4ae4b623aeb06263e375e3	Execute the specified expansion sequence and preserve field boundaries, pathname expansion, and final quote removal.	open	missing:tag_18_06.r032_q35_ring3_witness	Add an exact Q35 Ring 3 case for this assertion, then run the mutation falsifier before closing it.	Mutate the assertion or remove its witness; verification must reject tag_18_06.r032.
tag_18_06.r033	tag_18_06	33	${parameter:?[word]}	42051e541702d1c6aad005fdcc9138d108ac8c1a9e18142c04d9f61cd224d55c	Execute the specified expansion sequence and preserve field boundaries, pathname expansion, and final quote removal.	open	missing:tag_18_06.r033_q35_ring3_witness	Add an exact Q35 Ring 3 case for this assertion, then run the mutation falsifier before closing it.	Mutate the assertion or remove its witness; verification must reject tag_18_06.r033.
tag_18_06.r034	tag_18_06	34	Indicate Error if Null or Unset. If parameter is unset or null, the expansion of word (or a message indicating it is unset if word is omitted) shall be written to standard error and the shell exits with a non-zero exit status. Otherwise, the value of parameter shall be substituted. An interactive shell need not exit.	cadf31a23a0d5835f1bc2d7a537bbc12e6dfa20d25e2775d379b61002e83490d	Execute the specified expansion sequence and preserve field boundaries, pathname expansion, and final quote removal.	open	missing:tag_18_06.r034_q35_ring3_witness	Add an exact Q35 Ring 3 case for this assertion, then run the mutation falsifier before closing it.	Mutate the assertion or remove its witness; verification must reject tag_18_06.r034.
tag_18_06.r035	tag_18_06	35	${parameter:+[word]}	c185b5997cc1c16ee8daa4b6e6a3b33ad743eeb31fe0ef98bcadf219f38b5cd1	Execute the specified expansion sequence and preserve field boundaries, pathname expansion, and final quote removal.	open	missing:tag_18_06.r035_q35_ring3_witness	Add an exact Q35 Ring 3 case for this assertion, then run the mutation falsifier before closing it.	Mutate the assertion or remove its witness; verification must reject tag_18_06.r035.
tag_18_06.r036	tag_18_06	36	Use Alternative Value. If parameter is unset or null, null shall be substituted; otherwise, the expansion of word (or an empty string if word is omitted) shall be substituted.	3363dbf1f9508c91255e5beda32701a4d70864e9cda0e2d71928f2b52a24c5d2	Execute the specified expansion sequence and preserve field boundaries, pathname expansion, and final quote removal.	open	missing:tag_18_06.r036_q35_ring3_witness	Add an exact Q35 Ring 3 case for this assertion, then run the mutation falsifier before closing it.	Mutate the assertion or remove its witness; verification must reject tag_18_06.r036.
tag_18_06.r037	tag_18_06	37	In the parameter expansions shown previously, use of the <colon> in the format shall result in a test for a parameter that is unset or null; omission of the <colon> shall result in a test for a parameter that is only unset. If parameter is '#' and the colon is omitted, the application shall ensure that word is specified (this is necessary to avoid ambiguity with the string length expansion). The following table summarizes the effect of the <colon>:	54599696697a3bb117bbbb0fdbd5d7b97b3a936c31de1470540ec9d45aa61f72	Execute the specified expansion sequence and preserve field boundaries, pathname expansion, and final quote removal.	open	missing:tag_18_06.r037_q35_ring3_witness	Add an exact Q35 Ring 3 case for this assertion, then run the mutation falsifier before closing it.	Mutate the assertion or remove its witness; verification must reject tag_18_06.r037.
tag_18_06.r038	tag_18_06	38	parameterSet and Not Null	a16ca0d6bc3f39f01b83ae9f4c3a81cb6f234a05cb04663fe6786069bbf4af02	Execute the specified expansion sequence and preserve field boundaries, pathname expansion, and final quote removal.	open	missing:tag_18_06.r038_q35_ring3_witness	Add an exact Q35 Ring 3 case for this assertion, then run the mutation falsifier before closing it.	Mutate the assertion or remove its witness; verification must reject tag_18_06.r038.
tag_18_06.r039	tag_18_06	39	parameterSet But Null	659e24a44a37c14b32fdaa08be1d686bb3e9d56803409dfdccbd047d7da67503	Execute the specified expansion sequence and preserve field boundaries, pathname expansion, and final quote removal.	open	missing:tag_18_06.r039_q35_ring3_witness	Add an exact Q35 Ring 3 case for this assertion, then run the mutation falsifier before closing it.	Mutate the assertion or remove its witness; verification must reject tag_18_06.r039.
tag_18_06.r040	tag_18_06	40	parameterUnset	74c1dd87a8878999429ee9a9dc5db6b4df31be42c490be8fec4495d35ce81678	Execute the specified expansion sequence and preserve field boundaries, pathname expansion, and final quote removal.	open	missing:tag_18_06.r040_q35_ring3_witness	Add an exact Q35 Ring 3 case for this assertion, then run the mutation falsifier before closing it.	Mutate the assertion or remove its witness; verification must reject tag_18_06.r040.
tag_18_06.r041	tag_18_06	41	${parameter:-word}	0cd48a94694f55e32034049f80184ed744f40613d2919c9009a5fc1fe1df7b8b	Execute the specified expansion sequence and preserve field boundaries, pathname expansion, and final quote removal.	open	missing:tag_18_06.r041_q35_ring3_witness	Add an exact Q35 Ring 3 case for this assertion, then run the mutation falsifier before closing it.	Mutate the assertion or remove its witness; verification must reject tag_18_06.r041.
tag_18_06.r042	tag_18_06	42	substitute parameter	06baebf69309185e940da391ae55f1aff62aca5dc0e8447e0c18d44bb7d8877a	Execute the specified expansion sequence and preserve field boundaries, pathname expansion, and final quote removal.	open	missing:tag_18_06.r042_q35_ring3_witness	Add an exact Q35 Ring 3 case for this assertion, then run the mutation falsifier before closing it.	Mutate the assertion or remove its witness; verification must reject tag_18_06.r042.
tag_18_06.r043	tag_18_06	43	substitute word	54169146ead49486d2ca7cd05db99b9cfa93413cfbd3be9403d0889c2a8aa221	Execute the specified expansion sequence and preserve field boundaries, pathname expansion, and final quote removal.	open	missing:tag_18_06.r043_q35_ring3_witness	Add an exact Q35 Ring 3 case for this assertion, then run the mutation falsifier before closing it.	Mutate the assertion or remove its witness; verification must reject tag_18_06.r043.
tag_18_06.r044	tag_18_06	44	substitute word	54169146ead49486d2ca7cd05db99b9cfa93413cfbd3be9403d0889c2a8aa221	Execute the specified expansion sequence and preserve field boundaries, pathname expansion, and final quote removal.	open	missing:tag_18_06.r044_q35_ring3_witness	Add an exact Q35 Ring 3 case for this assertion, then run the mutation falsifier before closing it.	Mutate the assertion or remove its witness; verification must reject tag_18_06.r044.
tag_18_06.r045	tag_18_06	45	${parameter-word}	497d5601ef890c935668b59cf774dd26d6ab90cd68cec22a34b18f9a273860ac	Execute the specified expansion sequence and preserve field boundaries, pathname expansion, and final quote removal.	open	missing:tag_18_06.r045_q35_ring3_witness	Add an exact Q35 Ring 3 case for this assertion, then run the mutation falsifier before closing it.	Mutate the assertion or remove its witness; verification must reject tag_18_06.r045.
tag_18_06.r046	tag_18_06	46	substitute parameter	06baebf69309185e940da391ae55f1aff62aca5dc0e8447e0c18d44bb7d8877a	Execute the specified expansion sequence and preserve field boundaries, pathname expansion, and final quote removal.	open	missing:tag_18_06.r046_q35_ring3_witness	Add an exact Q35 Ring 3 case for this assertion, then run the mutation falsifier before closing it.	Mutate the assertion or remove its witness; verification must reject tag_18_06.r046.
tag_18_06.r047	tag_18_06	47	substitute null	87420fbd106af61f5f8887c2eff648f67f1f26fa18948768ad55b8e18020b348	Execute the specified expansion sequence and preserve field boundaries, pathname expansion, and final quote removal.	open	missing:tag_18_06.r047_q35_ring3_witness	Add an exact Q35 Ring 3 case for this assertion, then run the mutation falsifier before closing it.	Mutate the assertion or remove its witness; verification must reject tag_18_06.r047.
tag_18_06.r048	tag_18_06	48	substitute word	54169146ead49486d2ca7cd05db99b9cfa93413cfbd3be9403d0889c2a8aa221	Execute the specified expansion sequence and preserve field boundaries, pathname expansion, and final quote removal.	open	missing:tag_18_06.r048_q35_ring3_witness	Add an exact Q35 Ring 3 case for this assertion, then run the mutation falsifier before closing it.	Mutate the assertion or remove its witness; verification must reject tag_18_06.r048.
tag_18_06.r049	tag_18_06	49	${parameter:=word}	66263951243fc7dd25902c1debdad457a1cdb969599fc2081f0439093d72a4bb	Execute the specified expansion sequence and preserve field boundaries, pathname expansion, and final quote removal.	open	missing:tag_18_06.r049_q35_ring3_witness	Add an exact Q35 Ring 3 case for this assertion, then run the mutation falsifier before closing it.	Mutate the assertion or remove its witness; verification must reject tag_18_06.r049.
tag_18_06.r050	tag_18_06	50	substitute parameter	06baebf69309185e940da391ae55f1aff62aca5dc0e8447e0c18d44bb7d8877a	Execute the specified expansion sequence and preserve field boundaries, pathname expansion, and final quote removal.	open	missing:tag_18_06.r050_q35_ring3_witness	Add an exact Q35 Ring 3 case for this assertion, then run the mutation falsifier before closing it.	Mutate the assertion or remove its witness; verification must reject tag_18_06.r050.
tag_18_06.r051	tag_18_06	51	assign word	6c592b3321c3ec2ff614bee2b0216240ac4495afffe212b2d13c5c5533cad93b	Execute the specified expansion sequence and preserve field boundaries, pathname expansion, and final quote removal.	open	missing:tag_18_06.r051_q35_ring3_witness	Add an exact Q35 Ring 3 case for this assertion, then run the mutation falsifier before closing it.	Mutate the assertion or remove its witness; verification must reject tag_18_06.r051.
tag_18_06.r052	tag_18_06	52	assign word	6c592b3321c3ec2ff614bee2b0216240ac4495afffe212b2d13c5c5533cad93b	Execute the specified expansion sequence and preserve field boundaries, pathname expansion, and final quote removal.	open	missing:tag_18_06.r052_q35_ring3_witness	Add an exact Q35 Ring 3 case for this assertion, then run the mutation falsifier before closing it.	Mutate the assertion or remove its witness; verification must reject tag_18_06.r052.
tag_18_06.r053	tag_18_06	53	${parameter=word}	eece4ddfe76efd2d02382578558a1b85a4108531b0255a1479243ab5641f8fc9	Execute the specified expansion sequence and preserve field boundaries, pathname expansion, and final quote removal.	open	missing:tag_18_06.r053_q35_ring3_witness	Add an exact Q35 Ring 3 case for this assertion, then run the mutation falsifier before closing it.	Mutate the assertion or remove its witness; verification must reject tag_18_06.r053.
tag_18_06.r054	tag_18_06	54	substitute parameter	06baebf69309185e940da391ae55f1aff62aca5dc0e8447e0c18d44bb7d8877a	Execute the specified expansion sequence and preserve field boundaries, pathname expansion, and final quote removal.	open	missing:tag_18_06.r054_q35_ring3_witness	Add an exact Q35 Ring 3 case for this assertion, then run the mutation falsifier before closing it.	Mutate the assertion or remove its witness; verification must reject tag_18_06.r054.
tag_18_06.r055	tag_18_06	55	substitute null	87420fbd106af61f5f8887c2eff648f67f1f26fa18948768ad55b8e18020b348	Execute the specified expansion sequence and preserve field boundaries, pathname expansion, and final quote removal.	open	missing:tag_18_06.r055_q35_ring3_witness	Add an exact Q35 Ring 3 case for this assertion, then run the mutation falsifier before closing it.	Mutate the assertion or remove its witness; verification must reject tag_18_06.r055.
tag_18_06.r056	tag_18_06	56	assign word	6c592b3321c3ec2ff614bee2b0216240ac4495afffe212b2d13c5c5533cad93b	Execute the specified expansion sequence and preserve field boundaries, pathname expansion, and final quote removal.	open	missing:tag_18_06.r056_q35_ring3_witness	Add an exact Q35 Ring 3 case for this assertion, then run the mutation falsifier before closing it.	Mutate the assertion or remove its witness; verification must reject tag_18_06.r056.
tag_18_06.r057	tag_18_06	57	${parameter:?word}	164664104fdbbaafccd1914f095c724bdafae651cb0ea37e2f8356e5af366a20	Execute the specified expansion sequence and preserve field boundaries, pathname expansion, and final quote removal.	open	missing:tag_18_06.r057_q35_ring3_witness	Add an exact Q35 Ring 3 case for this assertion, then run the mutation falsifier before closing it.	Mutate the assertion or remove its witness; verification must reject tag_18_06.r057.
tag_18_06.r058	tag_18_06	58	substitute parameter	06baebf69309185e940da391ae55f1aff62aca5dc0e8447e0c18d44bb7d8877a	Execute the specified expansion sequence and preserve field boundaries, pathname expansion, and final quote removal.	open	missing:tag_18_06.r058_q35_ring3_witness	Add an exact Q35 Ring 3 case for this assertion, then run the mutation falsifier before closing it.	Mutate the assertion or remove its witness; verification must reject tag_18_06.r058.
tag_18_06.r059	tag_18_06	59	error, exit	eb38981cadac59d7f59184731b4e98836223fe38b649a27357cd4418c3333cde	Execute the specified expansion sequence and preserve field boundaries, pathname expansion, and final quote removal.	open	missing:tag_18_06.r059_q35_ring3_witness	Add an exact Q35 Ring 3 case for this assertion, then run the mutation falsifier before closing it.	Mutate the assertion or remove its witness; verification must reject tag_18_06.r059.
tag_18_06.r060	tag_18_06	60	error, exit	eb38981cadac59d7f59184731b4e98836223fe38b649a27357cd4418c3333cde	Execute the specified expansion sequence and preserve field boundaries, pathname expansion, and final quote removal.	open	missing:tag_18_06.r060_q35_ring3_witness	Add an exact Q35 Ring 3 case for this assertion, then run the mutation falsifier before closing it.	Mutate the assertion or remove its witness; verification must reject tag_18_06.r060.
tag_18_06.r061	tag_18_06	61	${parameter?word}	913a82b068e2ef79d41263a6d9294d463cd92b7d85123ebd09384e7b00154ad1	Execute the specified expansion sequence and preserve field boundaries, pathname expansion, and final quote removal.	open	missing:tag_18_06.r061_q35_ring3_witness	Add an exact Q35 Ring 3 case for this assertion, then run the mutation falsifier before closing it.	Mutate the assertion or remove its witness; verification must reject tag_18_06.r061.
tag_18_06.r062	tag_18_06	62	substitute parameter	06baebf69309185e940da391ae55f1aff62aca5dc0e8447e0c18d44bb7d8877a	Execute the specified expansion sequence and preserve field boundaries, pathname expansion, and final quote removal.	open	missing:tag_18_06.r062_q35_ring3_witness	Add an exact Q35 Ring 3 case for this assertion, then run the mutation falsifier before closing it.	Mutate the assertion or remove its witness; verification must reject tag_18_06.r062.
tag_18_06.r063	tag_18_06	63	substitute null	87420fbd106af61f5f8887c2eff648f67f1f26fa18948768ad55b8e18020b348	Execute the specified expansion sequence and preserve field boundaries, pathname expansion, and final quote removal.	open	missing:tag_18_06.r063_q35_ring3_witness	Add an exact Q35 Ring 3 case for this assertion, then run the mutation falsifier before closing it.	Mutate the assertion or remove its witness; verification must reject tag_18_06.r063.
tag_18_06.r064	tag_18_06	64	error, exit	eb38981cadac59d7f59184731b4e98836223fe38b649a27357cd4418c3333cde	Execute the specified expansion sequence and preserve field boundaries, pathname expansion, and final quote removal.	open	missing:tag_18_06.r064_q35_ring3_witness	Add an exact Q35 Ring 3 case for this assertion, then run the mutation falsifier before closing it.	Mutate the assertion or remove its witness; verification must reject tag_18_06.r064.
tag_18_06.r065	tag_18_06	65	${parameter:+word}	c46743ad5f35a64a602765be57ae052f678790f578f169939e3dfc39ea281d40	Execute the specified expansion sequence and preserve field boundaries, pathname expansion, and final quote removal.	open	missing:tag_18_06.r065_q35_ring3_witness	Add an exact Q35 Ring 3 case for this assertion, then run the mutation falsifier before closing it.	Mutate the assertion or remove its witness; verification must reject tag_18_06.r065.
tag_18_06.r066	tag_18_06	66	substitute word	54169146ead49486d2ca7cd05db99b9cfa93413cfbd3be9403d0889c2a8aa221	Execute the specified expansion sequence and preserve field boundaries, pathname expansion, and final quote removal.	open	missing:tag_18_06.r066_q35_ring3_witness	Add an exact Q35 Ring 3 case for this assertion, then run the mutation falsifier before closing it.	Mutate the assertion or remove its witness; verification must reject tag_18_06.r066.
tag_18_06.r067	tag_18_06	67	substitute null	87420fbd106af61f5f8887c2eff648f67f1f26fa18948768ad55b8e18020b348	Execute the specified expansion sequence and preserve field boundaries, pathname expansion, and final quote removal.	open	missing:tag_18_06.r067_q35_ring3_witness	Add an exact Q35 Ring 3 case for this assertion, then run the mutation falsifier before closing it.	Mutate the assertion or remove its witness; verification must reject tag_18_06.r067.
tag_18_06.r068	tag_18_06	68	substitute null	87420fbd106af61f5f8887c2eff648f67f1f26fa18948768ad55b8e18020b348	Execute the specified expansion sequence and preserve field boundaries, pathname expansion, and final quote removal.	open	missing:tag_18_06.r068_q35_ring3_witness	Add an exact Q35 Ring 3 case for this assertion, then run the mutation falsifier before closing it.	Mutate the assertion or remove its witness; verification must reject tag_18_06.r068.
tag_18_06.r069	tag_18_06	69	${parameter+word}	14aaecb002c1fbb1cce12df1d220693a4aed564e4f3af5b075ac32b42496b5c6	Execute the specified expansion sequence and preserve field boundaries, pathname expansion, and final quote removal.	open	missing:tag_18_06.r069_q35_ring3_witness	Add an exact Q35 Ring 3 case for this assertion, then run the mutation falsifier before closing it.	Mutate the assertion or remove its witness; verification must reject tag_18_06.r069.
tag_18_06.r070	tag_18_06	70	substitute word	54169146ead49486d2ca7cd05db99b9cfa93413cfbd3be9403d0889c2a8aa221	Execute the specified expansion sequence and preserve field boundaries, pathname expansion, and final quote removal.	open	missing:tag_18_06.r070_q35_ring3_witness	Add an exact Q35 Ring 3 case for this assertion, then run the mutation falsifier before closing it.	Mutate the assertion or remove its witness; verification must reject tag_18_06.r070.
tag_18_06.r071	tag_18_06	71	substitute word	54169146ead49486d2ca7cd05db99b9cfa93413cfbd3be9403d0889c2a8aa221	Execute the specified expansion sequence and preserve field boundaries, pathname expansion, and final quote removal.	open	missing:tag_18_06.r071_q35_ring3_witness	Add an exact Q35 Ring 3 case for this assertion, then run the mutation falsifier before closing it.	Mutate the assertion or remove its witness; verification must reject tag_18_06.r071.
tag_18_06.r072	tag_18_06	72	substitute null	87420fbd106af61f5f8887c2eff648f67f1f26fa18948768ad55b8e18020b348	Execute the specified expansion sequence and preserve field boundaries, pathname expansion, and final quote removal.	open	missing:tag_18_06.r072_q35_ring3_witness	Add an exact Q35 Ring 3 case for this assertion, then run the mutation falsifier before closing it.	Mutate the assertion or remove its witness; verification must reject tag_18_06.r072.
tag_18_06.r073	tag_18_06	73	In all cases shown with "substitute", the expression is replaced with the value shown. In all cases shown with "assign", parameter is assigned that value, which also replaces the expression.	9f112db5131373b27189615be62637816b27398105dda72a3a837436e3d7a091	Execute the specified expansion sequence and preserve field boundaries, pathname expansion, and final quote removal.	open	missing:tag_18_06.r073_q35_ring3_witness	Add an exact Q35 Ring 3 case for this assertion, then run the mutation falsifier before closing it.	Mutate the assertion or remove its witness; verification must reject tag_18_06.r073.
tag_18_06.r074	tag_18_06	74	${#parameter}	ec7e93ad29ae69ec86cc201db34b51b04ac8138a8c2a6aa6d166f90fc9bf73e8	Execute the specified expansion sequence and preserve field boundaries, pathname expansion, and final quote removal.	open	missing:tag_18_06.r074_q35_ring3_witness	Add an exact Q35 Ring 3 case for this assertion, then run the mutation falsifier before closing it.	Mutate the assertion or remove its witness; verification must reject tag_18_06.r074.
tag_18_06.r075	tag_18_06	75	String Length. The length in characters of the value of parameter shall be substituted. If parameter is '*' or '@', the result of the expansion is unspecified. If parameter is unset and set -u is in effect, the expansion shall fail.	bb6cde056910ba24b392a58df2ac3690261bd9e063eaba6442d42a28f7c861df	Execute the specified expansion sequence and preserve field boundaries, pathname expansion, and final quote removal.	open	missing:tag_18_06.r075_q35_ring3_witness	Add an exact Q35 Ring 3 case for this assertion, then run the mutation falsifier before closing it.	Mutate the assertion or remove its witness; verification must reject tag_18_06.r075.
tag_18_06.r076	tag_18_06	76	The following four varieties of parameter expansion provide for substring processing. In each case, pattern matching notation (see Pattern Matching Notation), rather than regular expression notation, shall be used to evaluate the patterns. If parameter is '#', '*', or '@', the result of the expansion is unspecified. If parameter is unset and set -u is in effect, the expansion shall fail. Enclosing the full parameter expansion string in double-quotes shall not cause the following four varieties of pattern characters to be quoted, whereas quoting characters within the braces shall have this effect. In each variety, if word is omitted, the empty pattern shall be used.	3119003a0c054442457a6375b0b4338fcd89b9a3994cd85f6d0aa5ab06e2f62c	Execute the specified expansion sequence and preserve field boundaries, pathname expansion, and final quote removal.	open	missing:tag_18_06.r076_q35_ring3_witness	Add an exact Q35 Ring 3 case for this assertion, then run the mutation falsifier before closing it.	Mutate the assertion or remove its witness; verification must reject tag_18_06.r076.
tag_18_06.r077	tag_18_06	77	${parameter%[word]}	d913fe7da0a9bc0cfa81a153301c38de38ae516ac478f454c860ba72b15103a4	Execute the specified expansion sequence and preserve field boundaries, pathname expansion, and final quote removal.	open	missing:tag_18_06.r077_q35_ring3_witness	Add an exact Q35 Ring 3 case for this assertion, then run the mutation falsifier before closing it.	Mutate the assertion or remove its witness; verification must reject tag_18_06.r077.
tag_18_06.r078	tag_18_06	78	Remove Smallest Suffix Pattern. The word shall be expanded to produce a pattern. The parameter expansion shall then result in parameter, with the smallest portion of the suffix matched by the pattern deleted. If present, word shall not begin with an unquoted '%'.	eaa5ebadcb085ff09648707545b9ebe287d420f926b9ffb0e4df14b655d0f06b	Execute the specified expansion sequence and preserve field boundaries, pathname expansion, and final quote removal.	open	missing:tag_18_06.r078_q35_ring3_witness	Add an exact Q35 Ring 3 case for this assertion, then run the mutation falsifier before closing it.	Mutate the assertion or remove its witness; verification must reject tag_18_06.r078.
tag_18_06.r079	tag_18_06	79	${parameter%%[word]}	1afa5a4efc5a0af8e35fded54c3099846c3ac2778892949961ac504c5e18ca78	Execute the specified expansion sequence and preserve field boundaries, pathname expansion, and final quote removal.	open	missing:tag_18_06.r079_q35_ring3_witness	Add an exact Q35 Ring 3 case for this assertion, then run the mutation falsifier before closing it.	Mutate the assertion or remove its witness; verification must reject tag_18_06.r079.
tag_18_06.r080	tag_18_06	80	Remove Largest Suffix Pattern. The word shall be expanded to produce a pattern. The parameter expansion shall then result in parameter, with the largest portion of the suffix matched by the pattern deleted.	264dd0cbd02c2e3e5e4bcb6e884ac24d0c56604d02d23f7625c0b043a7b017d2	Execute the specified expansion sequence and preserve field boundaries, pathname expansion, and final quote removal.	open	missing:tag_18_06.r080_q35_ring3_witness	Add an exact Q35 Ring 3 case for this assertion, then run the mutation falsifier before closing it.	Mutate the assertion or remove its witness; verification must reject tag_18_06.r080.
tag_18_06.r081	tag_18_06	81	${parameter#[word]}	8f995f79e8974fbfa2294af438799f6fb1407fe2224a3058d36c8d8c53f1dced	Execute the specified expansion sequence and preserve field boundaries, pathname expansion, and final quote removal.	open	missing:tag_18_06.r081_q35_ring3_witness	Add an exact Q35 Ring 3 case for this assertion, then run the mutation falsifier before closing it.	Mutate the assertion or remove its witness; verification must reject tag_18_06.r081.
tag_18_06.r082	tag_18_06	82	Remove Smallest Prefix Pattern. The word shall be expanded to produce a pattern. The parameter expansion shall then result in parameter, with the smallest portion of the prefix matched by the pattern deleted. If present, word shall not begin with an unquoted '#'.	4e98419f5aebf8e4e1f5d85bcf66d2f0a4e32e9eea98f236b8edf32fac30e75f	Execute the specified expansion sequence and preserve field boundaries, pathname expansion, and final quote removal.	open	missing:tag_18_06.r082_q35_ring3_witness	Add an exact Q35 Ring 3 case for this assertion, then run the mutation falsifier before closing it.	Mutate the assertion or remove its witness; verification must reject tag_18_06.r082.
tag_18_06.r083	tag_18_06	83	${parameter##[word]}	4233f2573ce428b9b2eff61741edce881bd0ed0b3cd34e2824af4fc1e82aeecc	Execute the specified expansion sequence and preserve field boundaries, pathname expansion, and final quote removal.	open	missing:tag_18_06.r083_q35_ring3_witness	Add an exact Q35 Ring 3 case for this assertion, then run the mutation falsifier before closing it.	Mutate the assertion or remove its witness; verification must reject tag_18_06.r083.
tag_18_06.r084	tag_18_06	84	Remove Largest Prefix Pattern. The word shall be expanded to produce a pattern. The parameter expansion shall then result in parameter, with the largest portion of the prefix matched by the pattern deleted.	2e4e463553f0cdd45d77ef3af26c1a7e37bf61a32e064dbdfee6ff40afe75a23	Execute the specified expansion sequence and preserve field boundaries, pathname expansion, and final quote removal.	open	missing:tag_18_06.r084_q35_ring3_witness	Add an exact Q35 Ring 3 case for this assertion, then run the mutation falsifier before closing it.	Mutate the assertion or remove its witness; verification must reject tag_18_06.r084.
tag_18_06.r085	tag_18_06	85	Command substitution allows the output of a command to be substituted in place of the command name itself. Command substitution shall occur when the command is enclosed as follows:	80974382e053c0a866d457591e560a1a7d5df6b72142dd3a18e8e092424ff1b7	Execute the specified expansion sequence and preserve field boundaries, pathname expansion, and final quote removal.	open	missing:tag_18_06.r085_q35_ring3_witness	Add an exact Q35 Ring 3 case for this assertion, then run the mutation falsifier before closing it.	Mutate the assertion or remove its witness; verification must reject tag_18_06.r085.
tag_18_06.r086	tag_18_06	86	or (backquoted version):	8604a466697957c0f4f1a2c734b3927f38975d0530e64b218ec7b434d4302693	Execute the specified expansion sequence and preserve field boundaries, pathname expansion, and final quote removal.	open	missing:tag_18_06.r086_q35_ring3_witness	Add an exact Q35 Ring 3 case for this assertion, then run the mutation falsifier before closing it.	Mutate the assertion or remove its witness; verification must reject tag_18_06.r086.
tag_18_06.r087	tag_18_06	87	The shell shall expand the command substitution by executing command in a subshell environment (see Shell Execution Environment) and replacing the command substitution (the text of command plus the enclosing "$()" or backquotes) with the standard output of the command, removing sequences of one or more <newline> characters at the end of the substitution. Embedded <newline> characters before the end of the output shall not be removed; however, they may be treated as field delimiters and eliminated during field splitting, depending on the value of IFS and quoting that is in effect. If the output contains any null bytes, the behavior is unspecified.	0781176d2366cff307a5b9e8224d1a8b040e9f71511b1d0fbd814d1d00ec4ca9	Execute the specified expansion sequence and preserve field boundaries, pathname expansion, and final quote removal.	open	missing:tag_18_06.r087_q35_ring3_witness	Add an exact Q35 Ring 3 case for this assertion, then run the mutation falsifier before closing it.	Mutate the assertion or remove its witness; verification must reject tag_18_06.r087.
tag_18_06.r088	tag_18_06	88	Within the backquoted style of command substitution, <backslash> shall retain its literal meaning, except when followed by: '$', '`', or <backslash>. The search for the matching backquote shall be satisfied by the first unquoted non-escaped backquote; during this search, if a non-escaped backquote is encountered within a shell comment, a here-document, an embedded command substitution of the $(command) form, or a quoted string, undefined results occur. A single-quoted or double-quoted string that begins, but does not end, within the "`...`" sequence produces undefined results.	d981063c5365b883b1b3e8e20b3df71b72bcf9f94c0bcd13cad20f505956e57c	Execute the specified expansion sequence and preserve field boundaries, pathname expansion, and final quote removal.	open	missing:tag_18_06.r088_q35_ring3_witness	Add an exact Q35 Ring 3 case for this assertion, then run the mutation falsifier before closing it.	Mutate the assertion or remove its witness; verification must reject tag_18_06.r088.
tag_18_06.r089	tag_18_06	89	With the $(command) form, all characters following the open parenthesis to the matching closing parenthesis constitute the command. Any valid shell script can be used for command, except a script consisting solely of redirections which produces unspecified results.	bb92a6684dc0bd9f34085f456b0e0d36556148ff9c96b20ee28a0056b2794695	Execute the specified expansion sequence and preserve field boundaries, pathname expansion, and final quote removal.	open	missing:tag_18_06.r089_q35_ring3_witness	Add an exact Q35 Ring 3 case for this assertion, then run the mutation falsifier before closing it.	Mutate the assertion or remove its witness; verification must reject tag_18_06.r089.
tag_18_06.r090	tag_18_06	90	The results of command substitution shall not be processed for further tilde expansion, parameter expansion, command substitution, or arithmetic expansion. If a command substitution occurs inside double-quotes, field splitting and pathname expansion shall not be performed on the results of the substitution.	2d9af714ef4398badf6f0a4783ed1f797732526a8ce2a5a420f92c085e1e4337	Execute the specified expansion sequence and preserve field boundaries, pathname expansion, and final quote removal.	open	missing:tag_18_06.r090_q35_ring3_witness	Add an exact Q35 Ring 3 case for this assertion, then run the mutation falsifier before closing it.	Mutate the assertion or remove its witness; verification must reject tag_18_06.r090.
tag_18_06.r091	tag_18_06	91	Command substitution can be nested. To specify nesting within the backquoted version, the application shall precede the inner backquotes with <backslash> characters; for example:	f17d00436cf00707354ba0302a9a0ed21b7dd90349899411454a61eb4a8a6b85	Execute the specified expansion sequence and preserve field boundaries, pathname expansion, and final quote removal.	open	missing:tag_18_06.r091_q35_ring3_witness	Add an exact Q35 Ring 3 case for this assertion, then run the mutation falsifier before closing it.	Mutate the assertion or remove its witness; verification must reject tag_18_06.r091.
tag_18_06.r092	tag_18_06	92	The syntax of the shell command language has an ambiguity for expansions beginning with "$((", which can introduce an arithmetic expansion or a command substitution that starts with a subshell. Arithmetic expansion has precedence; that is, the shell shall first determine whether it can parse the expansion as an arithmetic expansion and shall only parse the expansion as a command substitution if it determines that it cannot parse the expansion as an arithmetic expansion. The shell need not evaluate nested expansions when performing this determination. If it encounters the end of input without already having determined that it cannot parse the expansion as an arithmetic expansion, the shell shall treat the expansion as an incomplete arithmetic expansion and report a syntax error. A conforming application shall ensure that it separates the "$(" and '(' into two tokens (that is, separate them with white space) in a command substitution that starts with a subshell. For example, a command substitution containing a single subshell could be written as:	77d4194ba1904c78c886d493e90aa792066208b15ac2c870d2939f13e7568aef	Execute the specified expansion sequence and preserve field boundaries, pathname expansion, and final quote removal.	open	missing:tag_18_06.r092_q35_ring3_witness	Add an exact Q35 Ring 3 case for this assertion, then run the mutation falsifier before closing it.	Mutate the assertion or remove its witness; verification must reject tag_18_06.r092.
tag_18_06.r093	tag_18_06	93	Arithmetic expansion provides a mechanism for evaluating an arithmetic expression and substituting its value. The format for arithmetic expansion shall be as follows:	c3d8b4121bb4bda9c9d332ca27b495b877298a16a8136da82a61c1436ea0add8	Execute the specified expansion sequence and preserve field boundaries, pathname expansion, and final quote removal.	open	missing:tag_18_06.r093_q35_ring3_witness	Add an exact Q35 Ring 3 case for this assertion, then run the mutation falsifier before closing it.	Mutate the assertion or remove its witness; verification must reject tag_18_06.r093.
tag_18_06.r094	tag_18_06	94	The expression shall be treated as if it were in double-quotes, except that a double-quote inside the expression is not treated specially. The shell shall expand all tokens in the expression for parameter expansion, command substitution, and quote removal.	7c0eb879539d1a6d364bf37235592727a339250501e255c9e68dc3baad0f6fe0	Execute the specified expansion sequence and preserve field boundaries, pathname expansion, and final quote removal.	open	missing:tag_18_06.r094_q35_ring3_witness	Add an exact Q35 Ring 3 case for this assertion, then run the mutation falsifier before closing it.	Mutate the assertion or remove its witness; verification must reject tag_18_06.r094.
tag_18_06.r095	tag_18_06	95	Next, the shell shall treat this as an arithmetic expression and substitute the value of the expression. The arithmetic expression shall be processed according to the rules given in Arithmetic Precision and Operations, with the following exceptions:	876748c682c5e6020856955867e473deb933abe6f0afad3ee708ccf72ae84e53	Execute the specified expansion sequence and preserve field boundaries, pathname expansion, and final quote removal.	open	missing:tag_18_06.r095_q35_ring3_witness	Add an exact Q35 Ring 3 case for this assertion, then run the mutation falsifier before closing it.	Mutate the assertion or remove its witness; verification must reject tag_18_06.r095.
tag_18_06.r096	tag_18_06	96	Only signed long integer arithmetic is required.	3273fa45ef957763b1daa45776dad474d039fa0a774834d9cb0e2b934f810c7e	Execute the specified expansion sequence and preserve field boundaries, pathname expansion, and final quote removal.	open	missing:tag_18_06.r096_q35_ring3_witness	Add an exact Q35 Ring 3 case for this assertion, then run the mutation falsifier before closing it.	Mutate the assertion or remove its witness; verification must reject tag_18_06.r096.
tag_18_06.r097	tag_18_06	97	Only the decimal-constant, octal-constant, and hexadecimal-constant constants specified in the ISO C standard, Section 6.4.4.1 are required to be recognized as constants.	af97ebabe07a5040ea0bfac4d43289e153388b967ad2c8431d78589029ed86bb	Execute the specified expansion sequence and preserve field boundaries, pathname expansion, and final quote removal.	open	missing:tag_18_06.r097_q35_ring3_witness	Add an exact Q35 Ring 3 case for this assertion, then run the mutation falsifier before closing it.	Mutate the assertion or remove its witness; verification must reject tag_18_06.r097.
tag_18_06.r098	tag_18_06	98	The sizeof() operator and the prefix and postfix "++" and "--" operators are not required.	e5978464356c19d35b5060c47e975643e8b9a47acf69b248bc7454a09bcbb525	Execute the specified expansion sequence and preserve field boundaries, pathname expansion, and final quote removal.	open	missing:tag_18_06.r098_q35_ring3_witness	Add an exact Q35 Ring 3 case for this assertion, then run the mutation falsifier before closing it.	Mutate the assertion or remove its witness; verification must reject tag_18_06.r098.
tag_18_06.r099	tag_18_06	99	Selection, iteration, and jump statements are not supported.	73e9a40570b6e5d501ee64d4bc10d61b9280378ec4396500af4852bc3dbd3d9f	Execute the specified expansion sequence and preserve field boundaries, pathname expansion, and final quote removal.	open	missing:tag_18_06.r099_q35_ring3_witness	Add an exact Q35 Ring 3 case for this assertion, then run the mutation falsifier before closing it.	Mutate the assertion or remove its witness; verification must reject tag_18_06.r099.
tag_18_06.r100	tag_18_06	100	All changes to variables in an arithmetic expression shall be in effect after the arithmetic expansion, as in the parameter expansion "${x=value}".	4453e449b088a1b0e05269437d98ed4bdc0f4e42546871b6b325673da0dd6488	Execute the specified expansion sequence and preserve field boundaries, pathname expansion, and final quote removal.	open	missing:tag_18_06.r100_q35_ring3_witness	Add an exact Q35 Ring 3 case for this assertion, then run the mutation falsifier before closing it.	Mutate the assertion or remove its witness; verification must reject tag_18_06.r100.
tag_18_06.r101	tag_18_06	101	If the shell variable x contains a value that forms a valid integer constant, optionally including a leading <plus-sign> or <hyphen-minus>, then the arithmetic expansions "$((x))" and "$(($x))" shall return the same value.	13d9abb8bbe11d78c0e2f7df526652386f8fbf313f9c17dac11a4695b7c24981	Execute the specified expansion sequence and preserve field boundaries, pathname expansion, and final quote removal.	open	missing:tag_18_06.r101_q35_ring3_witness	Add an exact Q35 Ring 3 case for this assertion, then run the mutation falsifier before closing it.	Mutate the assertion or remove its witness; verification must reject tag_18_06.r101.
tag_18_06.r102	tag_18_06	102	As an extension, the shell may recognize arithmetic expressions beyond those listed. The shell may use a signed integer type with a rank larger than the rank of signed long. The shell may use a real-floating type instead of signed long as long as it does not affect the results in cases where there is no overflow. If the expression is invalid, or the contents of a shell variable used in the expression are not recognized by the shell, the expansion fails and the shell shall write a diagnostic message to standard error indicating the failure.	32b8060c96ffc6a5c6bcb6408418ba974747d4b37d50e9f7dce0b3d1c1f4cc73	Execute the specified expansion sequence and preserve field boundaries, pathname expansion, and final quote removal.	open	missing:tag_18_06.r102_q35_ring3_witness	Add an exact Q35 Ring 3 case for this assertion, then run the mutation falsifier before closing it.	Mutate the assertion or remove its witness; verification must reject tag_18_06.r102.
tag_18_06.r103	tag_18_06	103	After parameter expansion (Parameter Expansion), command substitution (Command Substitution), and arithmetic expansion (Arithmetic Expansion), the shell shall scan the results of expansions and substitutions that did not occur in double-quotes for field splitting and multiple fields can result.	344746925e5aabbd6de2fa99f96dbe80fa9f1d575caded2baa33196580db18dd	Execute the specified expansion sequence and preserve field boundaries, pathname expansion, and final quote removal.	open	missing:tag_18_06.r103_q35_ring3_witness	Add an exact Q35 Ring 3 case for this assertion, then run the mutation falsifier before closing it.	Mutate the assertion or remove its witness; verification must reject tag_18_06.r103.
tag_18_06.r104	tag_18_06	104	The shell shall treat each character of the IFS as a delimiter and use the delimiters as field terminators to split the results of parameter expansion, command substitution, and arithmetic expansion into fields.	3f2321bc7e3a2821f37b55c28ac768b29f3717e65986c66d8898d0d2174b60f0	Execute the specified expansion sequence and preserve field boundaries, pathname expansion, and final quote removal.	open	missing:tag_18_06.r104_q35_ring3_witness	Add an exact Q35 Ring 3 case for this assertion, then run the mutation falsifier before closing it.	Mutate the assertion or remove its witness; verification must reject tag_18_06.r104.
tag_18_06.r105	tag_18_06	105	If the value of IFS is a <space>, <tab>, and <newline>, or if it is unset, any sequence of <space>, <tab>, or <newline> characters at the beginning or end of the input shall be ignored and any sequence of those characters within the input shall delimit a field. For example, the input: <newline><space><tab>foo<tab><tab>bar<space> yields two fields, foo and bar.	f05189b053b36a6a32775e4ce9124625f48db2bffcc5f0380326d2ab44e4a45a	Execute the specified expansion sequence and preserve field boundaries, pathname expansion, and final quote removal.	open	missing:tag_18_06.r105_q35_ring3_witness	Add an exact Q35 Ring 3 case for this assertion, then run the mutation falsifier before closing it.	Mutate the assertion or remove its witness; verification must reject tag_18_06.r105.
tag_18_06.r106	tag_18_06	106	If the value of IFS is null, no field splitting shall be performed.	70ede1a0e2627f680fc704e339610f827c9e9a08ce433e299a905c72439e6826	Execute the specified expansion sequence and preserve field boundaries, pathname expansion, and final quote removal.	open	missing:tag_18_06.r106_q35_ring3_witness	Add an exact Q35 Ring 3 case for this assertion, then run the mutation falsifier before closing it.	Mutate the assertion or remove its witness; verification must reject tag_18_06.r106.
tag_18_06.r107	tag_18_06	107	Otherwise, the following rules shall be applied in sequence. The term " IFS white space" is used to mean any sequence (zero or more instances) of white-space characters that are in the IFS value (for example, if IFS contains <space>/ <comma>/ <tab>, any sequence of <space> and <tab> characters is considered IFS white space). IFS white space shall be ignored at the beginning and end of the input.	5b508cba4d77a25265efb6e00fbec8022ad324fc44dd64b5017c2315caed3cc8	Execute the specified expansion sequence and preserve field boundaries, pathname expansion, and final quote removal.	open	missing:tag_18_06.r107_q35_ring3_witness	Add an exact Q35 Ring 3 case for this assertion, then run the mutation falsifier before closing it.	Mutate the assertion or remove its witness; verification must reject tag_18_06.r107.
tag_18_06.r108	tag_18_06	108	Each occurrence in the input of an IFS character that is not IFS white space, along with any adjacent IFS white space, shall delimit a field, as described previously.	c60c9683afed55614eb9a499deb4210cb6d0db091c3932bd468644f8c3e93c80	Execute the specified expansion sequence and preserve field boundaries, pathname expansion, and final quote removal.	open	missing:tag_18_06.r108_q35_ring3_witness	Add an exact Q35 Ring 3 case for this assertion, then run the mutation falsifier before closing it.	Mutate the assertion or remove its witness; verification must reject tag_18_06.r108.
tag_18_06.r109	tag_18_06	109	Non-zero-length IFS white space shall delimit a field.	2d5087104b9e477c0743a99d07c5b735fd8e8caf7de9628f83b1581bd6712d27	Execute the specified expansion sequence and preserve field boundaries, pathname expansion, and final quote removal.	open	missing:tag_18_06.r109_q35_ring3_witness	Add an exact Q35 Ring 3 case for this assertion, then run the mutation falsifier before closing it.	Mutate the assertion or remove its witness; verification must reject tag_18_06.r109.
tag_18_06.r110	tag_18_06	110	After field splitting, if set -f is not in effect, each field in the resulting command line shall be expanded using the algorithm described in Pattern Matching Notation, qualified by the rules in Patterns Used for Filename Expansion.	1b0693ddefe5859333f2ac403cff2ed3d9ace088c66e7047cdd99c1e3ba435cc	Execute the specified expansion sequence and preserve field boundaries, pathname expansion, and final quote removal.	open	missing:tag_18_06.r110_q35_ring3_witness	Add an exact Q35 Ring 3 case for this assertion, then run the mutation falsifier before closing it.	Mutate the assertion or remove its witness; verification must reject tag_18_06.r110.
tag_18_06.r111	tag_18_06	111	The quote characters ( <backslash>, single-quote, and double-quote) that were present in the original word shall be removed unless they have themselves been quoted.	0b203f58dd7b522ef7ff65280db724c156d7d10251161a223893a025471cf37e	Execute the specified expansion sequence and preserve field boundaries, pathname expansion, and final quote removal.	open	missing:tag_18_06.r111_q35_ring3_witness	Add an exact Q35 Ring 3 case for this assertion, then run the mutation falsifier before closing it.	Mutate the assertion or remove its witness; verification must reject tag_18_06.r111.
tag_18_06_02.r001	tag_18_06_02	1	The format for parameter expansion is as follows:	9f47559d15a5ab9939e640379c7e69787fc74f9f0cd959011de5d79066d9181f	Implement parameter expansion operators, length expansion, nested expansion, unset and null distinctions, and quoted field behavior.	open	missing:tag_18_06_02.r001_q35_ring3_witness	Add an exact Q35 Ring 3 case for this assertion, then run the mutation falsifier before closing it.	Mutate the assertion or remove its witness; verification must reject tag_18_06_02.r001.
tag_18_06_02.r002	tag_18_06_02	2	where expression consists of all characters until the matching '}'. Any '}' escaped by a <backslash> or within a quoted string, and characters in embedded arithmetic expansions, command substitutions, and variable expansions, shall not be examined in determining the matching '}'.	dcf50b2f246671be455aacba003745a6a4790e5a14c2937998259cc5d50aff71	Implement parameter expansion operators, length expansion, nested expansion, unset and null distinctions, and quoted field behavior.	open	missing:tag_18_06_02.r002_q35_ring3_witness	Add an exact Q35 Ring 3 case for this assertion, then run the mutation falsifier before closing it.	Mutate the assertion or remove its witness; verification must reject tag_18_06_02.r002.
tag_18_06_02.r003	tag_18_06_02	3	The simplest form for parameter expansion is:	d9d2a8de2e8366d46ed9d31cfd4781ade95818857230a3f5795db0dd969baf17	Implement parameter expansion operators, length expansion, nested expansion, unset and null distinctions, and quoted field behavior.	open	missing:tag_18_06_02.r003_q35_ring3_witness	Add an exact Q35 Ring 3 case for this assertion, then run the mutation falsifier before closing it.	Mutate the assertion or remove its witness; verification must reject tag_18_06_02.r003.
tag_18_06_02.r004	tag_18_06_02	4	The value, if any, of parameter shall be substituted.	3319a00bdf7c7a0caccdd1e1efca4ad2f870a4415980fce9273ec37d7b7d3603	Implement parameter expansion operators, length expansion, nested expansion, unset and null distinctions, and quoted field behavior.	open	missing:tag_18_06_02.r004_q35_ring3_witness	Add an exact Q35 Ring 3 case for this assertion, then run the mutation falsifier before closing it.	Mutate the assertion or remove its witness; verification must reject tag_18_06_02.r004.
tag_18_06_02.r005	tag_18_06_02	5	The parameter name or symbol can be enclosed in braces, which are optional except for positional parameters with more than one digit or when parameter is a name and is followed by a character that could be interpreted as part of the name. The matching closing brace shall be determined by counting brace levels, skipping over enclosed quoted strings, and command substitutions.	e8ff1d1d061c407e387eb98c51fea5a149d34f463eec9c474ff66bafe905c40f	Implement parameter expansion operators, length expansion, nested expansion, unset and null distinctions, and quoted field behavior.	open	missing:tag_18_06_02.r005_q35_ring3_witness	Add an exact Q35 Ring 3 case for this assertion, then run the mutation falsifier before closing it.	Mutate the assertion or remove its witness; verification must reject tag_18_06_02.r005.
tag_18_06_02.r006	tag_18_06_02	6	If the parameter is not enclosed in braces, and is a name, the expansion shall use the longest valid name (see XBD Name), whether or not the variable represented by that name exists. Otherwise, the parameter is a single-character symbol, and behavior is unspecified if that character is neither a digit nor one of the special parameters (see Special Parameters).	dd0d6b68cba6c9be3697fd1c6a8656ab2c7628364dc7a8802dadaa8cec88a507	Implement parameter expansion operators, length expansion, nested expansion, unset and null distinctions, and quoted field behavior.	open	missing:tag_18_06_02.r006_q35_ring3_witness	Add an exact Q35 Ring 3 case for this assertion, then run the mutation falsifier before closing it.	Mutate the assertion or remove its witness; verification must reject tag_18_06_02.r006.
tag_18_06_02.r007	tag_18_06_02	7	If a parameter expansion occurs inside double-quotes:	7db210346014e61dd3498257a2483c88e3296fc5e6a9810296649ffc9a7c98d3	Implement parameter expansion operators, length expansion, nested expansion, unset and null distinctions, and quoted field behavior.	open	missing:tag_18_06_02.r007_q35_ring3_witness	Add an exact Q35 Ring 3 case for this assertion, then run the mutation falsifier before closing it.	Mutate the assertion or remove its witness; verification must reject tag_18_06_02.r007.
tag_18_06_02.r008	tag_18_06_02	8	Pathname expansion shall not be performed on the results of the expansion.	2fe48deddc6edc496c65628b7991e38f6525110356d099dc9252c0c8ef58b68f	Implement parameter expansion operators, length expansion, nested expansion, unset and null distinctions, and quoted field behavior.	open	missing:tag_18_06_02.r008_q35_ring3_witness	Add an exact Q35 Ring 3 case for this assertion, then run the mutation falsifier before closing it.	Mutate the assertion or remove its witness; verification must reject tag_18_06_02.r008.
tag_18_06_02.r009	tag_18_06_02	9	Field splitting shall not be performed on the results of the expansion.	4210ac04a418ec29df251722b842d3773083f58b1c784e4ee0706ed8bc4ccf66	Implement parameter expansion operators, length expansion, nested expansion, unset and null distinctions, and quoted field behavior.	open	missing:tag_18_06_02.r009_q35_ring3_witness	Add an exact Q35 Ring 3 case for this assertion, then run the mutation falsifier before closing it.	Mutate the assertion or remove its witness; verification must reject tag_18_06_02.r009.
tag_18_06_02.r010	tag_18_06_02	10	In addition, a parameter expansion can be modified by using one of the following formats. In each case that a value of word is needed (based on the state of parameter, as described below), word shall be subjected to tilde expansion, parameter expansion, command substitution, and arithmetic expansion. If word is not needed, it shall not be expanded. The '}' character that delimits the following parameter expansion modifications shall be determined as described previously in this section and in Double-Quotes.	f1340b6207f5a278f5bbf7b8f9d4cc62319837ef78d60f7007428b6df001d6fa	Implement parameter expansion operators, length expansion, nested expansion, unset and null distinctions, and quoted field behavior.	open	missing:tag_18_06_02.r010_q35_ring3_witness	Add an exact Q35 Ring 3 case for this assertion, then run the mutation falsifier before closing it.	Mutate the assertion or remove its witness; verification must reject tag_18_06_02.r010.
tag_18_06_02.r011	tag_18_06_02	11	${parameter:-[word]}	f9f0402ccbdd6069f1888d981bfdd970225ec45cd08225881dc935da9fa61fc9	Implement parameter expansion operators, length expansion, nested expansion, unset and null distinctions, and quoted field behavior.	open	missing:tag_18_06_02.r011_q35_ring3_witness	Add an exact Q35 Ring 3 case for this assertion, then run the mutation falsifier before closing it.	Mutate the assertion or remove its witness; verification must reject tag_18_06_02.r011.
tag_18_06_02.r012	tag_18_06_02	12	Use Default Values. If parameter is unset or null, the expansion of word (or an empty string if word is omitted) shall be substituted; otherwise, the value of parameter shall be substituted.	d601332c5ff5b703ed6202066b540722b68a4dfef5d44b2ab8344cb19c1bf61f	Implement parameter expansion operators, length expansion, nested expansion, unset and null distinctions, and quoted field behavior.	open	missing:tag_18_06_02.r012_q35_ring3_witness	Add an exact Q35 Ring 3 case for this assertion, then run the mutation falsifier before closing it.	Mutate the assertion or remove its witness; verification must reject tag_18_06_02.r012.
tag_18_06_02.r013	tag_18_06_02	13	${parameter:=[word]}	8a6d9adffc91764d4623ffd3f15a1056a8bdb70cf19578d71a1380121c1e1bcb	Implement parameter expansion operators, length expansion, nested expansion, unset and null distinctions, and quoted field behavior.	open	missing:tag_18_06_02.r013_q35_ring3_witness	Add an exact Q35 Ring 3 case for this assertion, then run the mutation falsifier before closing it.	Mutate the assertion or remove its witness; verification must reject tag_18_06_02.r013.
tag_18_06_02.r014	tag_18_06_02	14	Assign Default Values. If parameter is unset or null, the expansion of word (or an empty string if word is omitted) shall be assigned to parameter. In all cases, the final value of parameter shall be substituted. Only variables, not positional parameters or special parameters, can be assigned in this way.	ff01e34ed4820708ddf71c71a66076cd3dd0fc852a4ae4b623aeb06263e375e3	Implement parameter expansion operators, length expansion, nested expansion, unset and null distinctions, and quoted field behavior.	open	missing:tag_18_06_02.r014_q35_ring3_witness	Add an exact Q35 Ring 3 case for this assertion, then run the mutation falsifier before closing it.	Mutate the assertion or remove its witness; verification must reject tag_18_06_02.r014.
tag_18_06_02.r015	tag_18_06_02	15	${parameter:?[word]}	42051e541702d1c6aad005fdcc9138d108ac8c1a9e18142c04d9f61cd224d55c	Implement parameter expansion operators, length expansion, nested expansion, unset and null distinctions, and quoted field behavior.	open	missing:tag_18_06_02.r015_q35_ring3_witness	Add an exact Q35 Ring 3 case for this assertion, then run the mutation falsifier before closing it.	Mutate the assertion or remove its witness; verification must reject tag_18_06_02.r015.
tag_18_06_02.r016	tag_18_06_02	16	Indicate Error if Null or Unset. If parameter is unset or null, the expansion of word (or a message indicating it is unset if word is omitted) shall be written to standard error and the shell exits with a non-zero exit status. Otherwise, the value of parameter shall be substituted. An interactive shell need not exit.	cadf31a23a0d5835f1bc2d7a537bbc12e6dfa20d25e2775d379b61002e83490d	Implement parameter expansion operators, length expansion, nested expansion, unset and null distinctions, and quoted field behavior.	open	missing:tag_18_06_02.r016_q35_ring3_witness	Add an exact Q35 Ring 3 case for this assertion, then run the mutation falsifier before closing it.	Mutate the assertion or remove its witness; verification must reject tag_18_06_02.r016.
tag_18_06_02.r017	tag_18_06_02	17	${parameter:+[word]}	c185b5997cc1c16ee8daa4b6e6a3b33ad743eeb31fe0ef98bcadf219f38b5cd1	Implement parameter expansion operators, length expansion, nested expansion, unset and null distinctions, and quoted field behavior.	open	missing:tag_18_06_02.r017_q35_ring3_witness	Add an exact Q35 Ring 3 case for this assertion, then run the mutation falsifier before closing it.	Mutate the assertion or remove its witness; verification must reject tag_18_06_02.r017.
tag_18_06_02.r018	tag_18_06_02	18	Use Alternative Value. If parameter is unset or null, null shall be substituted; otherwise, the expansion of word (or an empty string if word is omitted) shall be substituted.	3363dbf1f9508c91255e5beda32701a4d70864e9cda0e2d71928f2b52a24c5d2	Implement parameter expansion operators, length expansion, nested expansion, unset and null distinctions, and quoted field behavior.	open	missing:tag_18_06_02.r018_q35_ring3_witness	Add an exact Q35 Ring 3 case for this assertion, then run the mutation falsifier before closing it.	Mutate the assertion or remove its witness; verification must reject tag_18_06_02.r018.
tag_18_06_02.r019	tag_18_06_02	19	In the parameter expansions shown previously, use of the <colon> in the format shall result in a test for a parameter that is unset or null; omission of the <colon> shall result in a test for a parameter that is only unset. If parameter is '#' and the colon is omitted, the application shall ensure that word is specified (this is necessary to avoid ambiguity with the string length expansion). The following table summarizes the effect of the <colon>:	54599696697a3bb117bbbb0fdbd5d7b97b3a936c31de1470540ec9d45aa61f72	Implement parameter expansion operators, length expansion, nested expansion, unset and null distinctions, and quoted field behavior.	open	missing:tag_18_06_02.r019_q35_ring3_witness	Add an exact Q35 Ring 3 case for this assertion, then run the mutation falsifier before closing it.	Mutate the assertion or remove its witness; verification must reject tag_18_06_02.r019.
tag_18_06_02.r020	tag_18_06_02	20	parameterSet and Not Null	a16ca0d6bc3f39f01b83ae9f4c3a81cb6f234a05cb04663fe6786069bbf4af02	Implement parameter expansion operators, length expansion, nested expansion, unset and null distinctions, and quoted field behavior.	open	missing:tag_18_06_02.r020_q35_ring3_witness	Add an exact Q35 Ring 3 case for this assertion, then run the mutation falsifier before closing it.	Mutate the assertion or remove its witness; verification must reject tag_18_06_02.r020.
tag_18_06_02.r021	tag_18_06_02	21	parameterSet But Null	659e24a44a37c14b32fdaa08be1d686bb3e9d56803409dfdccbd047d7da67503	Implement parameter expansion operators, length expansion, nested expansion, unset and null distinctions, and quoted field behavior.	open	missing:tag_18_06_02.r021_q35_ring3_witness	Add an exact Q35 Ring 3 case for this assertion, then run the mutation falsifier before closing it.	Mutate the assertion or remove its witness; verification must reject tag_18_06_02.r021.
tag_18_06_02.r022	tag_18_06_02	22	parameterUnset	74c1dd87a8878999429ee9a9dc5db6b4df31be42c490be8fec4495d35ce81678	Implement parameter expansion operators, length expansion, nested expansion, unset and null distinctions, and quoted field behavior.	open	missing:tag_18_06_02.r022_q35_ring3_witness	Add an exact Q35 Ring 3 case for this assertion, then run the mutation falsifier before closing it.	Mutate the assertion or remove its witness; verification must reject tag_18_06_02.r022.
tag_18_06_02.r023	tag_18_06_02	23	${parameter:-word}	0cd48a94694f55e32034049f80184ed744f40613d2919c9009a5fc1fe1df7b8b	Implement parameter expansion operators, length expansion, nested expansion, unset and null distinctions, and quoted field behavior.	open	missing:tag_18_06_02.r023_q35_ring3_witness	Add an exact Q35 Ring 3 case for this assertion, then run the mutation falsifier before closing it.	Mutate the assertion or remove its witness; verification must reject tag_18_06_02.r023.
tag_18_06_02.r024	tag_18_06_02	24	substitute parameter	06baebf69309185e940da391ae55f1aff62aca5dc0e8447e0c18d44bb7d8877a	Implement parameter expansion operators, length expansion, nested expansion, unset and null distinctions, and quoted field behavior.	open	missing:tag_18_06_02.r024_q35_ring3_witness	Add an exact Q35 Ring 3 case for this assertion, then run the mutation falsifier before closing it.	Mutate the assertion or remove its witness; verification must reject tag_18_06_02.r024.
tag_18_06_02.r025	tag_18_06_02	25	substitute word	54169146ead49486d2ca7cd05db99b9cfa93413cfbd3be9403d0889c2a8aa221	Implement parameter expansion operators, length expansion, nested expansion, unset and null distinctions, and quoted field behavior.	open	missing:tag_18_06_02.r025_q35_ring3_witness	Add an exact Q35 Ring 3 case for this assertion, then run the mutation falsifier before closing it.	Mutate the assertion or remove its witness; verification must reject tag_18_06_02.r025.
tag_18_06_02.r026	tag_18_06_02	26	substitute word	54169146ead49486d2ca7cd05db99b9cfa93413cfbd3be9403d0889c2a8aa221	Implement parameter expansion operators, length expansion, nested expansion, unset and null distinctions, and quoted field behavior.	open	missing:tag_18_06_02.r026_q35_ring3_witness	Add an exact Q35 Ring 3 case for this assertion, then run the mutation falsifier before closing it.	Mutate the assertion or remove its witness; verification must reject tag_18_06_02.r026.
tag_18_06_02.r027	tag_18_06_02	27	${parameter-word}	497d5601ef890c935668b59cf774dd26d6ab90cd68cec22a34b18f9a273860ac	Implement parameter expansion operators, length expansion, nested expansion, unset and null distinctions, and quoted field behavior.	open	missing:tag_18_06_02.r027_q35_ring3_witness	Add an exact Q35 Ring 3 case for this assertion, then run the mutation falsifier before closing it.	Mutate the assertion or remove its witness; verification must reject tag_18_06_02.r027.
tag_18_06_02.r028	tag_18_06_02	28	substitute parameter	06baebf69309185e940da391ae55f1aff62aca5dc0e8447e0c18d44bb7d8877a	Implement parameter expansion operators, length expansion, nested expansion, unset and null distinctions, and quoted field behavior.	open	missing:tag_18_06_02.r028_q35_ring3_witness	Add an exact Q35 Ring 3 case for this assertion, then run the mutation falsifier before closing it.	Mutate the assertion or remove its witness; verification must reject tag_18_06_02.r028.
tag_18_06_02.r029	tag_18_06_02	29	substitute null	87420fbd106af61f5f8887c2eff648f67f1f26fa18948768ad55b8e18020b348	Implement parameter expansion operators, length expansion, nested expansion, unset and null distinctions, and quoted field behavior.	open	missing:tag_18_06_02.r029_q35_ring3_witness	Add an exact Q35 Ring 3 case for this assertion, then run the mutation falsifier before closing it.	Mutate the assertion or remove its witness; verification must reject tag_18_06_02.r029.
tag_18_06_02.r030	tag_18_06_02	30	substitute word	54169146ead49486d2ca7cd05db99b9cfa93413cfbd3be9403d0889c2a8aa221	Implement parameter expansion operators, length expansion, nested expansion, unset and null distinctions, and quoted field behavior.	open	missing:tag_18_06_02.r030_q35_ring3_witness	Add an exact Q35 Ring 3 case for this assertion, then run the mutation falsifier before closing it.	Mutate the assertion or remove its witness; verification must reject tag_18_06_02.r030.
tag_18_06_02.r031	tag_18_06_02	31	${parameter:=word}	66263951243fc7dd25902c1debdad457a1cdb969599fc2081f0439093d72a4bb	Implement parameter expansion operators, length expansion, nested expansion, unset and null distinctions, and quoted field behavior.	open	missing:tag_18_06_02.r031_q35_ring3_witness	Add an exact Q35 Ring 3 case for this assertion, then run the mutation falsifier before closing it.	Mutate the assertion or remove its witness; verification must reject tag_18_06_02.r031.
tag_18_06_02.r032	tag_18_06_02	32	substitute parameter	06baebf69309185e940da391ae55f1aff62aca5dc0e8447e0c18d44bb7d8877a	Implement parameter expansion operators, length expansion, nested expansion, unset and null distinctions, and quoted field behavior.	open	missing:tag_18_06_02.r032_q35_ring3_witness	Add an exact Q35 Ring 3 case for this assertion, then run the mutation falsifier before closing it.	Mutate the assertion or remove its witness; verification must reject tag_18_06_02.r032.
tag_18_06_02.r033	tag_18_06_02	33	assign word	6c592b3321c3ec2ff614bee2b0216240ac4495afffe212b2d13c5c5533cad93b	Implement parameter expansion operators, length expansion, nested expansion, unset and null distinctions, and quoted field behavior.	open	missing:tag_18_06_02.r033_q35_ring3_witness	Add an exact Q35 Ring 3 case for this assertion, then run the mutation falsifier before closing it.	Mutate the assertion or remove its witness; verification must reject tag_18_06_02.r033.
tag_18_06_02.r034	tag_18_06_02	34	assign word	6c592b3321c3ec2ff614bee2b0216240ac4495afffe212b2d13c5c5533cad93b	Implement parameter expansion operators, length expansion, nested expansion, unset and null distinctions, and quoted field behavior.	open	missing:tag_18_06_02.r034_q35_ring3_witness	Add an exact Q35 Ring 3 case for this assertion, then run the mutation falsifier before closing it.	Mutate the assertion or remove its witness; verification must reject tag_18_06_02.r034.
tag_18_06_02.r035	tag_18_06_02	35	${parameter=word}	eece4ddfe76efd2d02382578558a1b85a4108531b0255a1479243ab5641f8fc9	Implement parameter expansion operators, length expansion, nested expansion, unset and null distinctions, and quoted field behavior.	open	missing:tag_18_06_02.r035_q35_ring3_witness	Add an exact Q35 Ring 3 case for this assertion, then run the mutation falsifier before closing it.	Mutate the assertion or remove its witness; verification must reject tag_18_06_02.r035.
tag_18_06_02.r036	tag_18_06_02	36	substitute parameter	06baebf69309185e940da391ae55f1aff62aca5dc0e8447e0c18d44bb7d8877a	Implement parameter expansion operators, length expansion, nested expansion, unset and null distinctions, and quoted field behavior.	open	missing:tag_18_06_02.r036_q35_ring3_witness	Add an exact Q35 Ring 3 case for this assertion, then run the mutation falsifier before closing it.	Mutate the assertion or remove its witness; verification must reject tag_18_06_02.r036.
tag_18_06_02.r037	tag_18_06_02	37	substitute null	87420fbd106af61f5f8887c2eff648f67f1f26fa18948768ad55b8e18020b348	Implement parameter expansion operators, length expansion, nested expansion, unset and null distinctions, and quoted field behavior.	open	missing:tag_18_06_02.r037_q35_ring3_witness	Add an exact Q35 Ring 3 case for this assertion, then run the mutation falsifier before closing it.	Mutate the assertion or remove its witness; verification must reject tag_18_06_02.r037.
tag_18_06_02.r038	tag_18_06_02	38	assign word	6c592b3321c3ec2ff614bee2b0216240ac4495afffe212b2d13c5c5533cad93b	Implement parameter expansion operators, length expansion, nested expansion, unset and null distinctions, and quoted field behavior.	open	missing:tag_18_06_02.r038_q35_ring3_witness	Add an exact Q35 Ring 3 case for this assertion, then run the mutation falsifier before closing it.	Mutate the assertion or remove its witness; verification must reject tag_18_06_02.r038.
tag_18_06_02.r039	tag_18_06_02	39	${parameter:?word}	164664104fdbbaafccd1914f095c724bdafae651cb0ea37e2f8356e5af366a20	Implement parameter expansion operators, length expansion, nested expansion, unset and null distinctions, and quoted field behavior.	open	missing:tag_18_06_02.r039_q35_ring3_witness	Add an exact Q35 Ring 3 case for this assertion, then run the mutation falsifier before closing it.	Mutate the assertion or remove its witness; verification must reject tag_18_06_02.r039.
tag_18_06_02.r040	tag_18_06_02	40	substitute parameter	06baebf69309185e940da391ae55f1aff62aca5dc0e8447e0c18d44bb7d8877a	Implement parameter expansion operators, length expansion, nested expansion, unset and null distinctions, and quoted field behavior.	open	missing:tag_18_06_02.r040_q35_ring3_witness	Add an exact Q35 Ring 3 case for this assertion, then run the mutation falsifier before closing it.	Mutate the assertion or remove its witness; verification must reject tag_18_06_02.r040.
tag_18_06_02.r041	tag_18_06_02	41	error, exit	eb38981cadac59d7f59184731b4e98836223fe38b649a27357cd4418c3333cde	Implement parameter expansion operators, length expansion, nested expansion, unset and null distinctions, and quoted field behavior.	open	missing:tag_18_06_02.r041_q35_ring3_witness	Add an exact Q35 Ring 3 case for this assertion, then run the mutation falsifier before closing it.	Mutate the assertion or remove its witness; verification must reject tag_18_06_02.r041.
tag_18_06_02.r042	tag_18_06_02	42	error, exit	eb38981cadac59d7f59184731b4e98836223fe38b649a27357cd4418c3333cde	Implement parameter expansion operators, length expansion, nested expansion, unset and null distinctions, and quoted field behavior.	open	missing:tag_18_06_02.r042_q35_ring3_witness	Add an exact Q35 Ring 3 case for this assertion, then run the mutation falsifier before closing it.	Mutate the assertion or remove its witness; verification must reject tag_18_06_02.r042.
tag_18_06_02.r043	tag_18_06_02	43	${parameter?word}	913a82b068e2ef79d41263a6d9294d463cd92b7d85123ebd09384e7b00154ad1	Implement parameter expansion operators, length expansion, nested expansion, unset and null distinctions, and quoted field behavior.	open	missing:tag_18_06_02.r043_q35_ring3_witness	Add an exact Q35 Ring 3 case for this assertion, then run the mutation falsifier before closing it.	Mutate the assertion or remove its witness; verification must reject tag_18_06_02.r043.
tag_18_06_02.r044	tag_18_06_02	44	substitute parameter	06baebf69309185e940da391ae55f1aff62aca5dc0e8447e0c18d44bb7d8877a	Implement parameter expansion operators, length expansion, nested expansion, unset and null distinctions, and quoted field behavior.	open	missing:tag_18_06_02.r044_q35_ring3_witness	Add an exact Q35 Ring 3 case for this assertion, then run the mutation falsifier before closing it.	Mutate the assertion or remove its witness; verification must reject tag_18_06_02.r044.
tag_18_06_02.r045	tag_18_06_02	45	substitute null	87420fbd106af61f5f8887c2eff648f67f1f26fa18948768ad55b8e18020b348	Implement parameter expansion operators, length expansion, nested expansion, unset and null distinctions, and quoted field behavior.	open	missing:tag_18_06_02.r045_q35_ring3_witness	Add an exact Q35 Ring 3 case for this assertion, then run the mutation falsifier before closing it.	Mutate the assertion or remove its witness; verification must reject tag_18_06_02.r045.
tag_18_06_02.r046	tag_18_06_02	46	error, exit	eb38981cadac59d7f59184731b4e98836223fe38b649a27357cd4418c3333cde	Implement parameter expansion operators, length expansion, nested expansion, unset and null distinctions, and quoted field behavior.	open	missing:tag_18_06_02.r046_q35_ring3_witness	Add an exact Q35 Ring 3 case for this assertion, then run the mutation falsifier before closing it.	Mutate the assertion or remove its witness; verification must reject tag_18_06_02.r046.
tag_18_06_02.r047	tag_18_06_02	47	${parameter:+word}	c46743ad5f35a64a602765be57ae052f678790f578f169939e3dfc39ea281d40	Implement parameter expansion operators, length expansion, nested expansion, unset and null distinctions, and quoted field behavior.	open	missing:tag_18_06_02.r047_q35_ring3_witness	Add an exact Q35 Ring 3 case for this assertion, then run the mutation falsifier before closing it.	Mutate the assertion or remove its witness; verification must reject tag_18_06_02.r047.
tag_18_06_02.r048	tag_18_06_02	48	substitute word	54169146ead49486d2ca7cd05db99b9cfa93413cfbd3be9403d0889c2a8aa221	Implement parameter expansion operators, length expansion, nested expansion, unset and null distinctions, and quoted field behavior.	open	missing:tag_18_06_02.r048_q35_ring3_witness	Add an exact Q35 Ring 3 case for this assertion, then run the mutation falsifier before closing it.	Mutate the assertion or remove its witness; verification must reject tag_18_06_02.r048.
tag_18_06_02.r049	tag_18_06_02	49	substitute null	87420fbd106af61f5f8887c2eff648f67f1f26fa18948768ad55b8e18020b348	Implement parameter expansion operators, length expansion, nested expansion, unset and null distinctions, and quoted field behavior.	open	missing:tag_18_06_02.r049_q35_ring3_witness	Add an exact Q35 Ring 3 case for this assertion, then run the mutation falsifier before closing it.	Mutate the assertion or remove its witness; verification must reject tag_18_06_02.r049.
tag_18_06_02.r050	tag_18_06_02	50	substitute null	87420fbd106af61f5f8887c2eff648f67f1f26fa18948768ad55b8e18020b348	Implement parameter expansion operators, length expansion, nested expansion, unset and null distinctions, and quoted field behavior.	open	missing:tag_18_06_02.r050_q35_ring3_witness	Add an exact Q35 Ring 3 case for this assertion, then run the mutation falsifier before closing it.	Mutate the assertion or remove its witness; verification must reject tag_18_06_02.r050.
tag_18_06_02.r051	tag_18_06_02	51	${parameter+word}	14aaecb002c1fbb1cce12df1d220693a4aed564e4f3af5b075ac32b42496b5c6	Implement parameter expansion operators, length expansion, nested expansion, unset and null distinctions, and quoted field behavior.	open	missing:tag_18_06_02.r051_q35_ring3_witness	Add an exact Q35 Ring 3 case for this assertion, then run the mutation falsifier before closing it.	Mutate the assertion or remove its witness; verification must reject tag_18_06_02.r051.
tag_18_06_02.r052	tag_18_06_02	52	substitute word	54169146ead49486d2ca7cd05db99b9cfa93413cfbd3be9403d0889c2a8aa221	Implement parameter expansion operators, length expansion, nested expansion, unset and null distinctions, and quoted field behavior.	open	missing:tag_18_06_02.r052_q35_ring3_witness	Add an exact Q35 Ring 3 case for this assertion, then run the mutation falsifier before closing it.	Mutate the assertion or remove its witness; verification must reject tag_18_06_02.r052.
tag_18_06_02.r053	tag_18_06_02	53	substitute word	54169146ead49486d2ca7cd05db99b9cfa93413cfbd3be9403d0889c2a8aa221	Implement parameter expansion operators, length expansion, nested expansion, unset and null distinctions, and quoted field behavior.	open	missing:tag_18_06_02.r053_q35_ring3_witness	Add an exact Q35 Ring 3 case for this assertion, then run the mutation falsifier before closing it.	Mutate the assertion or remove its witness; verification must reject tag_18_06_02.r053.
tag_18_06_02.r054	tag_18_06_02	54	substitute null	87420fbd106af61f5f8887c2eff648f67f1f26fa18948768ad55b8e18020b348	Implement parameter expansion operators, length expansion, nested expansion, unset and null distinctions, and quoted field behavior.	open	missing:tag_18_06_02.r054_q35_ring3_witness	Add an exact Q35 Ring 3 case for this assertion, then run the mutation falsifier before closing it.	Mutate the assertion or remove its witness; verification must reject tag_18_06_02.r054.
tag_18_06_02.r055	tag_18_06_02	55	In all cases shown with "substitute", the expression is replaced with the value shown. In all cases shown with "assign", parameter is assigned that value, which also replaces the expression.	9f112db5131373b27189615be62637816b27398105dda72a3a837436e3d7a091	Implement parameter expansion operators, length expansion, nested expansion, unset and null distinctions, and quoted field behavior.	open	missing:tag_18_06_02.r055_q35_ring3_witness	Add an exact Q35 Ring 3 case for this assertion, then run the mutation falsifier before closing it.	Mutate the assertion or remove its witness; verification must reject tag_18_06_02.r055.
tag_18_06_02.r056	tag_18_06_02	56	${#parameter}	ec7e93ad29ae69ec86cc201db34b51b04ac8138a8c2a6aa6d166f90fc9bf73e8	Implement parameter expansion operators, length expansion, nested expansion, unset and null distinctions, and quoted field behavior.	open	missing:tag_18_06_02.r056_q35_ring3_witness	Add an exact Q35 Ring 3 case for this assertion, then run the mutation falsifier before closing it.	Mutate the assertion or remove its witness; verification must reject tag_18_06_02.r056.
tag_18_06_02.r057	tag_18_06_02	57	String Length. The length in characters of the value of parameter shall be substituted. If parameter is '*' or '@', the result of the expansion is unspecified. If parameter is unset and set -u is in effect, the expansion shall fail.	bb6cde056910ba24b392a58df2ac3690261bd9e063eaba6442d42a28f7c861df	Implement parameter expansion operators, length expansion, nested expansion, unset and null distinctions, and quoted field behavior.	open	missing:tag_18_06_02.r057_q35_ring3_witness	Add an exact Q35 Ring 3 case for this assertion, then run the mutation falsifier before closing it.	Mutate the assertion or remove its witness; verification must reject tag_18_06_02.r057.
tag_18_06_02.r058	tag_18_06_02	58	The following four varieties of parameter expansion provide for substring processing. In each case, pattern matching notation (see Pattern Matching Notation), rather than regular expression notation, shall be used to evaluate the patterns. If parameter is '#', '*', or '@', the result of the expansion is unspecified. If parameter is unset and set -u is in effect, the expansion shall fail. Enclosing the full parameter expansion string in double-quotes shall not cause the following four varieties of pattern characters to be quoted, whereas quoting characters within the braces shall have this effect. In each variety, if word is omitted, the empty pattern shall be used.	3119003a0c054442457a6375b0b4338fcd89b9a3994cd85f6d0aa5ab06e2f62c	Implement parameter expansion operators, length expansion, nested expansion, unset and null distinctions, and quoted field behavior.	open	missing:tag_18_06_02.r058_q35_ring3_witness	Add an exact Q35 Ring 3 case for this assertion, then run the mutation falsifier before closing it.	Mutate the assertion or remove its witness; verification must reject tag_18_06_02.r058.
tag_18_06_02.r059	tag_18_06_02	59	${parameter%[word]}	d913fe7da0a9bc0cfa81a153301c38de38ae516ac478f454c860ba72b15103a4	Implement parameter expansion operators, length expansion, nested expansion, unset and null distinctions, and quoted field behavior.	open	missing:tag_18_06_02.r059_q35_ring3_witness	Add an exact Q35 Ring 3 case for this assertion, then run the mutation falsifier before closing it.	Mutate the assertion or remove its witness; verification must reject tag_18_06_02.r059.
tag_18_06_02.r060	tag_18_06_02	60	Remove Smallest Suffix Pattern. The word shall be expanded to produce a pattern. The parameter expansion shall then result in parameter, with the smallest portion of the suffix matched by the pattern deleted. If present, word shall not begin with an unquoted '%'.	eaa5ebadcb085ff09648707545b9ebe287d420f926b9ffb0e4df14b655d0f06b	Implement parameter expansion operators, length expansion, nested expansion, unset and null distinctions, and quoted field behavior.	open	missing:tag_18_06_02.r060_q35_ring3_witness	Add an exact Q35 Ring 3 case for this assertion, then run the mutation falsifier before closing it.	Mutate the assertion or remove its witness; verification must reject tag_18_06_02.r060.
tag_18_06_02.r061	tag_18_06_02	61	${parameter%%[word]}	1afa5a4efc5a0af8e35fded54c3099846c3ac2778892949961ac504c5e18ca78	Implement parameter expansion operators, length expansion, nested expansion, unset and null distinctions, and quoted field behavior.	open	missing:tag_18_06_02.r061_q35_ring3_witness	Add an exact Q35 Ring 3 case for this assertion, then run the mutation falsifier before closing it.	Mutate the assertion or remove its witness; verification must reject tag_18_06_02.r061.
tag_18_06_02.r062	tag_18_06_02	62	Remove Largest Suffix Pattern. The word shall be expanded to produce a pattern. The parameter expansion shall then result in parameter, with the largest portion of the suffix matched by the pattern deleted.	264dd0cbd02c2e3e5e4bcb6e884ac24d0c56604d02d23f7625c0b043a7b017d2	Implement parameter expansion operators, length expansion, nested expansion, unset and null distinctions, and quoted field behavior.	open	missing:tag_18_06_02.r062_q35_ring3_witness	Add an exact Q35 Ring 3 case for this assertion, then run the mutation falsifier before closing it.	Mutate the assertion or remove its witness; verification must reject tag_18_06_02.r062.
tag_18_06_02.r063	tag_18_06_02	63	${parameter#[word]}	8f995f79e8974fbfa2294af438799f6fb1407fe2224a3058d36c8d8c53f1dced	Implement parameter expansion operators, length expansion, nested expansion, unset and null distinctions, and quoted field behavior.	open	missing:tag_18_06_02.r063_q35_ring3_witness	Add an exact Q35 Ring 3 case for this assertion, then run the mutation falsifier before closing it.	Mutate the assertion or remove its witness; verification must reject tag_18_06_02.r063.
tag_18_06_02.r064	tag_18_06_02	64	Remove Smallest Prefix Pattern. The word shall be expanded to produce a pattern. The parameter expansion shall then result in parameter, with the smallest portion of the prefix matched by the pattern deleted. If present, word shall not begin with an unquoted '#'.	4e98419f5aebf8e4e1f5d85bcf66d2f0a4e32e9eea98f236b8edf32fac30e75f	Implement parameter expansion operators, length expansion, nested expansion, unset and null distinctions, and quoted field behavior.	open	missing:tag_18_06_02.r064_q35_ring3_witness	Add an exact Q35 Ring 3 case for this assertion, then run the mutation falsifier before closing it.	Mutate the assertion or remove its witness; verification must reject tag_18_06_02.r064.
tag_18_06_02.r065	tag_18_06_02	65	${parameter##[word]}	4233f2573ce428b9b2eff61741edce881bd0ed0b3cd34e2824af4fc1e82aeecc	Implement parameter expansion operators, length expansion, nested expansion, unset and null distinctions, and quoted field behavior.	open	missing:tag_18_06_02.r065_q35_ring3_witness	Add an exact Q35 Ring 3 case for this assertion, then run the mutation falsifier before closing it.	Mutate the assertion or remove its witness; verification must reject tag_18_06_02.r065.
tag_18_06_02.r066	tag_18_06_02	66	Remove Largest Prefix Pattern. The word shall be expanded to produce a pattern. The parameter expansion shall then result in parameter, with the largest portion of the prefix matched by the pattern deleted.	2e4e463553f0cdd45d77ef3af26c1a7e37bf61a32e064dbdfee6ff40afe75a23	Implement parameter expansion operators, length expansion, nested expansion, unset and null distinctions, and quoted field behavior.	open	missing:tag_18_06_02.r066_q35_ring3_witness	Add an exact Q35 Ring 3 case for this assertion, then run the mutation falsifier before closing it.	Mutate the assertion or remove its witness; verification must reject tag_18_06_02.r066.
tag_18_06_03.r001	tag_18_06_03	1	Command substitution allows the output of a command to be substituted in place of the command name itself. Command substitution shall occur when the command is enclosed as follows:	80974382e053c0a866d457591e560a1a7d5df6b72142dd3a18e8e092424ff1b7	Implement command substitution with nested parsing, trailing-newline removal, status propagation, and quoted or unquoted field behavior.	open	missing:tag_18_06_03.r001_q35_ring3_witness	Add an exact Q35 Ring 3 case for this assertion, then run the mutation falsifier before closing it.	Mutate the assertion or remove its witness; verification must reject tag_18_06_03.r001.
tag_18_06_03.r002	tag_18_06_03	2	or (backquoted version):	8604a466697957c0f4f1a2c734b3927f38975d0530e64b218ec7b434d4302693	Implement command substitution with nested parsing, trailing-newline removal, status propagation, and quoted or unquoted field behavior.	open	missing:tag_18_06_03.r002_q35_ring3_witness	Add an exact Q35 Ring 3 case for this assertion, then run the mutation falsifier before closing it.	Mutate the assertion or remove its witness; verification must reject tag_18_06_03.r002.
tag_18_06_03.r003	tag_18_06_03	3	The shell shall expand the command substitution by executing command in a subshell environment (see Shell Execution Environment) and replacing the command substitution (the text of command plus the enclosing "$()" or backquotes) with the standard output of the command, removing sequences of one or more <newline> characters at the end of the substitution. Embedded <newline> characters before the end of the output shall not be removed; however, they may be treated as field delimiters and eliminated during field splitting, depending on the value of IFS and quoting that is in effect. If the output contains any null bytes, the behavior is unspecified.	0781176d2366cff307a5b9e8224d1a8b040e9f71511b1d0fbd814d1d00ec4ca9	Implement command substitution with nested parsing, trailing-newline removal, status propagation, and quoted or unquoted field behavior.	open	missing:tag_18_06_03.r003_q35_ring3_witness	Add an exact Q35 Ring 3 case for this assertion, then run the mutation falsifier before closing it.	Mutate the assertion or remove its witness; verification must reject tag_18_06_03.r003.
tag_18_06_03.r004	tag_18_06_03	4	Within the backquoted style of command substitution, <backslash> shall retain its literal meaning, except when followed by: '$', '`', or <backslash>. The search for the matching backquote shall be satisfied by the first unquoted non-escaped backquote; during this search, if a non-escaped backquote is encountered within a shell comment, a here-document, an embedded command substitution of the $(command) form, or a quoted string, undefined results occur. A single-quoted or double-quoted string that begins, but does not end, within the "`...`" sequence produces undefined results.	d981063c5365b883b1b3e8e20b3df71b72bcf9f94c0bcd13cad20f505956e57c	Implement command substitution with nested parsing, trailing-newline removal, status propagation, and quoted or unquoted field behavior.	open	missing:tag_18_06_03.r004_q35_ring3_witness	Add an exact Q35 Ring 3 case for this assertion, then run the mutation falsifier before closing it.	Mutate the assertion or remove its witness; verification must reject tag_18_06_03.r004.
tag_18_06_03.r005	tag_18_06_03	5	With the $(command) form, all characters following the open parenthesis to the matching closing parenthesis constitute the command. Any valid shell script can be used for command, except a script consisting solely of redirections which produces unspecified results.	bb92a6684dc0bd9f34085f456b0e0d36556148ff9c96b20ee28a0056b2794695	Implement command substitution with nested parsing, trailing-newline removal, status propagation, and quoted or unquoted field behavior.	open	missing:tag_18_06_03.r005_q35_ring3_witness	Add an exact Q35 Ring 3 case for this assertion, then run the mutation falsifier before closing it.	Mutate the assertion or remove its witness; verification must reject tag_18_06_03.r005.
tag_18_06_03.r006	tag_18_06_03	6	The results of command substitution shall not be processed for further tilde expansion, parameter expansion, command substitution, or arithmetic expansion. If a command substitution occurs inside double-quotes, field splitting and pathname expansion shall not be performed on the results of the substitution.	2d9af714ef4398badf6f0a4783ed1f797732526a8ce2a5a420f92c085e1e4337	Implement command substitution with nested parsing, trailing-newline removal, status propagation, and quoted or unquoted field behavior.	open	missing:tag_18_06_03.r006_q35_ring3_witness	Add an exact Q35 Ring 3 case for this assertion, then run the mutation falsifier before closing it.	Mutate the assertion or remove its witness; verification must reject tag_18_06_03.r006.
tag_18_06_03.r007	tag_18_06_03	7	Command substitution can be nested. To specify nesting within the backquoted version, the application shall precede the inner backquotes with <backslash> characters; for example:	f17d00436cf00707354ba0302a9a0ed21b7dd90349899411454a61eb4a8a6b85	Implement command substitution with nested parsing, trailing-newline removal, status propagation, and quoted or unquoted field behavior.	open	missing:tag_18_06_03.r007_q35_ring3_witness	Add an exact Q35 Ring 3 case for this assertion, then run the mutation falsifier before closing it.	Mutate the assertion or remove its witness; verification must reject tag_18_06_03.r007.
tag_18_06_03.r008	tag_18_06_03	8	The syntax of the shell command language has an ambiguity for expansions beginning with "$((", which can introduce an arithmetic expansion or a command substitution that starts with a subshell. Arithmetic expansion has precedence; that is, the shell shall first determine whether it can parse the expansion as an arithmetic expansion and shall only parse the expansion as a command substitution if it determines that it cannot parse the expansion as an arithmetic expansion. The shell need not evaluate nested expansions when performing this determination. If it encounters the end of input without already having determined that it cannot parse the expansion as an arithmetic expansion, the shell shall treat the expansion as an incomplete arithmetic expansion and report a syntax error. A conforming application shall ensure that it separates the "$(" and '(' into two tokens (that is, separate them with white space) in a command substitution that starts with a subshell. For example, a command substitution containing a single subshell could be written as:	77d4194ba1904c78c886d493e90aa792066208b15ac2c870d2939f13e7568aef	Implement command substitution with nested parsing, trailing-newline removal, status propagation, and quoted or unquoted field behavior.	open	missing:tag_18_06_03.r008_q35_ring3_witness	Add an exact Q35 Ring 3 case for this assertion, then run the mutation falsifier before closing it.	Mutate the assertion or remove its witness; verification must reject tag_18_06_03.r008.
tag_18_06_04.r001	tag_18_06_04	1	Arithmetic expansion provides a mechanism for evaluating an arithmetic expression and substituting its value. The format for arithmetic expansion shall be as follows:	c3d8b4121bb4bda9c9d332ca27b495b877298a16a8136da82a61c1436ea0add8	Implement arithmetic expansion with shell parameter lookup, integer evaluation, nesting, errors, and expansion ordering.	open	missing:tag_18_06_04.r001_q35_ring3_witness	Add an exact Q35 Ring 3 case for this assertion, then run the mutation falsifier before closing it.	Mutate the assertion or remove its witness; verification must reject tag_18_06_04.r001.
tag_18_06_04.r002	tag_18_06_04	2	The expression shall be treated as if it were in double-quotes, except that a double-quote inside the expression is not treated specially. The shell shall expand all tokens in the expression for parameter expansion, command substitution, and quote removal.	7c0eb879539d1a6d364bf37235592727a339250501e255c9e68dc3baad0f6fe0	Implement arithmetic expansion with shell parameter lookup, integer evaluation, nesting, errors, and expansion ordering.	open	missing:tag_18_06_04.r002_q35_ring3_witness	Add an exact Q35 Ring 3 case for this assertion, then run the mutation falsifier before closing it.	Mutate the assertion or remove its witness; verification must reject tag_18_06_04.r002.
tag_18_06_04.r003	tag_18_06_04	3	Next, the shell shall treat this as an arithmetic expression and substitute the value of the expression. The arithmetic expression shall be processed according to the rules given in Arithmetic Precision and Operations, with the following exceptions:	876748c682c5e6020856955867e473deb933abe6f0afad3ee708ccf72ae84e53	Implement arithmetic expansion with shell parameter lookup, integer evaluation, nesting, errors, and expansion ordering.	open	missing:tag_18_06_04.r003_q35_ring3_witness	Add an exact Q35 Ring 3 case for this assertion, then run the mutation falsifier before closing it.	Mutate the assertion or remove its witness; verification must reject tag_18_06_04.r003.
tag_18_06_04.r004	tag_18_06_04	4	Only signed long integer arithmetic is required.	3273fa45ef957763b1daa45776dad474d039fa0a774834d9cb0e2b934f810c7e	Implement arithmetic expansion with shell parameter lookup, integer evaluation, nesting, errors, and expansion ordering.	open	missing:tag_18_06_04.r004_q35_ring3_witness	Add an exact Q35 Ring 3 case for this assertion, then run the mutation falsifier before closing it.	Mutate the assertion or remove its witness; verification must reject tag_18_06_04.r004.
tag_18_06_04.r005	tag_18_06_04	5	Only the decimal-constant, octal-constant, and hexadecimal-constant constants specified in the ISO C standard, Section 6.4.4.1 are required to be recognized as constants.	af97ebabe07a5040ea0bfac4d43289e153388b967ad2c8431d78589029ed86bb	Implement arithmetic expansion with shell parameter lookup, integer evaluation, nesting, errors, and expansion ordering.	open	missing:tag_18_06_04.r005_q35_ring3_witness	Add an exact Q35 Ring 3 case for this assertion, then run the mutation falsifier before closing it.	Mutate the assertion or remove its witness; verification must reject tag_18_06_04.r005.
tag_18_06_04.r006	tag_18_06_04	6	The sizeof() operator and the prefix and postfix "++" and "--" operators are not required.	e5978464356c19d35b5060c47e975643e8b9a47acf69b248bc7454a09bcbb525	Implement arithmetic expansion with shell parameter lookup, integer evaluation, nesting, errors, and expansion ordering.	open	missing:tag_18_06_04.r006_q35_ring3_witness	Add an exact Q35 Ring 3 case for this assertion, then run the mutation falsifier before closing it.	Mutate the assertion or remove its witness; verification must reject tag_18_06_04.r006.
tag_18_06_04.r007	tag_18_06_04	7	Selection, iteration, and jump statements are not supported.	73e9a40570b6e5d501ee64d4bc10d61b9280378ec4396500af4852bc3dbd3d9f	Implement arithmetic expansion with shell parameter lookup, integer evaluation, nesting, errors, and expansion ordering.	open	missing:tag_18_06_04.r007_q35_ring3_witness	Add an exact Q35 Ring 3 case for this assertion, then run the mutation falsifier before closing it.	Mutate the assertion or remove its witness; verification must reject tag_18_06_04.r007.
tag_18_06_04.r008	tag_18_06_04	8	All changes to variables in an arithmetic expression shall be in effect after the arithmetic expansion, as in the parameter expansion "${x=value}".	4453e449b088a1b0e05269437d98ed4bdc0f4e42546871b6b325673da0dd6488	Implement arithmetic expansion with shell parameter lookup, integer evaluation, nesting, errors, and expansion ordering.	open	missing:tag_18_06_04.r008_q35_ring3_witness	Add an exact Q35 Ring 3 case for this assertion, then run the mutation falsifier before closing it.	Mutate the assertion or remove its witness; verification must reject tag_18_06_04.r008.
tag_18_06_04.r009	tag_18_06_04	9	If the shell variable x contains a value that forms a valid integer constant, optionally including a leading <plus-sign> or <hyphen-minus>, then the arithmetic expansions "$((x))" and "$(($x))" shall return the same value.	13d9abb8bbe11d78c0e2f7df526652386f8fbf313f9c17dac11a4695b7c24981	Implement arithmetic expansion with shell parameter lookup, integer evaluation, nesting, errors, and expansion ordering.	open	missing:tag_18_06_04.r009_q35_ring3_witness	Add an exact Q35 Ring 3 case for this assertion, then run the mutation falsifier before closing it.	Mutate the assertion or remove its witness; verification must reject tag_18_06_04.r009.
tag_18_06_04.r010	tag_18_06_04	10	As an extension, the shell may recognize arithmetic expressions beyond those listed. The shell may use a signed integer type with a rank larger than the rank of signed long. The shell may use a real-floating type instead of signed long as long as it does not affect the results in cases where there is no overflow. If the expression is invalid, or the contents of a shell variable used in the expression are not recognized by the shell, the expansion fails and the shell shall write a diagnostic message to standard error indicating the failure.	32b8060c96ffc6a5c6bcb6408418ba974747d4b37d50e9f7dce0b3d1c1f4cc73	Implement arithmetic expansion with shell parameter lookup, integer evaluation, nesting, errors, and expansion ordering.	open	missing:tag_18_06_04.r010_q35_ring3_witness	Add an exact Q35 Ring 3 case for this assertion, then run the mutation falsifier before closing it.	Mutate the assertion or remove its witness; verification must reject tag_18_06_04.r010.
tag_18_06_07.r001	tag_18_06_07	1	The quote characters ( <backslash>, single-quote, and double-quote) that were present in the original word shall be removed unless they have themselves been quoted.	0b203f58dd7b522ef7ff65280db724c156d7d10251161a223893a025471cf37e	Remove only syntactic quoting characters after all required expansions while preserving literal data and field cardinality.	open	missing:tag_18_06_07.r001_q35_ring3_witness	Add an exact Q35 Ring 3 case for this assertion, then run the mutation falsifier before closing it.	Mutate the assertion or remove its witness; verification must reject tag_18_06_07.r001.
tag_18_07.r001	tag_18_07	1	Redirection is used to open and close files for the current shell execution environment (see Shell Execution Environment) or for any command. Redirection operators can be used with numbers representing file descriptors (see XBD File Descriptor) as described below.	2c77947d770ee5155e6f5a3a1450a033d85fcd7a06c2c5d44199cdb5289da97e	Apply redirections in lexical order with expansion, descriptor lifetime, error, and command-execution semantics defined by the standard.	open	missing:tag_18_07.r001_q35_ring3_witness	Add an exact Q35 Ring 3 case for this assertion, then run the mutation falsifier before closing it.	Mutate the assertion or remove its witness; verification must reject tag_18_07.r001.
tag_18_07.r002	tag_18_07	2	The overall format used for redirection is:	52fb6e94e504731169ebcdbb850736cdb8862395d361814f8af6098b4d4c09aa	Apply redirections in lexical order with expansion, descriptor lifetime, error, and command-execution semantics defined by the standard.	open	missing:tag_18_07.r002_q35_ring3_witness	Add an exact Q35 Ring 3 case for this assertion, then run the mutation falsifier before closing it.	Mutate the assertion or remove its witness; verification must reject tag_18_07.r002.
tag_18_07.r003	tag_18_07	3	The number n is an optional decimal number designating the file descriptor number; the application shall ensure it is delimited from any preceding text and immediately precede the redirection operator redir-op. If n is quoted, the number shall not be recognized as part of the redirection expression. For example:	93738e3133119d4a2eefaf0e6196c2f25a782e5f45b1facc34613948e27ef212	Apply redirections in lexical order with expansion, descriptor lifetime, error, and command-execution semantics defined by the standard.	open	missing:tag_18_07.r003_q35_ring3_witness	Add an exact Q35 Ring 3 case for this assertion, then run the mutation falsifier before closing it.	Mutate the assertion or remove its witness; verification must reject tag_18_07.r003.
tag_18_07.r004	tag_18_07	4	writes the character 2 into file a. If any part of redir-op is quoted, no redirection expression is recognized. For example:	3476746e979cb7d52ee2e6e6dd584be19effdf1ab83cd705d5ce328efd92669a	Apply redirections in lexical order with expansion, descriptor lifetime, error, and command-execution semantics defined by the standard.	open	missing:tag_18_07.r004_q35_ring3_witness	Add an exact Q35 Ring 3 case for this assertion, then run the mutation falsifier before closing it.	Mutate the assertion or remove its witness; verification must reject tag_18_07.r004.
tag_18_07.r005	tag_18_07	5	writes the characters 2>a to standard output. The optional number, redirection operator, and word shall not appear in the arguments provided to the command to be executed (if any).	c1e1cb3b598af0a4d68b135a6f6dd3312432769ef6d15da93879674daf685db7	Apply redirections in lexical order with expansion, descriptor lifetime, error, and command-execution semantics defined by the standard.	open	missing:tag_18_07.r005_q35_ring3_witness	Add an exact Q35 Ring 3 case for this assertion, then run the mutation falsifier before closing it.	Mutate the assertion or remove its witness; verification must reject tag_18_07.r005.
tag_18_07.r006	tag_18_07	6	Open files are represented by decimal numbers starting with zero. The largest possible value is implementation-defined; however, all implementations shall support at least 0 to 9, inclusive, for use by the application. These numbers are called "file descriptors". The values 0, 1, and 2 have special meaning and conventional uses and are implied by certain redirection operations; they are referred to as standard input, standard output, and standard error, respectively. Programs usually take their input from standard input, and write output on standard output. Error messages are usually written on standard error. The redirection operators can be preceded by one or more digits (with no intervening <blank> characters allowed) to designate the file descriptor number.	abdfff678cca77ce26599cf8a5475c68eca66b2d4f8eaaddb68930491d9f6a8b	Apply redirections in lexical order with expansion, descriptor lifetime, error, and command-execution semantics defined by the standard.	open	missing:tag_18_07.r006_q35_ring3_witness	Add an exact Q35 Ring 3 case for this assertion, then run the mutation falsifier before closing it.	Mutate the assertion or remove its witness; verification must reject tag_18_07.r006.
tag_18_07.r007	tag_18_07	7	If the redirection operator is "<<" or "<<-", the word that follows the redirection operator shall be subjected to quote removal; it is unspecified whether any of the other expansions occur. For the other redirection operators, the word that follows the redirection operator shall be subjected to tilde expansion, parameter expansion, command substitution, arithmetic expansion, and quote removal. Pathname expansion shall not be performed on the word by a non-interactive shell; an interactive shell may perform it, but shall do so only when the expansion would result in one word.	7cf94118239c73ca68e3bbe7514bd6c1a7cb07c099d9ff7ea0feb7fb1daac55d	Apply redirections in lexical order with expansion, descriptor lifetime, error, and command-execution semantics defined by the standard.	open	missing:tag_18_07.r007_q35_ring3_witness	Add an exact Q35 Ring 3 case for this assertion, then run the mutation falsifier before closing it.	Mutate the assertion or remove its witness; verification must reject tag_18_07.r007.
tag_18_07.r008	tag_18_07	8	If more than one redirection operator is specified with a command, the order of evaluation is from beginning to end.	00cfae12676712a94bc66ec7524b6350c71f33ceea940c3d5bf6fa34923865b4	Apply redirections in lexical order with expansion, descriptor lifetime, error, and command-execution semantics defined by the standard.	open	missing:tag_18_07.r008_q35_ring3_witness	Add an exact Q35 Ring 3 case for this assertion, then run the mutation falsifier before closing it.	Mutate the assertion or remove its witness; verification must reject tag_18_07.r008.
tag_18_07.r009	tag_18_07	9	A failure to open or create a file shall cause a redirection to fail.	4d78420b62248c08817a94ea9a5328e0cb022a01dfe93e91ea848f2f63b48b31	Apply redirections in lexical order with expansion, descriptor lifetime, error, and command-execution semantics defined by the standard.	open	missing:tag_18_07.r009_q35_ring3_witness	Add an exact Q35 Ring 3 case for this assertion, then run the mutation falsifier before closing it.	Mutate the assertion or remove its witness; verification must reject tag_18_07.r009.
tag_18_07.r010	tag_18_07	10	Input redirection shall cause the file whose name results from the expansion of word to be opened for reading on the designated file descriptor, or standard input if the file descriptor is not specified.	3ef4e1b03776aaa455460a9a9bafeee119cdd9727e864071e62f6a551aff6465	Apply redirections in lexical order with expansion, descriptor lifetime, error, and command-execution semantics defined by the standard.	open	missing:tag_18_07.r010_q35_ring3_witness	Add an exact Q35 Ring 3 case for this assertion, then run the mutation falsifier before closing it.	Mutate the assertion or remove its witness; verification must reject tag_18_07.r010.
tag_18_07.r011	tag_18_07	11	The general format for redirecting input is:	3cbc9b1fe40b5260b03deca85915efd84ad17fd981bbd814ecf10b34366e154e	Apply redirections in lexical order with expansion, descriptor lifetime, error, and command-execution semantics defined by the standard.	open	missing:tag_18_07.r011_q35_ring3_witness	Add an exact Q35 Ring 3 case for this assertion, then run the mutation falsifier before closing it.	Mutate the assertion or remove its witness; verification must reject tag_18_07.r011.
tag_18_07.r012	tag_18_07	12	where the optional n represents the file descriptor number. If the number is omitted, the redirection shall refer to standard input (file descriptor 0).	847aaae28dfbdef566dd0b3ff4911789a1fd24c499dac8a28628f8e9d4c525f9	Apply redirections in lexical order with expansion, descriptor lifetime, error, and command-execution semantics defined by the standard.	open	missing:tag_18_07.r012_q35_ring3_witness	Add an exact Q35 Ring 3 case for this assertion, then run the mutation falsifier before closing it.	Mutate the assertion or remove its witness; verification must reject tag_18_07.r012.
tag_18_07.r013	tag_18_07	13	The two general formats for redirecting output are:	b729516886454eb3704855d73a90dcd0f218615404b3908079476f4b0ba8d28a	Apply redirections in lexical order with expansion, descriptor lifetime, error, and command-execution semantics defined by the standard.	open	missing:tag_18_07.r013_q35_ring3_witness	Add an exact Q35 Ring 3 case for this assertion, then run the mutation falsifier before closing it.	Mutate the assertion or remove its witness; verification must reject tag_18_07.r013.
tag_18_07.r014	tag_18_07	14	where the optional n represents the file descriptor number. If the number is omitted, the redirection shall refer to standard output (file descriptor 1).	50a2f5f2b3c31170ed0cfd3ff5cea100628618fcfee5c65966bdbd2102e0578c	Apply redirections in lexical order with expansion, descriptor lifetime, error, and command-execution semantics defined by the standard.	open	missing:tag_18_07.r014_q35_ring3_witness	Add an exact Q35 Ring 3 case for this assertion, then run the mutation falsifier before closing it.	Mutate the assertion or remove its witness; verification must reject tag_18_07.r014.
tag_18_07.r015	tag_18_07	15	Output redirection using the '>' format shall fail if the noclobber option is set (see the description of set -C) and the file named by the expansion of word exists and is a regular file. Otherwise, redirection using the '>' or ">|" formats shall cause the file whose name results from the expansion of word to be created and opened for output on the designated file descriptor, or standard output if none is specified. If the file does not exist, it shall be created; otherwise, it shall be truncated to be an empty file after being opened.	c7966500d30a4ae86e2ec005be432e486ff3565642ff241280751ccc637fa979	Apply redirections in lexical order with expansion, descriptor lifetime, error, and command-execution semantics defined by the standard.	open	missing:tag_18_07.r015_q35_ring3_witness	Add an exact Q35 Ring 3 case for this assertion, then run the mutation falsifier before closing it.	Mutate the assertion or remove its witness; verification must reject tag_18_07.r015.
tag_18_07.r016	tag_18_07	16	Appended output redirection shall cause the file whose name results from the expansion of word to be opened for output on the designated file descriptor. The file is opened as if the open() function as defined in the System Interfaces volume of POSIX.1-2017 was called with the O_APPEND flag. If the file does not exist, it shall be created.	d9a42825640157f4cb5e69ff5c0a6acb4bd52dc99a8d229009a7ed94836d279f	Apply redirections in lexical order with expansion, descriptor lifetime, error, and command-execution semantics defined by the standard.	open	missing:tag_18_07.r016_q35_ring3_witness	Add an exact Q35 Ring 3 case for this assertion, then run the mutation falsifier before closing it.	Mutate the assertion or remove its witness; verification must reject tag_18_07.r016.
tag_18_07.r017	tag_18_07	17	The general format for appending redirected output is as follows:	1b95b797059cbf9ba6784645dac2f18d22588d149b64aea3403aba6b36eb03dc	Apply redirections in lexical order with expansion, descriptor lifetime, error, and command-execution semantics defined by the standard.	open	missing:tag_18_07.r017_q35_ring3_witness	Add an exact Q35 Ring 3 case for this assertion, then run the mutation falsifier before closing it.	Mutate the assertion or remove its witness; verification must reject tag_18_07.r017.
tag_18_07.r018	tag_18_07	18	where the optional n represents the file descriptor number. If the number is omitted, the redirection refers to standard output (file descriptor 1).	8024ddc57462fafea25bc101fcfc5a540be354b4fbf77ae26a63e82033378326	Apply redirections in lexical order with expansion, descriptor lifetime, error, and command-execution semantics defined by the standard.	open	missing:tag_18_07.r018_q35_ring3_witness	Add an exact Q35 Ring 3 case for this assertion, then run the mutation falsifier before closing it.	Mutate the assertion or remove its witness; verification must reject tag_18_07.r018.
tag_18_07.r019	tag_18_07	19	The redirection operators "<<" and "<<-" both allow redirection of subsequent lines read by the shell to the input of a command. The redirected lines are known as a "here-document".	6db95c17488ea31bf6515229f348211ce9fd4d949b24ba9e227362407a6aa3a7	Apply redirections in lexical order with expansion, descriptor lifetime, error, and command-execution semantics defined by the standard.	open	missing:tag_18_07.r019_q35_ring3_witness	Add an exact Q35 Ring 3 case for this assertion, then run the mutation falsifier before closing it.	Mutate the assertion or remove its witness; verification must reject tag_18_07.r019.
tag_18_07.r020	tag_18_07	20	The here-document shall be treated as a single word that begins after the next <newline> and continues until there is a line containing only the delimiter and a <newline>, with no <blank> characters in between. Then the next here-document starts, if there is one. The format is as follows:	37e48fbabe4c3d234f66406498c613dff3373dc3c8c3099b33588c2d10287c07	Apply redirections in lexical order with expansion, descriptor lifetime, error, and command-execution semantics defined by the standard.	open	missing:tag_18_07.r020_q35_ring3_witness	Add an exact Q35 Ring 3 case for this assertion, then run the mutation falsifier before closing it.	Mutate the assertion or remove its witness; verification must reject tag_18_07.r020.
tag_18_07.r021	tag_18_07	21	where the optional n represents the file descriptor number. If the number is omitted, the here-document refers to standard input (file descriptor 0). It is unspecified whether the file descriptor is opened as a regular file, a special file, or a pipe. Portable applications cannot rely on the file descriptor being seekable (see XSH lseek).	06b448b2eae66673462c9d8f8a9e95fef50dd032bcc0448a8f298d53f4ce55f0	Apply redirections in lexical order with expansion, descriptor lifetime, error, and command-execution semantics defined by the standard.	open	missing:tag_18_07.r021_q35_ring3_witness	Add an exact Q35 Ring 3 case for this assertion, then run the mutation falsifier before closing it.	Mutate the assertion or remove its witness; verification must reject tag_18_07.r021.
tag_18_07.r022	tag_18_07	22	If any part of word is quoted, the delimiter shall be formed by performing quote removal on word, and the here-document lines shall not be expanded. Otherwise, the delimiter shall be the word itself.	c7900c9c5d6b91d6eeca90a5a38b15987cdf0a2fe8dfc8c8415e811bb8e2cb1f	Apply redirections in lexical order with expansion, descriptor lifetime, error, and command-execution semantics defined by the standard.	open	missing:tag_18_07.r022_q35_ring3_witness	Add an exact Q35 Ring 3 case for this assertion, then run the mutation falsifier before closing it.	Mutate the assertion or remove its witness; verification must reject tag_18_07.r022.
tag_18_07.r023	tag_18_07	23	If no part of word is quoted, all lines of the here-document shall be expanded for parameter expansion, command substitution, and arithmetic expansion. In this case, the <backslash> in the input behaves as the <backslash> inside double-quotes (see Double-Quotes). However, the double-quote character ( ' )' shall not be treated specially within a here-document, except when the double-quote appears within "$()", "``", or "${}".	b23d206a92aac0e0d8c0f7bccc5b855ed11ed3f063df8e8e17f01a4f3b01e7ae	Apply redirections in lexical order with expansion, descriptor lifetime, error, and command-execution semantics defined by the standard.	open	missing:tag_18_07.r023_q35_ring3_witness	Add an exact Q35 Ring 3 case for this assertion, then run the mutation falsifier before closing it.	Mutate the assertion or remove its witness; verification must reject tag_18_07.r023.
tag_18_07.r024	tag_18_07	24	If the redirection operator is "<<-", all leading <tab> characters shall be stripped from input lines and the line containing the trailing delimiter. If more than one "<<" or "<<-" operator is specified on a line, the here-document associated with the first operator shall be supplied first by the application and shall be read first by the shell.	1a7f969f95101bf6722da844a78fe74f2217853c6e51fc15ef401d00c7234ac6	Apply redirections in lexical order with expansion, descriptor lifetime, error, and command-execution semantics defined by the standard.	open	missing:tag_18_07.r024_q35_ring3_witness	Add an exact Q35 Ring 3 case for this assertion, then run the mutation falsifier before closing it.	Mutate the assertion or remove its witness; verification must reject tag_18_07.r024.
tag_18_07.r025	tag_18_07	25	When a here-document is read from a terminal device and the shell is interactive, it shall write the contents of the variable PS2, processed as described in Shell Variables, to standard error before reading each line of input until the delimiter has been recognized.	f080dcea3e93d3fc74c34f273d77c513551f326dca4abbbea86719999db7b185	Apply redirections in lexical order with expansion, descriptor lifetime, error, and command-execution semantics defined by the standard.	open	missing:tag_18_07.r025_q35_ring3_witness	Add an exact Q35 Ring 3 case for this assertion, then run the mutation falsifier before closing it.	Mutate the assertion or remove its witness; verification must reject tag_18_07.r025.
tag_18_07.r026	tag_18_07	26	The redirection operator:	3c1c1569ec1e4d9430820dc3962472275092ea18ae30b60dbe21ee1ed730b5e8	Apply redirections in lexical order with expansion, descriptor lifetime, error, and command-execution semantics defined by the standard.	open	missing:tag_18_07.r026_q35_ring3_witness	Add an exact Q35 Ring 3 case for this assertion, then run the mutation falsifier before closing it.	Mutate the assertion or remove its witness; verification must reject tag_18_07.r026.
tag_18_07.r027	tag_18_07	27	shall duplicate one input file descriptor from another, or shall close one. If word evaluates to one or more digits, the file descriptor denoted by n, or standard input if n is not specified, shall be made to be a copy of the file descriptor denoted by word; if the digits in word do not represent a file descriptor already open for input, a redirection error shall result; see Consequences of Shell Errors. If word evaluates to '-', file descriptor n, or standard input if n is not specified, shall be closed. Attempts to close a file descriptor that is not open shall not constitute an error. If word evaluates to something else, the behavior is unspecified.	3b2bed010b7e50497dba510781623caab9f9cf7cd310fa4280edaae96bb29bbb	Apply redirections in lexical order with expansion, descriptor lifetime, error, and command-execution semantics defined by the standard.	open	missing:tag_18_07.r027_q35_ring3_witness	Add an exact Q35 Ring 3 case for this assertion, then run the mutation falsifier before closing it.	Mutate the assertion or remove its witness; verification must reject tag_18_07.r027.
tag_18_07.r028	tag_18_07	28	The redirection operator:	3c1c1569ec1e4d9430820dc3962472275092ea18ae30b60dbe21ee1ed730b5e8	Apply redirections in lexical order with expansion, descriptor lifetime, error, and command-execution semantics defined by the standard.	open	missing:tag_18_07.r028_q35_ring3_witness	Add an exact Q35 Ring 3 case for this assertion, then run the mutation falsifier before closing it.	Mutate the assertion or remove its witness; verification must reject tag_18_07.r028.
tag_18_07.r029	tag_18_07	29	shall duplicate one output file descriptor from another, or shall close one. If word evaluates to one or more digits, the file descriptor denoted by n, or standard output if n is not specified, shall be made to be a copy of the file descriptor denoted by word; if the digits in word do not represent a file descriptor already open for output, a redirection error shall result; see Consequences of Shell Errors. If word evaluates to '-', file descriptor n, or standard output if n is not specified, is closed. Attempts to close a file descriptor that is not open shall not constitute an error. If word evaluates to something else, the behavior is unspecified.	8d35d54691b0562ce9e4ce98f7d6e6402087fb8c59e96827ce9cabd05ed89d79	Apply redirections in lexical order with expansion, descriptor lifetime, error, and command-execution semantics defined by the standard.	open	missing:tag_18_07.r029_q35_ring3_witness	Add an exact Q35 Ring 3 case for this assertion, then run the mutation falsifier before closing it.	Mutate the assertion or remove its witness; verification must reject tag_18_07.r029.
tag_18_07.r030	tag_18_07	30	The redirection operator:	3c1c1569ec1e4d9430820dc3962472275092ea18ae30b60dbe21ee1ed730b5e8	Apply redirections in lexical order with expansion, descriptor lifetime, error, and command-execution semantics defined by the standard.	open	missing:tag_18_07.r030_q35_ring3_witness	Add an exact Q35 Ring 3 case for this assertion, then run the mutation falsifier before closing it.	Mutate the assertion or remove its witness; verification must reject tag_18_07.r030.
tag_18_07.r031	tag_18_07	31	shall cause the file whose name is the expansion of word to be opened for both reading and writing on the file descriptor denoted by n, or standard input if n is not specified. If the file does not exist, it shall be created.	2149c183dc7e59a47459e62b931402c49482dcef670e1b5a30d231b5d176e5ef	Apply redirections in lexical order with expansion, descriptor lifetime, error, and command-execution semantics defined by the standard.	open	missing:tag_18_07.r031_q35_ring3_witness	Add an exact Q35 Ring 3 case for this assertion, then run the mutation falsifier before closing it.	Mutate the assertion or remove its witness; verification must reject tag_18_07.r031.
tag_18_07_01.r001	tag_18_07_01	1	Input redirection shall cause the file whose name results from the expansion of word to be opened for reading on the designated file descriptor, or standard input if the file descriptor is not specified.	3ef4e1b03776aaa455460a9a9bafeee119cdd9727e864071e62f6a551aff6465	Open and attach input files with the required pathname expansion, descriptor replacement, failure status, and close-on-command behavior.	open	missing:tag_18_07_01.r001_q35_ring3_witness	Add an exact Q35 Ring 3 case for this assertion, then run the mutation falsifier before closing it.	Mutate the assertion or remove its witness; verification must reject tag_18_07_01.r001.
tag_18_07_01.r002	tag_18_07_01	2	The general format for redirecting input is:	3cbc9b1fe40b5260b03deca85915efd84ad17fd981bbd814ecf10b34366e154e	Open and attach input files with the required pathname expansion, descriptor replacement, failure status, and close-on-command behavior.	open	missing:tag_18_07_01.r002_q35_ring3_witness	Add an exact Q35 Ring 3 case for this assertion, then run the mutation falsifier before closing it.	Mutate the assertion or remove its witness; verification must reject tag_18_07_01.r002.
tag_18_07_01.r003	tag_18_07_01	3	where the optional n represents the file descriptor number. If the number is omitted, the redirection shall refer to standard input (file descriptor 0).	847aaae28dfbdef566dd0b3ff4911789a1fd24c499dac8a28628f8e9d4c525f9	Open and attach input files with the required pathname expansion, descriptor replacement, failure status, and close-on-command behavior.	open	missing:tag_18_07_01.r003_q35_ring3_witness	Add an exact Q35 Ring 3 case for this assertion, then run the mutation falsifier before closing it.	Mutate the assertion or remove its witness; verification must reject tag_18_07_01.r003.
tag_18_07_02.r001	tag_18_07_02	1	The two general formats for redirecting output are:	b729516886454eb3704855d73a90dcd0f218615404b3908079476f4b0ba8d28a	Open and attach output files with noclobber and clobber override semantics, truncation, creation, failure, and descriptor replacement.	open	missing:tag_18_07_02.r001_q35_ring3_witness	Add an exact Q35 Ring 3 case for this assertion, then run the mutation falsifier before closing it.	Mutate the assertion or remove its witness; verification must reject tag_18_07_02.r001.
tag_18_07_02.r002	tag_18_07_02	2	where the optional n represents the file descriptor number. If the number is omitted, the redirection shall refer to standard output (file descriptor 1).	50a2f5f2b3c31170ed0cfd3ff5cea100628618fcfee5c65966bdbd2102e0578c	Open and attach output files with noclobber and clobber override semantics, truncation, creation, failure, and descriptor replacement.	open	missing:tag_18_07_02.r002_q35_ring3_witness	Add an exact Q35 Ring 3 case for this assertion, then run the mutation falsifier before closing it.	Mutate the assertion or remove its witness; verification must reject tag_18_07_02.r002.
tag_18_07_02.r003	tag_18_07_02	3	Output redirection using the '>' format shall fail if the noclobber option is set (see the description of set -C) and the file named by the expansion of word exists and is a regular file. Otherwise, redirection using the '>' or ">|" formats shall cause the file whose name results from the expansion of word to be created and opened for output on the designated file descriptor, or standard output if none is specified. If the file does not exist, it shall be created; otherwise, it shall be truncated to be an empty file after being opened.	c7966500d30a4ae86e2ec005be432e486ff3565642ff241280751ccc637fa979	Open and attach output files with noclobber and clobber override semantics, truncation, creation, failure, and descriptor replacement.	open	missing:tag_18_07_02.r003_q35_ring3_witness	Add an exact Q35 Ring 3 case for this assertion, then run the mutation falsifier before closing it.	Mutate the assertion or remove its witness; verification must reject tag_18_07_02.r003.
tag_18_07_03.r001	tag_18_07_03	1	Appended output redirection shall cause the file whose name results from the expansion of word to be opened for output on the designated file descriptor. The file is opened as if the open() function as defined in the System Interfaces volume of POSIX.1-2017 was called with the O_APPEND flag. If the file does not exist, it shall be created.	d9a42825640157f4cb5e69ff5c0a6acb4bd52dc99a8d229009a7ed94836d279f	Open output files in append mode with atomic append positioning and the specified failure and descriptor behavior.	open	missing:tag_18_07_03.r001_q35_ring3_witness	Add an exact Q35 Ring 3 case for this assertion, then run the mutation falsifier before closing it.	Mutate the assertion or remove its witness; verification must reject tag_18_07_03.r001.
tag_18_07_03.r002	tag_18_07_03	2	The general format for appending redirected output is as follows:	1b95b797059cbf9ba6784645dac2f18d22588d149b64aea3403aba6b36eb03dc	Open output files in append mode with atomic append positioning and the specified failure and descriptor behavior.	open	missing:tag_18_07_03.r002_q35_ring3_witness	Add an exact Q35 Ring 3 case for this assertion, then run the mutation falsifier before closing it.	Mutate the assertion or remove its witness; verification must reject tag_18_07_03.r002.
tag_18_07_03.r003	tag_18_07_03	3	where the optional n represents the file descriptor number. If the number is omitted, the redirection refers to standard output (file descriptor 1).	8024ddc57462fafea25bc101fcfc5a540be354b4fbf77ae26a63e82033378326	Open output files in append mode with atomic append positioning and the specified failure and descriptor behavior.	open	missing:tag_18_07_03.r003_q35_ring3_witness	Add an exact Q35 Ring 3 case for this assertion, then run the mutation falsifier before closing it.	Mutate the assertion or remove its witness; verification must reject tag_18_07_03.r003.
tag_18_07_04.r001	tag_18_07_04	1	The redirection operators "<<" and "<<-" both allow redirection of subsequent lines read by the shell to the input of a command. The redirected lines are known as a "here-document".	6db95c17488ea31bf6515229f348211ce9fd4d949b24ba9e227362407a6aa3a7	Parse here-document delimiters after quote removal, collect bodies in source order, apply tab stripping and expansion rules, and report errors.	open	missing:tag_18_07_04.r001_q35_ring3_witness	Add an exact Q35 Ring 3 case for this assertion, then run the mutation falsifier before closing it.	Mutate the assertion or remove its witness; verification must reject tag_18_07_04.r001.
tag_18_07_04.r002	tag_18_07_04	2	The here-document shall be treated as a single word that begins after the next <newline> and continues until there is a line containing only the delimiter and a <newline>, with no <blank> characters in between. Then the next here-document starts, if there is one. The format is as follows:	37e48fbabe4c3d234f66406498c613dff3373dc3c8c3099b33588c2d10287c07	Parse here-document delimiters after quote removal, collect bodies in source order, apply tab stripping and expansion rules, and report errors.	open	missing:tag_18_07_04.r002_q35_ring3_witness	Add an exact Q35 Ring 3 case for this assertion, then run the mutation falsifier before closing it.	Mutate the assertion or remove its witness; verification must reject tag_18_07_04.r002.
tag_18_07_04.r003	tag_18_07_04	3	where the optional n represents the file descriptor number. If the number is omitted, the here-document refers to standard input (file descriptor 0). It is unspecified whether the file descriptor is opened as a regular file, a special file, or a pipe. Portable applications cannot rely on the file descriptor being seekable (see XSH lseek).	06b448b2eae66673462c9d8f8a9e95fef50dd032bcc0448a8f298d53f4ce55f0	Parse here-document delimiters after quote removal, collect bodies in source order, apply tab stripping and expansion rules, and report errors.	open	missing:tag_18_07_04.r003_q35_ring3_witness	Add an exact Q35 Ring 3 case for this assertion, then run the mutation falsifier before closing it.	Mutate the assertion or remove its witness; verification must reject tag_18_07_04.r003.
tag_18_07_04.r004	tag_18_07_04	4	If any part of word is quoted, the delimiter shall be formed by performing quote removal on word, and the here-document lines shall not be expanded. Otherwise, the delimiter shall be the word itself.	c7900c9c5d6b91d6eeca90a5a38b15987cdf0a2fe8dfc8c8415e811bb8e2cb1f	Parse here-document delimiters after quote removal, collect bodies in source order, apply tab stripping and expansion rules, and report errors.	open	missing:tag_18_07_04.r004_q35_ring3_witness	Add an exact Q35 Ring 3 case for this assertion, then run the mutation falsifier before closing it.	Mutate the assertion or remove its witness; verification must reject tag_18_07_04.r004.
tag_18_07_04.r005	tag_18_07_04	5	If no part of word is quoted, all lines of the here-document shall be expanded for parameter expansion, command substitution, and arithmetic expansion. In this case, the <backslash> in the input behaves as the <backslash> inside double-quotes (see Double-Quotes). However, the double-quote character ( ' )' shall not be treated specially within a here-document, except when the double-quote appears within "$()", "``", or "${}".	b23d206a92aac0e0d8c0f7bccc5b855ed11ed3f063df8e8e17f01a4f3b01e7ae	Parse here-document delimiters after quote removal, collect bodies in source order, apply tab stripping and expansion rules, and report errors.	open	missing:tag_18_07_04.r005_q35_ring3_witness	Add an exact Q35 Ring 3 case for this assertion, then run the mutation falsifier before closing it.	Mutate the assertion or remove its witness; verification must reject tag_18_07_04.r005.
tag_18_07_04.r006	tag_18_07_04	6	If the redirection operator is "<<-", all leading <tab> characters shall be stripped from input lines and the line containing the trailing delimiter. If more than one "<<" or "<<-" operator is specified on a line, the here-document associated with the first operator shall be supplied first by the application and shall be read first by the shell.	1a7f969f95101bf6722da844a78fe74f2217853c6e51fc15ef401d00c7234ac6	Parse here-document delimiters after quote removal, collect bodies in source order, apply tab stripping and expansion rules, and report errors.	open	missing:tag_18_07_04.r006_q35_ring3_witness	Add an exact Q35 Ring 3 case for this assertion, then run the mutation falsifier before closing it.	Mutate the assertion or remove its witness; verification must reject tag_18_07_04.r006.
tag_18_07_04.r007	tag_18_07_04	7	When a here-document is read from a terminal device and the shell is interactive, it shall write the contents of the variable PS2, processed as described in Shell Variables, to standard error before reading each line of input until the delimiter has been recognized.	f080dcea3e93d3fc74c34f273d77c513551f326dca4abbbea86719999db7b185	Parse here-document delimiters after quote removal, collect bodies in source order, apply tab stripping and expansion rules, and report errors.	open	missing:tag_18_07_04.r007_q35_ring3_witness	Add an exact Q35 Ring 3 case for this assertion, then run the mutation falsifier before closing it.	Mutate the assertion or remove its witness; verification must reject tag_18_07_04.r007.
tag_18_07_05.r001	tag_18_07_05	1	The redirection operator:	3c1c1569ec1e4d9430820dc3962472275092ea18ae30b60dbe21ee1ed730b5e8	Duplicate input descriptors with the required numeric validation, closure, redirection order, and error status behavior.	open	missing:tag_18_07_05.r001_q35_ring3_witness	Add an exact Q35 Ring 3 case for this assertion, then run the mutation falsifier before closing it.	Mutate the assertion or remove its witness; verification must reject tag_18_07_05.r001.
tag_18_07_05.r002	tag_18_07_05	2	shall duplicate one input file descriptor from another, or shall close one. If word evaluates to one or more digits, the file descriptor denoted by n, or standard input if n is not specified, shall be made to be a copy of the file descriptor denoted by word; if the digits in word do not represent a file descriptor already open for input, a redirection error shall result; see Consequences of Shell Errors. If word evaluates to '-', file descriptor n, or standard input if n is not specified, shall be closed. Attempts to close a file descriptor that is not open shall not constitute an error. If word evaluates to something else, the behavior is unspecified.	3b2bed010b7e50497dba510781623caab9f9cf7cd310fa4280edaae96bb29bbb	Duplicate input descriptors with the required numeric validation, closure, redirection order, and error status behavior.	open	missing:tag_18_07_05.r002_q35_ring3_witness	Add an exact Q35 Ring 3 case for this assertion, then run the mutation falsifier before closing it.	Mutate the assertion or remove its witness; verification must reject tag_18_07_05.r002.
tag_18_07_06.r001	tag_18_07_06	1	The redirection operator:	3c1c1569ec1e4d9430820dc3962472275092ea18ae30b60dbe21ee1ed730b5e8	Duplicate output descriptors with the required numeric validation, closure, redirection order, and error status behavior.	open	missing:tag_18_07_06.r001_q35_ring3_witness	Add an exact Q35 Ring 3 case for this assertion, then run the mutation falsifier before closing it.	Mutate the assertion or remove its witness; verification must reject tag_18_07_06.r001.
tag_18_07_06.r002	tag_18_07_06	2	shall duplicate one output file descriptor from another, or shall close one. If word evaluates to one or more digits, the file descriptor denoted by n, or standard output if n is not specified, shall be made to be a copy of the file descriptor denoted by word; if the digits in word do not represent a file descriptor already open for output, a redirection error shall result; see Consequences of Shell Errors. If word evaluates to '-', file descriptor n, or standard output if n is not specified, is closed. Attempts to close a file descriptor that is not open shall not constitute an error. If word evaluates to something else, the behavior is unspecified.	8d35d54691b0562ce9e4ce98f7d6e6402087fb8c59e96827ce9cabd05ed89d79	Duplicate output descriptors with the required numeric validation, closure, redirection order, and error status behavior.	open	missing:tag_18_07_06.r002_q35_ring3_witness	Add an exact Q35 Ring 3 case for this assertion, then run the mutation falsifier before closing it.	Mutate the assertion or remove its witness; verification must reject tag_18_07_06.r002.
tag_18_07_07.r001	tag_18_07_07	1	The redirection operator:	3c1c1569ec1e4d9430820dc3962472275092ea18ae30b60dbe21ee1ed730b5e8	Open descriptors for simultaneous reading and writing with the required mode, positioning, errors, and command lifetime.	open	missing:tag_18_07_07.r001_q35_ring3_witness	Add an exact Q35 Ring 3 case for this assertion, then run the mutation falsifier before closing it.	Mutate the assertion or remove its witness; verification must reject tag_18_07_07.r001.
tag_18_07_07.r002	tag_18_07_07	2	shall cause the file whose name is the expansion of word to be opened for both reading and writing on the file descriptor denoted by n, or standard input if n is not specified. If the file does not exist, it shall be created.	2149c183dc7e59a47459e62b931402c49482dcef670e1b5a30d231b5d176e5ef	Open descriptors for simultaneous reading and writing with the required mode, positioning, errors, and command lifetime.	open	missing:tag_18_07_07.r002_q35_ring3_witness	Add an exact Q35 Ring 3 case for this assertion, then run the mutation falsifier before closing it.	Mutate the assertion or remove its witness; verification must reject tag_18_07_07.r002.
tag_18_08.r001	tag_18_08	1	Certain errors shall cause the shell to write a diagnostic message to standard error and exit as shown in the following table:	f5a7d87b95f3d63aa2de540d975fbccf8564c4864e121da701a99e5ae302824a	Return command statuses and handle shell errors without masking specified diagnostics, abort behavior, or continuation behavior.	open	missing:tag_18_08.r001_q35_ring3_witness	Add an exact Q35 Ring 3 case for this assertion, then run the mutation falsifier before closing it.	Mutate the assertion or remove its witness; verification must reject tag_18_08.r001.
tag_18_08.r002	tag_18_08	2	Error	54a0e8c17ebb21a11f8a25b8042786ef7efe52441e6cc87e92c67e0c4c0c6e78	Return command statuses and handle shell errors without masking specified diagnostics, abort behavior, or continuation behavior.	open	missing:tag_18_08.r002_q35_ring3_witness	Add an exact Q35 Ring 3 case for this assertion, then run the mutation falsifier before closing it.	Mutate the assertion or remove its witness; verification must reject tag_18_08.r002.
tag_18_08.r003	tag_18_08	3	Non-Interactive Shell	7a1de284311e867c96f04add2178594002189f84598bc64e9dbd5e44ca2784ff	Return command statuses and handle shell errors without masking specified diagnostics, abort behavior, or continuation behavior.	open	missing:tag_18_08.r003_q35_ring3_witness	Add an exact Q35 Ring 3 case for this assertion, then run the mutation falsifier before closing it.	Mutate the assertion or remove its witness; verification must reject tag_18_08.r003.
tag_18_08.r004	tag_18_08	4	Interactive Shell	8daa4a9fafec1af36d6c76c8cbd0716872321440af9dfa9472aa14c747e35f0a	Return command statuses and handle shell errors without masking specified diagnostics, abort behavior, or continuation behavior.	open	missing:tag_18_08.r004_q35_ring3_witness	Add an exact Q35 Ring 3 case for this assertion, then run the mutation falsifier before closing it.	Mutate the assertion or remove its witness; verification must reject tag_18_08.r004.
tag_18_08.r005	tag_18_08	5	Shell Diagnostic Message Required	4fcc2104577de17f3b22d347754134d245ab028827c93070f16e99d5a69656a8	Return command statuses and handle shell errors without masking specified diagnostics, abort behavior, or continuation behavior.	open	missing:tag_18_08.r005_q35_ring3_witness	Add an exact Q35 Ring 3 case for this assertion, then run the mutation falsifier before closing it.	Mutate the assertion or remove its witness; verification must reject tag_18_08.r005.
tag_18_08.r006	tag_18_08	6	Shell language syntax error	e0b75649a7911df3e9a9e8680273ba2ae65665eefd00d35d53e0afb20a2f22c8	Return command statuses and handle shell errors without masking specified diagnostics, abort behavior, or continuation behavior.	open	missing:tag_18_08.r006_q35_ring3_witness	Add an exact Q35 Ring 3 case for this assertion, then run the mutation falsifier before closing it.	Mutate the assertion or remove its witness; verification must reject tag_18_08.r006.
tag_18_08.r007	tag_18_08	7	shall exit	2ecb0e5145b339706c7b8be6238ff31670009b0db74e67d9ffdd848f18025245	Return command statuses and handle shell errors without masking specified diagnostics, abort behavior, or continuation behavior.	open	missing:tag_18_08.r007_q35_ring3_witness	Add an exact Q35 Ring 3 case for this assertion, then run the mutation falsifier before closing it.	Mutate the assertion or remove its witness; verification must reject tag_18_08.r007.
tag_18_08.r008	tag_18_08	8	shall not exit	642eb10df1a7172dc591ffacb5165a3c8f107d8562ada24ccfaf75ce3f3ce770	Return command statuses and handle shell errors without masking specified diagnostics, abort behavior, or continuation behavior.	open	missing:tag_18_08.r008_q35_ring3_witness	Add an exact Q35 Ring 3 case for this assertion, then run the mutation falsifier before closing it.	Mutate the assertion or remove its witness; verification must reject tag_18_08.r008.
tag_18_08.r009	tag_18_08	9	yes	8a798890fe93817163b10b5f7bd2ca4d25d84c52739a645a889c173eee7d9d3d	Return command statuses and handle shell errors without masking specified diagnostics, abort behavior, or continuation behavior.	open	missing:tag_18_08.r009_q35_ring3_witness	Add an exact Q35 Ring 3 case for this assertion, then run the mutation falsifier before closing it.	Mutate the assertion or remove its witness; verification must reject tag_18_08.r009.
tag_18_08.r010	tag_18_08	10	Special built-in utility error	bc9a9cc7c80d22c835009655e56a3a461260f38f33370a6b982039356383d8dd	Return command statuses and handle shell errors without masking specified diagnostics, abort behavior, or continuation behavior.	open	missing:tag_18_08.r010_q35_ring3_witness	Add an exact Q35 Ring 3 case for this assertion, then run the mutation falsifier before closing it.	Mutate the assertion or remove its witness; verification must reject tag_18_08.r010.
tag_18_08.r011	tag_18_08	11	shall exit	2ecb0e5145b339706c7b8be6238ff31670009b0db74e67d9ffdd848f18025245	Return command statuses and handle shell errors without masking specified diagnostics, abort behavior, or continuation behavior.	open	missing:tag_18_08.r011_q35_ring3_witness	Add an exact Q35 Ring 3 case for this assertion, then run the mutation falsifier before closing it.	Mutate the assertion or remove its witness; verification must reject tag_18_08.r011.
tag_18_08.r012	tag_18_08	12	shall not exit	642eb10df1a7172dc591ffacb5165a3c8f107d8562ada24ccfaf75ce3f3ce770	Return command statuses and handle shell errors without masking specified diagnostics, abort behavior, or continuation behavior.	open	missing:tag_18_08.r012_q35_ring3_witness	Add an exact Q35 Ring 3 case for this assertion, then run the mutation falsifier before closing it.	Mutate the assertion or remove its witness; verification must reject tag_18_08.r012.
tag_18_08.r013	tag_18_08	13	no1	cd2aa329441d5e747232000741613fc519752beabfb400acbc7c8a973be2620e	Return command statuses and handle shell errors without masking specified diagnostics, abort behavior, or continuation behavior.	open	missing:tag_18_08.r013_q35_ring3_witness	Add an exact Q35 Ring 3 case for this assertion, then run the mutation falsifier before closing it.	Mutate the assertion or remove its witness; verification must reject tag_18_08.r013.
tag_18_08.r014	tag_18_08	14	Other utility (not a special built-in) error	620cb99732711ddb91635901a2dc75e3455b03dd51ae29a57be8532994d8ef4f	Return command statuses and handle shell errors without masking specified diagnostics, abort behavior, or continuation behavior.	open	missing:tag_18_08.r014_q35_ring3_witness	Add an exact Q35 Ring 3 case for this assertion, then run the mutation falsifier before closing it.	Mutate the assertion or remove its witness; verification must reject tag_18_08.r014.
tag_18_08.r015	tag_18_08	15	shall not exit	642eb10df1a7172dc591ffacb5165a3c8f107d8562ada24ccfaf75ce3f3ce770	Return command statuses and handle shell errors without masking specified diagnostics, abort behavior, or continuation behavior.	open	missing:tag_18_08.r015_q35_ring3_witness	Add an exact Q35 Ring 3 case for this assertion, then run the mutation falsifier before closing it.	Mutate the assertion or remove its witness; verification must reject tag_18_08.r015.
tag_18_08.r016	tag_18_08	16	shall not exit	642eb10df1a7172dc591ffacb5165a3c8f107d8562ada24ccfaf75ce3f3ce770	Return command statuses and handle shell errors without masking specified diagnostics, abort behavior, or continuation behavior.	open	missing:tag_18_08.r016_q35_ring3_witness	Add an exact Q35 Ring 3 case for this assertion, then run the mutation falsifier before closing it.	Mutate the assertion or remove its witness; verification must reject tag_18_08.r016.
tag_18_08.r017	tag_18_08	17	no2	83ee2e181714a43a8f8192ea0e048c452396e9d335f3590befd0bfa5f508a2c5	Return command statuses and handle shell errors without masking specified diagnostics, abort behavior, or continuation behavior.	open	missing:tag_18_08.r017_q35_ring3_witness	Add an exact Q35 Ring 3 case for this assertion, then run the mutation falsifier before closing it.	Mutate the assertion or remove its witness; verification must reject tag_18_08.r017.
tag_18_08.r018	tag_18_08	18	Redirection error with special built-in utilities	8a2e4c401ad9f3f4321f8fd382b2d28bbee201efeed5d421ef49523024b0c85d	Return command statuses and handle shell errors without masking specified diagnostics, abort behavior, or continuation behavior.	open	missing:tag_18_08.r018_q35_ring3_witness	Add an exact Q35 Ring 3 case for this assertion, then run the mutation falsifier before closing it.	Mutate the assertion or remove its witness; verification must reject tag_18_08.r018.
tag_18_08.r019	tag_18_08	19	shall exit	2ecb0e5145b339706c7b8be6238ff31670009b0db74e67d9ffdd848f18025245	Return command statuses and handle shell errors without masking specified diagnostics, abort behavior, or continuation behavior.	open	missing:tag_18_08.r019_q35_ring3_witness	Add an exact Q35 Ring 3 case for this assertion, then run the mutation falsifier before closing it.	Mutate the assertion or remove its witness; verification must reject tag_18_08.r019.
tag_18_08.r020	tag_18_08	20	shall not exit	642eb10df1a7172dc591ffacb5165a3c8f107d8562ada24ccfaf75ce3f3ce770	Return command statuses and handle shell errors without masking specified diagnostics, abort behavior, or continuation behavior.	open	missing:tag_18_08.r020_q35_ring3_witness	Add an exact Q35 Ring 3 case for this assertion, then run the mutation falsifier before closing it.	Mutate the assertion or remove its witness; verification must reject tag_18_08.r020.
tag_18_08.r021	tag_18_08	21	yes	8a798890fe93817163b10b5f7bd2ca4d25d84c52739a645a889c173eee7d9d3d	Return command statuses and handle shell errors without masking specified diagnostics, abort behavior, or continuation behavior.	open	missing:tag_18_08.r021_q35_ring3_witness	Add an exact Q35 Ring 3 case for this assertion, then run the mutation falsifier before closing it.	Mutate the assertion or remove its witness; verification must reject tag_18_08.r021.
tag_18_08.r022	tag_18_08	22	Redirection error with compound commands	f234cbf76ae1599de1428e2b8d03cb18f93eae2e53b5b5a0dd0f982d6b150cc3	Return command statuses and handle shell errors without masking specified diagnostics, abort behavior, or continuation behavior.	open	missing:tag_18_08.r022_q35_ring3_witness	Add an exact Q35 Ring 3 case for this assertion, then run the mutation falsifier before closing it.	Mutate the assertion or remove its witness; verification must reject tag_18_08.r022.
tag_18_08.r023	tag_18_08	23	may exit3	286428c6c02725516cda385cad27bfc6238923f2a672826ef71c946478ef0772	Return command statuses and handle shell errors without masking specified diagnostics, abort behavior, or continuation behavior.	open	missing:tag_18_08.r023_q35_ring3_witness	Add an exact Q35 Ring 3 case for this assertion, then run the mutation falsifier before closing it.	Mutate the assertion or remove its witness; verification must reject tag_18_08.r023.
tag_18_08.r024	tag_18_08	24	shall not exit	642eb10df1a7172dc591ffacb5165a3c8f107d8562ada24ccfaf75ce3f3ce770	Return command statuses and handle shell errors without masking specified diagnostics, abort behavior, or continuation behavior.	open	missing:tag_18_08.r024_q35_ring3_witness	Add an exact Q35 Ring 3 case for this assertion, then run the mutation falsifier before closing it.	Mutate the assertion or remove its witness; verification must reject tag_18_08.r024.
tag_18_08.r025	tag_18_08	25	yes	8a798890fe93817163b10b5f7bd2ca4d25d84c52739a645a889c173eee7d9d3d	Return command statuses and handle shell errors without masking specified diagnostics, abort behavior, or continuation behavior.	open	missing:tag_18_08.r025_q35_ring3_witness	Add an exact Q35 Ring 3 case for this assertion, then run the mutation falsifier before closing it.	Mutate the assertion or remove its witness; verification must reject tag_18_08.r025.
tag_18_08.r026	tag_18_08	26	Redirection error with function execution	9bee958f44b8b6ce46d74f669a6211305e12c63c48404175ef71d308d52562b3	Return command statuses and handle shell errors without masking specified diagnostics, abort behavior, or continuation behavior.	open	missing:tag_18_08.r026_q35_ring3_witness	Add an exact Q35 Ring 3 case for this assertion, then run the mutation falsifier before closing it.	Mutate the assertion or remove its witness; verification must reject tag_18_08.r026.
tag_18_08.r027	tag_18_08	27	may exit3	286428c6c02725516cda385cad27bfc6238923f2a672826ef71c946478ef0772	Return command statuses and handle shell errors without masking specified diagnostics, abort behavior, or continuation behavior.	open	missing:tag_18_08.r027_q35_ring3_witness	Add an exact Q35 Ring 3 case for this assertion, then run the mutation falsifier before closing it.	Mutate the assertion or remove its witness; verification must reject tag_18_08.r027.
tag_18_08.r028	tag_18_08	28	shall not exit	642eb10df1a7172dc591ffacb5165a3c8f107d8562ada24ccfaf75ce3f3ce770	Return command statuses and handle shell errors without masking specified diagnostics, abort behavior, or continuation behavior.	open	missing:tag_18_08.r028_q35_ring3_witness	Add an exact Q35 Ring 3 case for this assertion, then run the mutation falsifier before closing it.	Mutate the assertion or remove its witness; verification must reject tag_18_08.r028.
tag_18_08.r029	tag_18_08	29	yes	8a798890fe93817163b10b5f7bd2ca4d25d84c52739a645a889c173eee7d9d3d	Return command statuses and handle shell errors without masking specified diagnostics, abort behavior, or continuation behavior.	open	missing:tag_18_08.r029_q35_ring3_witness	Add an exact Q35 Ring 3 case for this assertion, then run the mutation falsifier before closing it.	Mutate the assertion or remove its witness; verification must reject tag_18_08.r029.
tag_18_08.r030	tag_18_08	30	Redirection error with other utilities (not special built-ins)	91331a1b7d6e9aaafad4690cd52b1ae69aca7d752186f9d440fa149fb0d8338e	Return command statuses and handle shell errors without masking specified diagnostics, abort behavior, or continuation behavior.	open	missing:tag_18_08.r030_q35_ring3_witness	Add an exact Q35 Ring 3 case for this assertion, then run the mutation falsifier before closing it.	Mutate the assertion or remove its witness; verification must reject tag_18_08.r030.
tag_18_08.r031	tag_18_08	31	shall not exit	642eb10df1a7172dc591ffacb5165a3c8f107d8562ada24ccfaf75ce3f3ce770	Return command statuses and handle shell errors without masking specified diagnostics, abort behavior, or continuation behavior.	open	missing:tag_18_08.r031_q35_ring3_witness	Add an exact Q35 Ring 3 case for this assertion, then run the mutation falsifier before closing it.	Mutate the assertion or remove its witness; verification must reject tag_18_08.r031.
tag_18_08.r032	tag_18_08	32	shall not exit	642eb10df1a7172dc591ffacb5165a3c8f107d8562ada24ccfaf75ce3f3ce770	Return command statuses and handle shell errors without masking specified diagnostics, abort behavior, or continuation behavior.	open	missing:tag_18_08.r032_q35_ring3_witness	Add an exact Q35 Ring 3 case for this assertion, then run the mutation falsifier before closing it.	Mutate the assertion or remove its witness; verification must reject tag_18_08.r032.
tag_18_08.r033	tag_18_08	33	yes	8a798890fe93817163b10b5f7bd2ca4d25d84c52739a645a889c173eee7d9d3d	Return command statuses and handle shell errors without masking specified diagnostics, abort behavior, or continuation behavior.	open	missing:tag_18_08.r033_q35_ring3_witness	Add an exact Q35 Ring 3 case for this assertion, then run the mutation falsifier before closing it.	Mutate the assertion or remove its witness; verification must reject tag_18_08.r033.
tag_18_08.r034	tag_18_08	34	Variable assignment error	fc00c27689f8626bf3b6bf00da46c076b2772f8d01f8f9aee7b0d3a2b951fd64	Return command statuses and handle shell errors without masking specified diagnostics, abort behavior, or continuation behavior.	open	missing:tag_18_08.r034_q35_ring3_witness	Add an exact Q35 Ring 3 case for this assertion, then run the mutation falsifier before closing it.	Mutate the assertion or remove its witness; verification must reject tag_18_08.r034.
tag_18_08.r035	tag_18_08	35	shall exit	2ecb0e5145b339706c7b8be6238ff31670009b0db74e67d9ffdd848f18025245	Return command statuses and handle shell errors without masking specified diagnostics, abort behavior, or continuation behavior.	open	missing:tag_18_08.r035_q35_ring3_witness	Add an exact Q35 Ring 3 case for this assertion, then run the mutation falsifier before closing it.	Mutate the assertion or remove its witness; verification must reject tag_18_08.r035.
tag_18_08.r036	tag_18_08	36	shall not exit	642eb10df1a7172dc591ffacb5165a3c8f107d8562ada24ccfaf75ce3f3ce770	Return command statuses and handle shell errors without masking specified diagnostics, abort behavior, or continuation behavior.	open	missing:tag_18_08.r036_q35_ring3_witness	Add an exact Q35 Ring 3 case for this assertion, then run the mutation falsifier before closing it.	Mutate the assertion or remove its witness; verification must reject tag_18_08.r036.
tag_18_08.r037	tag_18_08	37	yes	8a798890fe93817163b10b5f7bd2ca4d25d84c52739a645a889c173eee7d9d3d	Return command statuses and handle shell errors without masking specified diagnostics, abort behavior, or continuation behavior.	open	missing:tag_18_08.r037_q35_ring3_witness	Add an exact Q35 Ring 3 case for this assertion, then run the mutation falsifier before closing it.	Mutate the assertion or remove its witness; verification must reject tag_18_08.r037.
tag_18_08.r038	tag_18_08	38	Expansion error	8edf9c5e3eadca7c7a02200e14d09423977c8e182000bce23961d8c5b4198093	Return command statuses and handle shell errors without masking specified diagnostics, abort behavior, or continuation behavior.	open	missing:tag_18_08.r038_q35_ring3_witness	Add an exact Q35 Ring 3 case for this assertion, then run the mutation falsifier before closing it.	Mutate the assertion or remove its witness; verification must reject tag_18_08.r038.
tag_18_08.r039	tag_18_08	39	shall exit	2ecb0e5145b339706c7b8be6238ff31670009b0db74e67d9ffdd848f18025245	Return command statuses and handle shell errors without masking specified diagnostics, abort behavior, or continuation behavior.	open	missing:tag_18_08.r039_q35_ring3_witness	Add an exact Q35 Ring 3 case for this assertion, then run the mutation falsifier before closing it.	Mutate the assertion or remove its witness; verification must reject tag_18_08.r039.
tag_18_08.r040	tag_18_08	40	shall not exit	642eb10df1a7172dc591ffacb5165a3c8f107d8562ada24ccfaf75ce3f3ce770	Return command statuses and handle shell errors without masking specified diagnostics, abort behavior, or continuation behavior.	open	missing:tag_18_08.r040_q35_ring3_witness	Add an exact Q35 Ring 3 case for this assertion, then run the mutation falsifier before closing it.	Mutate the assertion or remove its witness; verification must reject tag_18_08.r040.
tag_18_08.r041	tag_18_08	41	yes	8a798890fe93817163b10b5f7bd2ca4d25d84c52739a645a889c173eee7d9d3d	Return command statuses and handle shell errors without masking specified diagnostics, abort behavior, or continuation behavior.	open	missing:tag_18_08.r041_q35_ring3_witness	Add an exact Q35 Ring 3 case for this assertion, then run the mutation falsifier before closing it.	Mutate the assertion or remove its witness; verification must reject tag_18_08.r041.
tag_18_08.r042	tag_18_08	42	Command not found	21f015f0d153ea8741662560696c3469be2d369e73baa4523c4a7d70eebafded	Return command statuses and handle shell errors without masking specified diagnostics, abort behavior, or continuation behavior.	open	missing:tag_18_08.r042_q35_ring3_witness	Add an exact Q35 Ring 3 case for this assertion, then run the mutation falsifier before closing it.	Mutate the assertion or remove its witness; verification must reject tag_18_08.r042.
tag_18_08.r043	tag_18_08	43	may exit	e58d9cfc2c7b070fc9f356e05c2f189bc78d6c8c303804d6cc7ee8bcecfe22a4	Return command statuses and handle shell errors without masking specified diagnostics, abort behavior, or continuation behavior.	open	missing:tag_18_08.r043_q35_ring3_witness	Add an exact Q35 Ring 3 case for this assertion, then run the mutation falsifier before closing it.	Mutate the assertion or remove its witness; verification must reject tag_18_08.r043.
tag_18_08.r044	tag_18_08	44	shall not exit	642eb10df1a7172dc591ffacb5165a3c8f107d8562ada24ccfaf75ce3f3ce770	Return command statuses and handle shell errors without masking specified diagnostics, abort behavior, or continuation behavior.	open	missing:tag_18_08.r044_q35_ring3_witness	Add an exact Q35 Ring 3 case for this assertion, then run the mutation falsifier before closing it.	Mutate the assertion or remove its witness; verification must reject tag_18_08.r044.
tag_18_08.r045	tag_18_08	45	yes	8a798890fe93817163b10b5f7bd2ca4d25d84c52739a645a889c173eee7d9d3d	Return command statuses and handle shell errors without masking specified diagnostics, abort behavior, or continuation behavior.	open	missing:tag_18_08.r045_q35_ring3_witness	Add an exact Q35 Ring 3 case for this assertion, then run the mutation falsifier before closing it.	Mutate the assertion or remove its witness; verification must reject tag_18_08.r045.
tag_18_08.r046	tag_18_08	46	Although special built-ins are part of the shell, a diagnostic message written by a special built-in is not considered to be a shell diagnostic message, and can be redirected like any other utility.	68fde6459bdc2d6ec872840888f34ba75cc8bcd889dda1b89ee707409986f364	Return command statuses and handle shell errors without masking specified diagnostics, abort behavior, or continuation behavior.	open	missing:tag_18_08.r046_q35_ring3_witness	Add an exact Q35 Ring 3 case for this assertion, then run the mutation falsifier before closing it.	Mutate the assertion or remove its witness; verification must reject tag_18_08.r046.
tag_18_08.r047	tag_18_08	47	The shell is not required to write a diagnostic message, but the utility itself shall write a diagnostic message if required to do so.	b0ab7b10fa6019341ffa9fe48257382597a5b07f927c79161610cff4c7ea5b04	Return command statuses and handle shell errors without masking specified diagnostics, abort behavior, or continuation behavior.	open	missing:tag_18_08.r047_q35_ring3_witness	Add an exact Q35 Ring 3 case for this assertion, then run the mutation falsifier before closing it.	Mutate the assertion or remove its witness; verification must reject tag_18_08.r047.
tag_18_08.r048	tag_18_08	48	A future version of this standard may require the shell to not exit in this condition.	60d6ce537f05e1e930187d0198cf93e7dbeff68165288e1c33bf83943dcc78e8	Return command statuses and handle shell errors without masking specified diagnostics, abort behavior, or continuation behavior.	open	missing:tag_18_08.r048_q35_ring3_witness	Add an exact Q35 Ring 3 case for this assertion, then run the mutation falsifier before closing it.	Mutate the assertion or remove its witness; verification must reject tag_18_08.r048.
tag_18_08.r049	tag_18_08	49	An expansion error is one that occurs when the shell expansions define in wordexp are carried out (for example, "${x!y}", because '!' is not a valid operator); an implementation may treat these as syntax errors if it is able to detect them during tokenization, rather than during expansion.	ce3c9ac1b9e9d603eb5115299b1248a41d8d3c17883b7f9601d4e15f9e215ccb	Return command statuses and handle shell errors without masking specified diagnostics, abort behavior, or continuation behavior.	open	missing:tag_18_08.r049_q35_ring3_witness	Add an exact Q35 Ring 3 case for this assertion, then run the mutation falsifier before closing it.	Mutate the assertion or remove its witness; verification must reject tag_18_08.r049.
tag_18_08.r050	tag_18_08	50	If any of the errors shown as "shall exit" or "may exit" occur in a subshell environment, the shell shall (respectively, may) exit from the subshell environment with a non-zero status and continue in the environment from which that subshell environment was invoked.	c6fed7a385e5b55bcc062a1b472dc569cd1b5566a4e44e05d50c2613a10870c1	Return command statuses and handle shell errors without masking specified diagnostics, abort behavior, or continuation behavior.	open	missing:tag_18_08.r050_q35_ring3_witness	Add an exact Q35 Ring 3 case for this assertion, then run the mutation falsifier before closing it.	Mutate the assertion or remove its witness; verification must reject tag_18_08.r050.
tag_18_08.r051	tag_18_08	51	In all of the cases shown in the table where an interactive shell is required not to exit, the shell shall not perform any further processing of the command in which the error occurred.	97a8e6bb221f38f42f4ae03d8efa38c9ba248f94bb22be82eb285cdb2a6ba333	Return command statuses and handle shell errors without masking specified diagnostics, abort behavior, or continuation behavior.	open	missing:tag_18_08.r051_q35_ring3_witness	Add an exact Q35 Ring 3 case for this assertion, then run the mutation falsifier before closing it.	Mutate the assertion or remove its witness; verification must reject tag_18_08.r051.
tag_18_08.r052	tag_18_08	52	Each command has an exit status that can influence the behavior of other shell commands. The exit status of commands that are not utilities is documented in this section. The exit status of the standard utilities is documented in their respective sections.	29fe8399560c4560d74677e9011bb7223ffa9fd446c2559bcc7d236bcac582e9	Return command statuses and handle shell errors without masking specified diagnostics, abort behavior, or continuation behavior.	open	missing:tag_18_08.r052_q35_ring3_witness	Add an exact Q35 Ring 3 case for this assertion, then run the mutation falsifier before closing it.	Mutate the assertion or remove its witness; verification must reject tag_18_08.r052.
tag_18_08.r053	tag_18_08	53	If a command is not found, the exit status shall be 127. If the command name is found, but it is not an executable utility, the exit status shall be 126. Applications that invoke utilities without using the shell should use these exit status values to report similar errors.	518121e26ac9ba5ffab624fd6996cadc833d5301bbffa1acf20afd9ab0dfedcb	Return command statuses and handle shell errors without masking specified diagnostics, abort behavior, or continuation behavior.	open	missing:tag_18_08.r053_q35_ring3_witness	Add an exact Q35 Ring 3 case for this assertion, then run the mutation falsifier before closing it.	Mutate the assertion or remove its witness; verification must reject tag_18_08.r053.
tag_18_08.r054	tag_18_08	54	If a command fails during word expansion or redirection, its exit status shall be between 1 and 125 inclusive.	e9e07819b0871b2365ffbe90c3091d3bff6e6e8ee8839986fee6ca3c779dbade	Return command statuses and handle shell errors without masking specified diagnostics, abort behavior, or continuation behavior.	open	missing:tag_18_08.r054_q35_ring3_witness	Add an exact Q35 Ring 3 case for this assertion, then run the mutation falsifier before closing it.	Mutate the assertion or remove its witness; verification must reject tag_18_08.r054.
tag_18_08.r055	tag_18_08	55	Internally, for purposes of deciding whether a command exits with a non-zero exit status, the shell shall recognize the entire status value retrieved for the command by the equivalent of the wait() function WEXITSTATUS macro (as defined in the System Interfaces volume of POSIX.1-2017). When reporting the exit status with the special parameter '?', the shell shall report the full eight bits of exit status available. The exit status of a command that terminated because it received a signal shall be reported as greater than 128.	34bc207460c21db395d8b002587681f067d053418a5f8ebebd9d6a120eb149b1	Return command statuses and handle shell errors without masking specified diagnostics, abort behavior, or continuation behavior.	open	missing:tag_18_08.r055_q35_ring3_witness	Add an exact Q35 Ring 3 case for this assertion, then run the mutation falsifier before closing it.	Mutate the assertion or remove its witness; verification must reject tag_18_08.r055.
tag_18_08_01.r001	tag_18_08_01	1	Certain errors shall cause the shell to write a diagnostic message to standard error and exit as shown in the following table:	f5a7d87b95f3d63aa2de540d975fbccf8564c4864e121da701a99e5ae302824a	Apply the standard consequences for expansion, redirection, special-builtin, utility, syntax, and asynchronous-list errors in interactive and non-interactive shells.	open	missing:tag_18_08_01.r001_q35_ring3_witness	Add an exact Q35 Ring 3 case for this assertion, then run the mutation falsifier before closing it.	Mutate the assertion or remove its witness; verification must reject tag_18_08_01.r001.
tag_18_08_01.r002	tag_18_08_01	2	Error	54a0e8c17ebb21a11f8a25b8042786ef7efe52441e6cc87e92c67e0c4c0c6e78	Apply the standard consequences for expansion, redirection, special-builtin, utility, syntax, and asynchronous-list errors in interactive and non-interactive shells.	open	missing:tag_18_08_01.r002_q35_ring3_witness	Add an exact Q35 Ring 3 case for this assertion, then run the mutation falsifier before closing it.	Mutate the assertion or remove its witness; verification must reject tag_18_08_01.r002.
tag_18_08_01.r003	tag_18_08_01	3	Non-Interactive Shell	7a1de284311e867c96f04add2178594002189f84598bc64e9dbd5e44ca2784ff	Apply the standard consequences for expansion, redirection, special-builtin, utility, syntax, and asynchronous-list errors in interactive and non-interactive shells.	open	missing:tag_18_08_01.r003_q35_ring3_witness	Add an exact Q35 Ring 3 case for this assertion, then run the mutation falsifier before closing it.	Mutate the assertion or remove its witness; verification must reject tag_18_08_01.r003.
tag_18_08_01.r004	tag_18_08_01	4	Interactive Shell	8daa4a9fafec1af36d6c76c8cbd0716872321440af9dfa9472aa14c747e35f0a	Apply the standard consequences for expansion, redirection, special-builtin, utility, syntax, and asynchronous-list errors in interactive and non-interactive shells.	open	missing:tag_18_08_01.r004_q35_ring3_witness	Add an exact Q35 Ring 3 case for this assertion, then run the mutation falsifier before closing it.	Mutate the assertion or remove its witness; verification must reject tag_18_08_01.r004.
tag_18_08_01.r005	tag_18_08_01	5	Shell Diagnostic Message Required	4fcc2104577de17f3b22d347754134d245ab028827c93070f16e99d5a69656a8	Apply the standard consequences for expansion, redirection, special-builtin, utility, syntax, and asynchronous-list errors in interactive and non-interactive shells.	open	missing:tag_18_08_01.r005_q35_ring3_witness	Add an exact Q35 Ring 3 case for this assertion, then run the mutation falsifier before closing it.	Mutate the assertion or remove its witness; verification must reject tag_18_08_01.r005.
tag_18_08_01.r006	tag_18_08_01	6	Shell language syntax error	e0b75649a7911df3e9a9e8680273ba2ae65665eefd00d35d53e0afb20a2f22c8	Apply the standard consequences for expansion, redirection, special-builtin, utility, syntax, and asynchronous-list errors in interactive and non-interactive shells.	open	missing:tag_18_08_01.r006_q35_ring3_witness	Add an exact Q35 Ring 3 case for this assertion, then run the mutation falsifier before closing it.	Mutate the assertion or remove its witness; verification must reject tag_18_08_01.r006.
tag_18_08_01.r007	tag_18_08_01	7	shall exit	2ecb0e5145b339706c7b8be6238ff31670009b0db74e67d9ffdd848f18025245	Apply the standard consequences for expansion, redirection, special-builtin, utility, syntax, and asynchronous-list errors in interactive and non-interactive shells.	open	missing:tag_18_08_01.r007_q35_ring3_witness	Add an exact Q35 Ring 3 case for this assertion, then run the mutation falsifier before closing it.	Mutate the assertion or remove its witness; verification must reject tag_18_08_01.r007.
tag_18_08_01.r008	tag_18_08_01	8	shall not exit	642eb10df1a7172dc591ffacb5165a3c8f107d8562ada24ccfaf75ce3f3ce770	Apply the standard consequences for expansion, redirection, special-builtin, utility, syntax, and asynchronous-list errors in interactive and non-interactive shells.	open	missing:tag_18_08_01.r008_q35_ring3_witness	Add an exact Q35 Ring 3 case for this assertion, then run the mutation falsifier before closing it.	Mutate the assertion or remove its witness; verification must reject tag_18_08_01.r008.
tag_18_08_01.r009	tag_18_08_01	9	yes	8a798890fe93817163b10b5f7bd2ca4d25d84c52739a645a889c173eee7d9d3d	Apply the standard consequences for expansion, redirection, special-builtin, utility, syntax, and asynchronous-list errors in interactive and non-interactive shells.	open	missing:tag_18_08_01.r009_q35_ring3_witness	Add an exact Q35 Ring 3 case for this assertion, then run the mutation falsifier before closing it.	Mutate the assertion or remove its witness; verification must reject tag_18_08_01.r009.
tag_18_08_01.r010	tag_18_08_01	10	Special built-in utility error	bc9a9cc7c80d22c835009655e56a3a461260f38f33370a6b982039356383d8dd	Apply the standard consequences for expansion, redirection, special-builtin, utility, syntax, and asynchronous-list errors in interactive and non-interactive shells.	open	missing:tag_18_08_01.r010_q35_ring3_witness	Add an exact Q35 Ring 3 case for this assertion, then run the mutation falsifier before closing it.	Mutate the assertion or remove its witness; verification must reject tag_18_08_01.r010.
tag_18_08_01.r011	tag_18_08_01	11	shall exit	2ecb0e5145b339706c7b8be6238ff31670009b0db74e67d9ffdd848f18025245	Apply the standard consequences for expansion, redirection, special-builtin, utility, syntax, and asynchronous-list errors in interactive and non-interactive shells.	open	missing:tag_18_08_01.r011_q35_ring3_witness	Add an exact Q35 Ring 3 case for this assertion, then run the mutation falsifier before closing it.	Mutate the assertion or remove its witness; verification must reject tag_18_08_01.r011.
tag_18_08_01.r012	tag_18_08_01	12	shall not exit	642eb10df1a7172dc591ffacb5165a3c8f107d8562ada24ccfaf75ce3f3ce770	Apply the standard consequences for expansion, redirection, special-builtin, utility, syntax, and asynchronous-list errors in interactive and non-interactive shells.	open	missing:tag_18_08_01.r012_q35_ring3_witness	Add an exact Q35 Ring 3 case for this assertion, then run the mutation falsifier before closing it.	Mutate the assertion or remove its witness; verification must reject tag_18_08_01.r012.
tag_18_08_01.r013	tag_18_08_01	13	no1	cd2aa329441d5e747232000741613fc519752beabfb400acbc7c8a973be2620e	Apply the standard consequences for expansion, redirection, special-builtin, utility, syntax, and asynchronous-list errors in interactive and non-interactive shells.	open	missing:tag_18_08_01.r013_q35_ring3_witness	Add an exact Q35 Ring 3 case for this assertion, then run the mutation falsifier before closing it.	Mutate the assertion or remove its witness; verification must reject tag_18_08_01.r013.
tag_18_08_01.r014	tag_18_08_01	14	Other utility (not a special built-in) error	620cb99732711ddb91635901a2dc75e3455b03dd51ae29a57be8532994d8ef4f	Apply the standard consequences for expansion, redirection, special-builtin, utility, syntax, and asynchronous-list errors in interactive and non-interactive shells.	open	missing:tag_18_08_01.r014_q35_ring3_witness	Add an exact Q35 Ring 3 case for this assertion, then run the mutation falsifier before closing it.	Mutate the assertion or remove its witness; verification must reject tag_18_08_01.r014.
tag_18_08_01.r015	tag_18_08_01	15	shall not exit	642eb10df1a7172dc591ffacb5165a3c8f107d8562ada24ccfaf75ce3f3ce770	Apply the standard consequences for expansion, redirection, special-builtin, utility, syntax, and asynchronous-list errors in interactive and non-interactive shells.	open	missing:tag_18_08_01.r015_q35_ring3_witness	Add an exact Q35 Ring 3 case for this assertion, then run the mutation falsifier before closing it.	Mutate the assertion or remove its witness; verification must reject tag_18_08_01.r015.
tag_18_08_01.r016	tag_18_08_01	16	shall not exit	642eb10df1a7172dc591ffacb5165a3c8f107d8562ada24ccfaf75ce3f3ce770	Apply the standard consequences for expansion, redirection, special-builtin, utility, syntax, and asynchronous-list errors in interactive and non-interactive shells.	open	missing:tag_18_08_01.r016_q35_ring3_witness	Add an exact Q35 Ring 3 case for this assertion, then run the mutation falsifier before closing it.	Mutate the assertion or remove its witness; verification must reject tag_18_08_01.r016.
tag_18_08_01.r017	tag_18_08_01	17	no2	83ee2e181714a43a8f8192ea0e048c452396e9d335f3590befd0bfa5f508a2c5	Apply the standard consequences for expansion, redirection, special-builtin, utility, syntax, and asynchronous-list errors in interactive and non-interactive shells.	open	missing:tag_18_08_01.r017_q35_ring3_witness	Add an exact Q35 Ring 3 case for this assertion, then run the mutation falsifier before closing it.	Mutate the assertion or remove its witness; verification must reject tag_18_08_01.r017.
tag_18_08_01.r018	tag_18_08_01	18	Redirection error with special built-in utilities	8a2e4c401ad9f3f4321f8fd382b2d28bbee201efeed5d421ef49523024b0c85d	Apply the standard consequences for expansion, redirection, special-builtin, utility, syntax, and asynchronous-list errors in interactive and non-interactive shells.	open	missing:tag_18_08_01.r018_q35_ring3_witness	Add an exact Q35 Ring 3 case for this assertion, then run the mutation falsifier before closing it.	Mutate the assertion or remove its witness; verification must reject tag_18_08_01.r018.
tag_18_08_01.r019	tag_18_08_01	19	shall exit	2ecb0e5145b339706c7b8be6238ff31670009b0db74e67d9ffdd848f18025245	Apply the standard consequences for expansion, redirection, special-builtin, utility, syntax, and asynchronous-list errors in interactive and non-interactive shells.	open	missing:tag_18_08_01.r019_q35_ring3_witness	Add an exact Q35 Ring 3 case for this assertion, then run the mutation falsifier before closing it.	Mutate the assertion or remove its witness; verification must reject tag_18_08_01.r019.
tag_18_08_01.r020	tag_18_08_01	20	shall not exit	642eb10df1a7172dc591ffacb5165a3c8f107d8562ada24ccfaf75ce3f3ce770	Apply the standard consequences for expansion, redirection, special-builtin, utility, syntax, and asynchronous-list errors in interactive and non-interactive shells.	open	missing:tag_18_08_01.r020_q35_ring3_witness	Add an exact Q35 Ring 3 case for this assertion, then run the mutation falsifier before closing it.	Mutate the assertion or remove its witness; verification must reject tag_18_08_01.r020.
tag_18_08_01.r021	tag_18_08_01	21	yes	8a798890fe93817163b10b5f7bd2ca4d25d84c52739a645a889c173eee7d9d3d	Apply the standard consequences for expansion, redirection, special-builtin, utility, syntax, and asynchronous-list errors in interactive and non-interactive shells.	open	missing:tag_18_08_01.r021_q35_ring3_witness	Add an exact Q35 Ring 3 case for this assertion, then run the mutation falsifier before closing it.	Mutate the assertion or remove its witness; verification must reject tag_18_08_01.r021.
tag_18_08_01.r022	tag_18_08_01	22	Redirection error with compound commands	f234cbf76ae1599de1428e2b8d03cb18f93eae2e53b5b5a0dd0f982d6b150cc3	Apply the standard consequences for expansion, redirection, special-builtin, utility, syntax, and asynchronous-list errors in interactive and non-interactive shells.	open	missing:tag_18_08_01.r022_q35_ring3_witness	Add an exact Q35 Ring 3 case for this assertion, then run the mutation falsifier before closing it.	Mutate the assertion or remove its witness; verification must reject tag_18_08_01.r022.
tag_18_08_01.r023	tag_18_08_01	23	may exit3	286428c6c02725516cda385cad27bfc6238923f2a672826ef71c946478ef0772	Apply the standard consequences for expansion, redirection, special-builtin, utility, syntax, and asynchronous-list errors in interactive and non-interactive shells.	open	missing:tag_18_08_01.r023_q35_ring3_witness	Add an exact Q35 Ring 3 case for this assertion, then run the mutation falsifier before closing it.	Mutate the assertion or remove its witness; verification must reject tag_18_08_01.r023.
tag_18_08_01.r024	tag_18_08_01	24	shall not exit	642eb10df1a7172dc591ffacb5165a3c8f107d8562ada24ccfaf75ce3f3ce770	Apply the standard consequences for expansion, redirection, special-builtin, utility, syntax, and asynchronous-list errors in interactive and non-interactive shells.	open	missing:tag_18_08_01.r024_q35_ring3_witness	Add an exact Q35 Ring 3 case for this assertion, then run the mutation falsifier before closing it.	Mutate the assertion or remove its witness; verification must reject tag_18_08_01.r024.
tag_18_08_01.r025	tag_18_08_01	25	yes	8a798890fe93817163b10b5f7bd2ca4d25d84c52739a645a889c173eee7d9d3d	Apply the standard consequences for expansion, redirection, special-builtin, utility, syntax, and asynchronous-list errors in interactive and non-interactive shells.	open	missing:tag_18_08_01.r025_q35_ring3_witness	Add an exact Q35 Ring 3 case for this assertion, then run the mutation falsifier before closing it.	Mutate the assertion or remove its witness; verification must reject tag_18_08_01.r025.
tag_18_08_01.r026	tag_18_08_01	26	Redirection error with function execution	9bee958f44b8b6ce46d74f669a6211305e12c63c48404175ef71d308d52562b3	Apply the standard consequences for expansion, redirection, special-builtin, utility, syntax, and asynchronous-list errors in interactive and non-interactive shells.	open	missing:tag_18_08_01.r026_q35_ring3_witness	Add an exact Q35 Ring 3 case for this assertion, then run the mutation falsifier before closing it.	Mutate the assertion or remove its witness; verification must reject tag_18_08_01.r026.
tag_18_08_01.r027	tag_18_08_01	27	may exit3	286428c6c02725516cda385cad27bfc6238923f2a672826ef71c946478ef0772	Apply the standard consequences for expansion, redirection, special-builtin, utility, syntax, and asynchronous-list errors in interactive and non-interactive shells.	open	missing:tag_18_08_01.r027_q35_ring3_witness	Add an exact Q35 Ring 3 case for this assertion, then run the mutation falsifier before closing it.	Mutate the assertion or remove its witness; verification must reject tag_18_08_01.r027.
tag_18_08_01.r028	tag_18_08_01	28	shall not exit	642eb10df1a7172dc591ffacb5165a3c8f107d8562ada24ccfaf75ce3f3ce770	Apply the standard consequences for expansion, redirection, special-builtin, utility, syntax, and asynchronous-list errors in interactive and non-interactive shells.	open	missing:tag_18_08_01.r028_q35_ring3_witness	Add an exact Q35 Ring 3 case for this assertion, then run the mutation falsifier before closing it.	Mutate the assertion or remove its witness; verification must reject tag_18_08_01.r028.
tag_18_08_01.r029	tag_18_08_01	29	yes	8a798890fe93817163b10b5f7bd2ca4d25d84c52739a645a889c173eee7d9d3d	Apply the standard consequences for expansion, redirection, special-builtin, utility, syntax, and asynchronous-list errors in interactive and non-interactive shells.	open	missing:tag_18_08_01.r029_q35_ring3_witness	Add an exact Q35 Ring 3 case for this assertion, then run the mutation falsifier before closing it.	Mutate the assertion or remove its witness; verification must reject tag_18_08_01.r029.
tag_18_08_01.r030	tag_18_08_01	30	Redirection error with other utilities (not special built-ins)	91331a1b7d6e9aaafad4690cd52b1ae69aca7d752186f9d440fa149fb0d8338e	Apply the standard consequences for expansion, redirection, special-builtin, utility, syntax, and asynchronous-list errors in interactive and non-interactive shells.	open	missing:tag_18_08_01.r030_q35_ring3_witness	Add an exact Q35 Ring 3 case for this assertion, then run the mutation falsifier before closing it.	Mutate the assertion or remove its witness; verification must reject tag_18_08_01.r030.
tag_18_08_01.r031	tag_18_08_01	31	shall not exit	642eb10df1a7172dc591ffacb5165a3c8f107d8562ada24ccfaf75ce3f3ce770	Apply the standard consequences for expansion, redirection, special-builtin, utility, syntax, and asynchronous-list errors in interactive and non-interactive shells.	open	missing:tag_18_08_01.r031_q35_ring3_witness	Add an exact Q35 Ring 3 case for this assertion, then run the mutation falsifier before closing it.	Mutate the assertion or remove its witness; verification must reject tag_18_08_01.r031.
tag_18_08_01.r032	tag_18_08_01	32	shall not exit	642eb10df1a7172dc591ffacb5165a3c8f107d8562ada24ccfaf75ce3f3ce770	Apply the standard consequences for expansion, redirection, special-builtin, utility, syntax, and asynchronous-list errors in interactive and non-interactive shells.	open	missing:tag_18_08_01.r032_q35_ring3_witness	Add an exact Q35 Ring 3 case for this assertion, then run the mutation falsifier before closing it.	Mutate the assertion or remove its witness; verification must reject tag_18_08_01.r032.
tag_18_08_01.r033	tag_18_08_01	33	yes	8a798890fe93817163b10b5f7bd2ca4d25d84c52739a645a889c173eee7d9d3d	Apply the standard consequences for expansion, redirection, special-builtin, utility, syntax, and asynchronous-list errors in interactive and non-interactive shells.	open	missing:tag_18_08_01.r033_q35_ring3_witness	Add an exact Q35 Ring 3 case for this assertion, then run the mutation falsifier before closing it.	Mutate the assertion or remove its witness; verification must reject tag_18_08_01.r033.
tag_18_08_01.r034	tag_18_08_01	34	Variable assignment error	fc00c27689f8626bf3b6bf00da46c076b2772f8d01f8f9aee7b0d3a2b951fd64	Apply the standard consequences for expansion, redirection, special-builtin, utility, syntax, and asynchronous-list errors in interactive and non-interactive shells.	open	missing:tag_18_08_01.r034_q35_ring3_witness	Add an exact Q35 Ring 3 case for this assertion, then run the mutation falsifier before closing it.	Mutate the assertion or remove its witness; verification must reject tag_18_08_01.r034.
tag_18_08_01.r035	tag_18_08_01	35	shall exit	2ecb0e5145b339706c7b8be6238ff31670009b0db74e67d9ffdd848f18025245	Apply the standard consequences for expansion, redirection, special-builtin, utility, syntax, and asynchronous-list errors in interactive and non-interactive shells.	open	missing:tag_18_08_01.r035_q35_ring3_witness	Add an exact Q35 Ring 3 case for this assertion, then run the mutation falsifier before closing it.	Mutate the assertion or remove its witness; verification must reject tag_18_08_01.r035.
tag_18_08_01.r036	tag_18_08_01	36	shall not exit	642eb10df1a7172dc591ffacb5165a3c8f107d8562ada24ccfaf75ce3f3ce770	Apply the standard consequences for expansion, redirection, special-builtin, utility, syntax, and asynchronous-list errors in interactive and non-interactive shells.	open	missing:tag_18_08_01.r036_q35_ring3_witness	Add an exact Q35 Ring 3 case for this assertion, then run the mutation falsifier before closing it.	Mutate the assertion or remove its witness; verification must reject tag_18_08_01.r036.
tag_18_08_01.r037	tag_18_08_01	37	yes	8a798890fe93817163b10b5f7bd2ca4d25d84c52739a645a889c173eee7d9d3d	Apply the standard consequences for expansion, redirection, special-builtin, utility, syntax, and asynchronous-list errors in interactive and non-interactive shells.	open	missing:tag_18_08_01.r037_q35_ring3_witness	Add an exact Q35 Ring 3 case for this assertion, then run the mutation falsifier before closing it.	Mutate the assertion or remove its witness; verification must reject tag_18_08_01.r037.
tag_18_08_01.r038	tag_18_08_01	38	Expansion error	8edf9c5e3eadca7c7a02200e14d09423977c8e182000bce23961d8c5b4198093	Apply the standard consequences for expansion, redirection, special-builtin, utility, syntax, and asynchronous-list errors in interactive and non-interactive shells.	open	missing:tag_18_08_01.r038_q35_ring3_witness	Add an exact Q35 Ring 3 case for this assertion, then run the mutation falsifier before closing it.	Mutate the assertion or remove its witness; verification must reject tag_18_08_01.r038.
tag_18_08_01.r039	tag_18_08_01	39	shall exit	2ecb0e5145b339706c7b8be6238ff31670009b0db74e67d9ffdd848f18025245	Apply the standard consequences for expansion, redirection, special-builtin, utility, syntax, and asynchronous-list errors in interactive and non-interactive shells.	open	missing:tag_18_08_01.r039_q35_ring3_witness	Add an exact Q35 Ring 3 case for this assertion, then run the mutation falsifier before closing it.	Mutate the assertion or remove its witness; verification must reject tag_18_08_01.r039.
tag_18_08_01.r040	tag_18_08_01	40	shall not exit	642eb10df1a7172dc591ffacb5165a3c8f107d8562ada24ccfaf75ce3f3ce770	Apply the standard consequences for expansion, redirection, special-builtin, utility, syntax, and asynchronous-list errors in interactive and non-interactive shells.	open	missing:tag_18_08_01.r040_q35_ring3_witness	Add an exact Q35 Ring 3 case for this assertion, then run the mutation falsifier before closing it.	Mutate the assertion or remove its witness; verification must reject tag_18_08_01.r040.
tag_18_08_01.r041	tag_18_08_01	41	yes	8a798890fe93817163b10b5f7bd2ca4d25d84c52739a645a889c173eee7d9d3d	Apply the standard consequences for expansion, redirection, special-builtin, utility, syntax, and asynchronous-list errors in interactive and non-interactive shells.	open	missing:tag_18_08_01.r041_q35_ring3_witness	Add an exact Q35 Ring 3 case for this assertion, then run the mutation falsifier before closing it.	Mutate the assertion or remove its witness; verification must reject tag_18_08_01.r041.
tag_18_08_01.r042	tag_18_08_01	42	Command not found	21f015f0d153ea8741662560696c3469be2d369e73baa4523c4a7d70eebafded	Apply the standard consequences for expansion, redirection, special-builtin, utility, syntax, and asynchronous-list errors in interactive and non-interactive shells.	open	missing:tag_18_08_01.r042_q35_ring3_witness	Add an exact Q35 Ring 3 case for this assertion, then run the mutation falsifier before closing it.	Mutate the assertion or remove its witness; verification must reject tag_18_08_01.r042.
tag_18_08_01.r043	tag_18_08_01	43	may exit	e58d9cfc2c7b070fc9f356e05c2f189bc78d6c8c303804d6cc7ee8bcecfe22a4	Apply the standard consequences for expansion, redirection, special-builtin, utility, syntax, and asynchronous-list errors in interactive and non-interactive shells.	open	missing:tag_18_08_01.r043_q35_ring3_witness	Add an exact Q35 Ring 3 case for this assertion, then run the mutation falsifier before closing it.	Mutate the assertion or remove its witness; verification must reject tag_18_08_01.r043.
tag_18_08_01.r044	tag_18_08_01	44	shall not exit	642eb10df1a7172dc591ffacb5165a3c8f107d8562ada24ccfaf75ce3f3ce770	Apply the standard consequences for expansion, redirection, special-builtin, utility, syntax, and asynchronous-list errors in interactive and non-interactive shells.	open	missing:tag_18_08_01.r044_q35_ring3_witness	Add an exact Q35 Ring 3 case for this assertion, then run the mutation falsifier before closing it.	Mutate the assertion or remove its witness; verification must reject tag_18_08_01.r044.
tag_18_08_01.r045	tag_18_08_01	45	yes	8a798890fe93817163b10b5f7bd2ca4d25d84c52739a645a889c173eee7d9d3d	Apply the standard consequences for expansion, redirection, special-builtin, utility, syntax, and asynchronous-list errors in interactive and non-interactive shells.	open	missing:tag_18_08_01.r045_q35_ring3_witness	Add an exact Q35 Ring 3 case for this assertion, then run the mutation falsifier before closing it.	Mutate the assertion or remove its witness; verification must reject tag_18_08_01.r045.
tag_18_08_01.r046	tag_18_08_01	46	Although special built-ins are part of the shell, a diagnostic message written by a special built-in is not considered to be a shell diagnostic message, and can be redirected like any other utility.	68fde6459bdc2d6ec872840888f34ba75cc8bcd889dda1b89ee707409986f364	Apply the standard consequences for expansion, redirection, special-builtin, utility, syntax, and asynchronous-list errors in interactive and non-interactive shells.	open	missing:tag_18_08_01.r046_q35_ring3_witness	Add an exact Q35 Ring 3 case for this assertion, then run the mutation falsifier before closing it.	Mutate the assertion or remove its witness; verification must reject tag_18_08_01.r046.
tag_18_08_01.r047	tag_18_08_01	47	The shell is not required to write a diagnostic message, but the utility itself shall write a diagnostic message if required to do so.	b0ab7b10fa6019341ffa9fe48257382597a5b07f927c79161610cff4c7ea5b04	Apply the standard consequences for expansion, redirection, special-builtin, utility, syntax, and asynchronous-list errors in interactive and non-interactive shells.	open	missing:tag_18_08_01.r047_q35_ring3_witness	Add an exact Q35 Ring 3 case for this assertion, then run the mutation falsifier before closing it.	Mutate the assertion or remove its witness; verification must reject tag_18_08_01.r047.
tag_18_08_01.r048	tag_18_08_01	48	A future version of this standard may require the shell to not exit in this condition.	60d6ce537f05e1e930187d0198cf93e7dbeff68165288e1c33bf83943dcc78e8	Apply the standard consequences for expansion, redirection, special-builtin, utility, syntax, and asynchronous-list errors in interactive and non-interactive shells.	open	missing:tag_18_08_01.r048_q35_ring3_witness	Add an exact Q35 Ring 3 case for this assertion, then run the mutation falsifier before closing it.	Mutate the assertion or remove its witness; verification must reject tag_18_08_01.r048.
tag_18_08_01.r049	tag_18_08_01	49	An expansion error is one that occurs when the shell expansions define in wordexp are carried out (for example, "${x!y}", because '!' is not a valid operator); an implementation may treat these as syntax errors if it is able to detect them during tokenization, rather than during expansion.	ce3c9ac1b9e9d603eb5115299b1248a41d8d3c17883b7f9601d4e15f9e215ccb	Apply the standard consequences for expansion, redirection, special-builtin, utility, syntax, and asynchronous-list errors in interactive and non-interactive shells.	open	missing:tag_18_08_01.r049_q35_ring3_witness	Add an exact Q35 Ring 3 case for this assertion, then run the mutation falsifier before closing it.	Mutate the assertion or remove its witness; verification must reject tag_18_08_01.r049.
tag_18_08_01.r050	tag_18_08_01	50	If any of the errors shown as "shall exit" or "may exit" occur in a subshell environment, the shell shall (respectively, may) exit from the subshell environment with a non-zero status and continue in the environment from which that subshell environment was invoked.	c6fed7a385e5b55bcc062a1b472dc569cd1b5566a4e44e05d50c2613a10870c1	Apply the standard consequences for expansion, redirection, special-builtin, utility, syntax, and asynchronous-list errors in interactive and non-interactive shells.	open	missing:tag_18_08_01.r050_q35_ring3_witness	Add an exact Q35 Ring 3 case for this assertion, then run the mutation falsifier before closing it.	Mutate the assertion or remove its witness; verification must reject tag_18_08_01.r050.
tag_18_08_01.r051	tag_18_08_01	51	In all of the cases shown in the table where an interactive shell is required not to exit, the shell shall not perform any further processing of the command in which the error occurred.	97a8e6bb221f38f42f4ae03d8efa38c9ba248f94bb22be82eb285cdb2a6ba333	Apply the standard consequences for expansion, redirection, special-builtin, utility, syntax, and asynchronous-list errors in interactive and non-interactive shells.	open	missing:tag_18_08_01.r051_q35_ring3_witness	Add an exact Q35 Ring 3 case for this assertion, then run the mutation falsifier before closing it.	Mutate the assertion or remove its witness; verification must reject tag_18_08_01.r051.
tag_18_09.r001	tag_18_09	1	This section describes the basic structure of shell commands. The following command descriptions each describe a format of the command that is only used to aid the reader in recognizing the command type, and does not formally represent the syntax. In particular, the representations include spacing between tokens in some places where <blank>s would not be necessary (when one of the tokens is an operator). Each description discusses the semantics of the command; for a formal definition of the command language, consult Shell Grammar.	ed1223bc98c9dd142e11b9c7a89db87b21f0ba0d264feafdf379ec642108f683	Parse and execute the complete shell command forms with their expansion, redirection, waiting, status, and environment rules.	open	missing:tag_18_09.r001_q35_ring3_witness	Add an exact Q35 Ring 3 case for this assertion, then run the mutation falsifier before closing it.	Mutate the assertion or remove its witness; verification must reject tag_18_09.r001.
tag_18_09.r002	tag_18_09	2	A command is one of the following:	c6d5b6010d21e4d2e7d36566a7513e3af2173f7c57bba4e8093db2a2253cd3f0	Parse and execute the complete shell command forms with their expansion, redirection, waiting, status, and environment rules.	open	missing:tag_18_09.r002_q35_ring3_witness	Add an exact Q35 Ring 3 case for this assertion, then run the mutation falsifier before closing it.	Mutate the assertion or remove its witness; verification must reject tag_18_09.r002.
tag_18_09.r003	tag_18_09	3	Simple command (see Simple Commands)	3cf56743129153243cd75eb766819870e767e82a0625f644c8ddadcd13c95078	Parse and execute the complete shell command forms with their expansion, redirection, waiting, status, and environment rules.	open	missing:tag_18_09.r003_q35_ring3_witness	Add an exact Q35 Ring 3 case for this assertion, then run the mutation falsifier before closing it.	Mutate the assertion or remove its witness; verification must reject tag_18_09.r003.
tag_18_09.r004	tag_18_09	4	Pipeline (see Pipelines)	df8d9ce4e7376e85496b07a0823bddc87ca73c11bb6c3c15826ffe4fb4c48dd1	Parse and execute the complete shell command forms with their expansion, redirection, waiting, status, and environment rules.	open	missing:tag_18_09.r004_q35_ring3_witness	Add an exact Q35 Ring 3 case for this assertion, then run the mutation falsifier before closing it.	Mutate the assertion or remove its witness; verification must reject tag_18_09.r004.
tag_18_09.r005	tag_18_09	5	List compound-list (see Lists)	d48b82a6e4e5360d5639ae3d0c8b76051ca338c48cfc2bbde785254c98f50fa9	Parse and execute the complete shell command forms with their expansion, redirection, waiting, status, and environment rules.	open	missing:tag_18_09.r005_q35_ring3_witness	Add an exact Q35 Ring 3 case for this assertion, then run the mutation falsifier before closing it.	Mutate the assertion or remove its witness; verification must reject tag_18_09.r005.
tag_18_09.r006	tag_18_09	6	Compound command (see Compound Commands)	4e85d1a5c4e869f71b434925f368448b9cc2aaebb2d1cc062fcdba351c72a90b	Parse and execute the complete shell command forms with their expansion, redirection, waiting, status, and environment rules.	open	missing:tag_18_09.r006_q35_ring3_witness	Add an exact Q35 Ring 3 case for this assertion, then run the mutation falsifier before closing it.	Mutate the assertion or remove its witness; verification must reject tag_18_09.r006.
tag_18_09.r007	tag_18_09	7	Function definition (see Function Definition Command)	613e4ad0392e162cd8ba1ed6144919d41b51c3b91b40377d676b4bd7e8d0245f	Parse and execute the complete shell command forms with their expansion, redirection, waiting, status, and environment rules.	open	missing:tag_18_09.r007_q35_ring3_witness	Add an exact Q35 Ring 3 case for this assertion, then run the mutation falsifier before closing it.	Mutate the assertion or remove its witness; verification must reject tag_18_09.r007.
tag_18_09.r008	tag_18_09	8	Unless otherwise stated, the exit status of a command shall be that of the last simple command executed by the command. There shall be no limit on the size of any shell command other than that imposed by the underlying system (memory constraints, {ARG_MAX}, and so on).	5c6aa29cbab486965ac85f0abc554ebff5811617043b3b876b005603f8a70f32	Parse and execute the complete shell command forms with their expansion, redirection, waiting, status, and environment rules.	open	missing:tag_18_09.r008_q35_ring3_witness	Add an exact Q35 Ring 3 case for this assertion, then run the mutation falsifier before closing it.	Mutate the assertion or remove its witness; verification must reject tag_18_09.r008.
tag_18_09.r009	tag_18_09	9	A "simple command" is a sequence of optional variable assignments and redirections, in any sequence, optionally followed by words and redirections, terminated by a control operator.	d517d049a5fb47991476894708ceb1ebf1670f36277b455c5346e18648fe4a73	Parse and execute the complete shell command forms with their expansion, redirection, waiting, status, and environment rules.	open	missing:tag_18_09.r009_q35_ring3_witness	Add an exact Q35 Ring 3 case for this assertion, then run the mutation falsifier before closing it.	Mutate the assertion or remove its witness; verification must reject tag_18_09.r009.
tag_18_09.r010	tag_18_09	10	When a given simple command is required to be executed (that is, when any conditional construct such as an AND-OR list or a case statement has not bypassed the simple command), the following expansions, assignments, and redirections shall all be performed from the beginning of the command text to the end:	664a33788b60eb016729722324c0697cd51a8125b71173c8ddc8a724517dd2d3	Parse and execute the complete shell command forms with their expansion, redirection, waiting, status, and environment rules.	open	missing:tag_18_09.r010_q35_ring3_witness	Add an exact Q35 Ring 3 case for this assertion, then run the mutation falsifier before closing it.	Mutate the assertion or remove its witness; verification must reject tag_18_09.r010.
tag_18_09.r011	tag_18_09	11	The words that are recognized as variable assignments or redirections according to Shell Grammar Rules are saved for processing in steps 3 and 4.	08d266ab42ad58a90638ceb13e81b31a1b5ea2dde4688be7b6c9942f4031533e	Parse and execute the complete shell command forms with their expansion, redirection, waiting, status, and environment rules.	open	missing:tag_18_09.r011_q35_ring3_witness	Add an exact Q35 Ring 3 case for this assertion, then run the mutation falsifier before closing it.	Mutate the assertion or remove its witness; verification must reject tag_18_09.r011.
tag_18_09.r012	tag_18_09	12	The words that are not variable assignments or redirections shall be expanded. If any fields remain following their expansion, the first field shall be considered the command name and remaining fields are the arguments for the command.	983643203b88422561eca5c1c4a66d9298592c3f4d95b91276b3f77db975fff1	Parse and execute the complete shell command forms with their expansion, redirection, waiting, status, and environment rules.	open	missing:tag_18_09.r012_q35_ring3_witness	Add an exact Q35 Ring 3 case for this assertion, then run the mutation falsifier before closing it.	Mutate the assertion or remove its witness; verification must reject tag_18_09.r012.
tag_18_09.r013	tag_18_09	13	Redirections shall be performed as described in Redirection.	eae17912e4b5a2cfe25e6234a5447a248ec8bd24fd56115a9284f0d8841c11e7	Parse and execute the complete shell command forms with their expansion, redirection, waiting, status, and environment rules.	open	missing:tag_18_09.r013_q35_ring3_witness	Add an exact Q35 Ring 3 case for this assertion, then run the mutation falsifier before closing it.	Mutate the assertion or remove its witness; verification must reject tag_18_09.r013.
tag_18_09.r014	tag_18_09	14	Each variable assignment shall be expanded for tilde expansion, parameter expansion, command substitution, arithmetic expansion, and quote removal prior to assigning the value.	3627511193f67248eb617f2d0c2829fedca41ae2c78c47cd2f6f9bc68e269856	Parse and execute the complete shell command forms with their expansion, redirection, waiting, status, and environment rules.	open	missing:tag_18_09.r014_q35_ring3_witness	Add an exact Q35 Ring 3 case for this assertion, then run the mutation falsifier before closing it.	Mutate the assertion or remove its witness; verification must reject tag_18_09.r014.
tag_18_09.r015	tag_18_09	15	In the preceding list, the order of steps 3 and 4 may be reversed if no command name results from step 2 or if the command name matches the name of a special built-in utility; see Special Built-In Utilities.	7e7b7387b01969ff629e16fe246d59ce763999e65433431581e3ca057edbc4b4	Parse and execute the complete shell command forms with their expansion, redirection, waiting, status, and environment rules.	open	missing:tag_18_09.r015_q35_ring3_witness	Add an exact Q35 Ring 3 case for this assertion, then run the mutation falsifier before closing it.	Mutate the assertion or remove its witness; verification must reject tag_18_09.r015.
tag_18_09.r016	tag_18_09	16	Variable assignments shall be performed as follows:	b26208f3a1b979ad90c42992c3652ce49098d05c472df43117a834d281e98ed4	Parse and execute the complete shell command forms with their expansion, redirection, waiting, status, and environment rules.	open	missing:tag_18_09.r016_q35_ring3_witness	Add an exact Q35 Ring 3 case for this assertion, then run the mutation falsifier before closing it.	Mutate the assertion or remove its witness; verification must reject tag_18_09.r016.
tag_18_09.r017	tag_18_09	17	If no command name results, variable assignments shall affect the current execution environment.	b6610a38ef932b52d886e8bcf93d71e1396483c09c234e148819fee3276b229b	Parse and execute the complete shell command forms with their expansion, redirection, waiting, status, and environment rules.	open	missing:tag_18_09.r017_q35_ring3_witness	Add an exact Q35 Ring 3 case for this assertion, then run the mutation falsifier before closing it.	Mutate the assertion or remove its witness; verification must reject tag_18_09.r017.
tag_18_09.r018	tag_18_09	18	If the command name is not a special built-in utility or function, the variable assignments shall be exported for the execution environment of the command and shall not affect the current execution environment except as a side-effect of the expansions performed in step 4. In this case it is unspecified: Whether or not the assignments are visible for subsequent expansions in step 4	5faa6d4aae9f8ece365c90d62037aef1b046a8fe6de8779d8f2ebf173a4ae3b6	Parse and execute the complete shell command forms with their expansion, redirection, waiting, status, and environment rules.	open	missing:tag_18_09.r018_q35_ring3_witness	Add an exact Q35 Ring 3 case for this assertion, then run the mutation falsifier before closing it.	Mutate the assertion or remove its witness; verification must reject tag_18_09.r018.
tag_18_09.r019	tag_18_09	19	Whether variable assignments made as side-effects of these expansions are visible for subsequent expansions in step 4, or in the current shell execution environment, or both	8f35b7e0f68ac14fb3d04a0fe77efab7e7f381da775e138f67ddde30e20d10f6	Parse and execute the complete shell command forms with their expansion, redirection, waiting, status, and environment rules.	open	missing:tag_18_09.r019_q35_ring3_witness	Add an exact Q35 Ring 3 case for this assertion, then run the mutation falsifier before closing it.	Mutate the assertion or remove its witness; verification must reject tag_18_09.r019.
tag_18_09.r020	tag_18_09	20	If the command name is a standard utility implemented as a function (see XBD Utility), the effect of variable assignments shall be as if the utility was not implemented as a function.	12afd895c03849b08772460007556aa257e9f7b451d4da683ea9efaa9c7882e5	Parse and execute the complete shell command forms with their expansion, redirection, waiting, status, and environment rules.	open	missing:tag_18_09.r020_q35_ring3_witness	Add an exact Q35 Ring 3 case for this assertion, then run the mutation falsifier before closing it.	Mutate the assertion or remove its witness; verification must reject tag_18_09.r020.
tag_18_09.r021	tag_18_09	21	If the command name is a special built-in utility, variable assignments shall affect the current execution environment. Unless the set -a option is on (see set), it is unspecified: Whether or not the variables gain the export attribute during the execution of the special built-in utility	e7c44bf19c80940508561857e56bccf19fc4925b3ed4979d9a813b8ac8c1cb46	Parse and execute the complete shell command forms with their expansion, redirection, waiting, status, and environment rules.	open	missing:tag_18_09.r021_q35_ring3_witness	Add an exact Q35 Ring 3 case for this assertion, then run the mutation falsifier before closing it.	Mutate the assertion or remove its witness; verification must reject tag_18_09.r021.
tag_18_09.r022	tag_18_09	22	Whether or not export attributes gained as a result of the variable assignments persist after the completion of the special built-in utility	e5f76b0e2a9f80f5db67646088695b3164a07d881b7460340cd036464d2891b7	Parse and execute the complete shell command forms with their expansion, redirection, waiting, status, and environment rules.	open	missing:tag_18_09.r022_q35_ring3_witness	Add an exact Q35 Ring 3 case for this assertion, then run the mutation falsifier before closing it.	Mutate the assertion or remove its witness; verification must reject tag_18_09.r022.
tag_18_09.r023	tag_18_09	23	If the command name is a function that is not a standard utility implemented as a function, variable assignments shall affect the current execution environment during the execution of the function. It is unspecified: Whether or not the variable assignments persist after the completion of the function	8bbe965e0e5828e6f15363d528d285d273bdcb55020c0030a737eb56119476b9	Parse and execute the complete shell command forms with their expansion, redirection, waiting, status, and environment rules.	open	missing:tag_18_09.r023_q35_ring3_witness	Add an exact Q35 Ring 3 case for this assertion, then run the mutation falsifier before closing it.	Mutate the assertion or remove its witness; verification must reject tag_18_09.r023.
tag_18_09.r024	tag_18_09	24	Whether or not the variables gain the export attribute during the execution of the function	8b3ea033a9b2cfadce5e0b7d9efcffbc6bc8f898ce61e8645619ca0a59e032bc	Parse and execute the complete shell command forms with their expansion, redirection, waiting, status, and environment rules.	open	missing:tag_18_09.r024_q35_ring3_witness	Add an exact Q35 Ring 3 case for this assertion, then run the mutation falsifier before closing it.	Mutate the assertion or remove its witness; verification must reject tag_18_09.r024.
tag_18_09.r025	tag_18_09	25	Whether or not export attributes gained as a result of the variable assignments persist after the completion of the function (if variable assignments persist after the completion of the function)	9fd5e2266ddfd112f028531b9c12e76d5cace5d1dab8e95c9e603d14e4c6ca8a	Parse and execute the complete shell command forms with their expansion, redirection, waiting, status, and environment rules.	open	missing:tag_18_09.r025_q35_ring3_witness	Add an exact Q35 Ring 3 case for this assertion, then run the mutation falsifier before closing it.	Mutate the assertion or remove its witness; verification must reject tag_18_09.r025.
tag_18_09.r026	tag_18_09	26	If any of the variable assignments attempt to assign a value to a variable for which the readonly attribute is set in the current shell environment (regardless of whether the assignment is made in that environment), a variable assignment error shall occur. See Consequences of Shell Errors for the consequences of these errors.	286e1bd631b462c085d660a89928ed629e25fed6a84d85eeffaf7bb3b13309ac	Parse and execute the complete shell command forms with their expansion, redirection, waiting, status, and environment rules.	open	missing:tag_18_09.r026_q35_ring3_witness	Add an exact Q35 Ring 3 case for this assertion, then run the mutation falsifier before closing it.	Mutate the assertion or remove its witness; verification must reject tag_18_09.r026.
tag_18_09.r027	tag_18_09	27	If there is no command name, any redirections shall be performed in a subshell environment; it is unspecified whether this subshell environment is the same one as that used for a command substitution within the command. (To affect the current execution environment, see the exec special built-in.) If any of the redirections performed in the current shell execution environment fail, the command shall immediately fail with an exit status greater than zero, and the shell shall write an error message indicating the failure. See Consequences of Shell Errors for the consequences of these failures on interactive and non-interactive shells.	6406db75e8cc801f91ee0941670b2bcecb601079094dcb3f5184a406638fbf10	Parse and execute the complete shell command forms with their expansion, redirection, waiting, status, and environment rules.	open	missing:tag_18_09.r027_q35_ring3_witness	Add an exact Q35 Ring 3 case for this assertion, then run the mutation falsifier before closing it.	Mutate the assertion or remove its witness; verification must reject tag_18_09.r027.
tag_18_09.r028	tag_18_09	28	If there is a command name, execution shall continue as described in Command Search and Execution . If there is no command name, but the command contained a command substitution, the command shall complete with the exit status of the last command substitution performed. Otherwise, the command shall complete with a zero exit status.	5be46bf7bae1c14df1ae490669d34960994120fba3b722de6f0448ebda7f1325	Parse and execute the complete shell command forms with their expansion, redirection, waiting, status, and environment rules.	open	missing:tag_18_09.r028_q35_ring3_witness	Add an exact Q35 Ring 3 case for this assertion, then run the mutation falsifier before closing it.	Mutate the assertion or remove its witness; verification must reject tag_18_09.r028.
tag_18_09.r029	tag_18_09	29	If a simple command results in a command name and an optional list of arguments, the following actions shall be performed:	e4511806cc678095e26076f81704ae9593ec2ae15bfafc89b0d550ba1a5a136e	Parse and execute the complete shell command forms with their expansion, redirection, waiting, status, and environment rules.	open	missing:tag_18_09.r029_q35_ring3_witness	Add an exact Q35 Ring 3 case for this assertion, then run the mutation falsifier before closing it.	Mutate the assertion or remove its witness; verification must reject tag_18_09.r029.
tag_18_09.r030	tag_18_09	30	If the command name does not contain any <slash> characters, the first successful step in the following sequence shall occur: If the command name matches the name of a special built-in utility, that special built-in utility shall be invoked.	31186f14754ff3c3f4fd9f4080c1bfacaad1749937aac9e0d231e98a6705757c	Parse and execute the complete shell command forms with their expansion, redirection, waiting, status, and environment rules.	open	missing:tag_18_09.r030_q35_ring3_witness	Add an exact Q35 Ring 3 case for this assertion, then run the mutation falsifier before closing it.	Mutate the assertion or remove its witness; verification must reject tag_18_09.r030.
tag_18_09.r031	tag_18_09	31	If the command name matches the name of a utility listed in the following table, the results are unspecified. alloc autoload bind bindkey builtin bye caller cap chdir clone comparguments compcall compctl compdescribe compfiles compgen compgroups complete compquote comptags comptry compvalues declare dirs disable disown dosh echotc echoti help history hist let local login logout map mapfile popd print pushd readarray repeat savehistory source shopt stop suspend typeset whence	847bdaea391735205d0b251243707831b1e51c07a1ec09beb8082db14a8fe301	Parse and execute the complete shell command forms with their expansion, redirection, waiting, status, and environment rules.	open	missing:tag_18_09.r031_q35_ring3_witness	Add an exact Q35 Ring 3 case for this assertion, then run the mutation falsifier before closing it.	Mutate the assertion or remove its witness; verification must reject tag_18_09.r031.
tag_18_09.r032	tag_18_09	32	If the command name matches the name of a function known to this shell, the function shall be invoked as described in Function Definition Command. If the implementation has provided a standard utility in the form of a function, it shall not be recognized at this point. It shall be invoked in conjunction with the path search in step 1e.	4e6d2eae5297f6a9af287575b3916ade2531a5becc0326454d5d58ae52bc7359	Parse and execute the complete shell command forms with their expansion, redirection, waiting, status, and environment rules.	open	missing:tag_18_09.r032_q35_ring3_witness	Add an exact Q35 Ring 3 case for this assertion, then run the mutation falsifier before closing it.	Mutate the assertion or remove its witness; verification must reject tag_18_09.r032.
tag_18_09.r033	tag_18_09	33	If the command name matches the name [XSI] of the type or ulimit utility, or of a utility listed in the following table, that utility shall be invoked. alias bg cd command false fc fg getopts hash jobs kill newgrp pwd read true umask unalias wait	7c9d523c2935d6803c04738c1654e6918a890a305d8a049ed0c70ed31ae906bd	Parse and execute the complete shell command forms with their expansion, redirection, waiting, status, and environment rules.	open	missing:tag_18_09.r033_q35_ring3_witness	Add an exact Q35 Ring 3 case for this assertion, then run the mutation falsifier before closing it.	Mutate the assertion or remove its witness; verification must reject tag_18_09.r033.
tag_18_09.r034	tag_18_09	34	Otherwise, the command shall be searched for using the PATH environment variable as described in XBD Environment Variables : If the search is successful: If the system has implemented the utility as a regular built-in or as a shell function, it shall be invoked at this point in the path search.	dd0385bdaa0503e632c444a783323de7e5cb59cf46638f1e465f0ccc35613d6a	Parse and execute the complete shell command forms with their expansion, redirection, waiting, status, and environment rules.	open	missing:tag_18_09.r034_q35_ring3_witness	Add an exact Q35 Ring 3 case for this assertion, then run the mutation falsifier before closing it.	Mutate the assertion or remove its witness; verification must reject tag_18_09.r034.
tag_18_09.r035	tag_18_09	35	Otherwise, the shell executes the utility in a separate utility environment (see Shell Execution Environment) with actions equivalent to calling the execl() function as defined in the System Interfaces volume of POSIX.1-2017 with the path argument set to the pathname resulting from the search, arg0 set to the command name, and the remaining execl() arguments set to the command arguments (if any) and the null terminator. If the execl() function fails due to an error equivalent to the [ENOEXEC] error defined in the System Interfaces volume of POSIX.1-2017, the shell shall execute a command equivalent to having a shell invoked with the pathname resulting from the search as its first operand, with any remaining arguments passed to the new shell, except that the value of "$0" in the new shell may be set to the command name. If the executable file is not a text file, the shell may bypass this command execution. In this case, it shall write an error message, and shall return an exit status of 126. It is unspecified whether environment variables that were passed to the shell when it was invoked, but were not used to initialize shell variables (see Shell Variables) because they had invalid names, are included in the environment passed to execl() and (if execl() fails as described above) to the new shell.	32bf88c4afff653d30a3f07f6473192b962971a8e1426d61cad6b5123306419c	Parse and execute the complete shell command forms with their expansion, redirection, waiting, status, and environment rules.	open	missing:tag_18_09.r035_q35_ring3_witness	Add an exact Q35 Ring 3 case for this assertion, then run the mutation falsifier before closing it.	Mutate the assertion or remove its witness; verification must reject tag_18_09.r035.
tag_18_09.r036	tag_18_09	36	Once a utility has been searched for and found (either as a result of this specific search or as part of an unspecified shell start-up activity), an implementation may remember its location and need not search for the utility again unless the PATH variable has been the subject of an assignment. If the remembered location fails for a subsequent invocation, the shell shall repeat the search to find the new location for the utility, if any.	6076c0507e9518eeead3788581f53884f7a9410d6c77e2d45d576431c38020bd	Parse and execute the complete shell command forms with their expansion, redirection, waiting, status, and environment rules.	open	missing:tag_18_09.r036_q35_ring3_witness	Add an exact Q35 Ring 3 case for this assertion, then run the mutation falsifier before closing it.	Mutate the assertion or remove its witness; verification must reject tag_18_09.r036.
tag_18_09.r037	tag_18_09	37	If the search is unsuccessful, the command shall fail with an exit status of 127 and the shell shall write an error message.	2ea0613eb4230cc8b788c5f74463572df92b916d83a567ee79616ba00df24516	Parse and execute the complete shell command forms with their expansion, redirection, waiting, status, and environment rules.	open	missing:tag_18_09.r037_q35_ring3_witness	Add an exact Q35 Ring 3 case for this assertion, then run the mutation falsifier before closing it.	Mutate the assertion or remove its witness; verification must reject tag_18_09.r037.
tag_18_09.r038	tag_18_09	38	If the command name contains at least one <slash>, the shell shall execute the utility in a separate utility environment with actions equivalent to calling the execl() function defined in the System Interfaces volume of POSIX.1-2017 with the path and arg0 arguments set to the command name, and the remaining execl() arguments set to the command arguments (if any) and the null terminator. If the execl() function fails due to an error equivalent to the [ENOEXEC] error, the shell shall execute a command equivalent to having a shell invoked with the command name as its first operand, with any remaining arguments passed to the new shell. If the executable file is not a text file, the shell may bypass this command execution. In this case, it shall write an error message and shall return an exit status of 126. It is unspecified whether environment variables that were passed to the shell when it was invoked, but were not used to initialize shell variables (see Shell Variables) because they had invalid names, are included in the environment passed to execl() and (if execl() fails as described above) to the new shell.	c2ae735f06089695d53b5ea5d901e6860a6bf7841f302377ce05b2d6ffaaab8c	Parse and execute the complete shell command forms with their expansion, redirection, waiting, status, and environment rules.	open	missing:tag_18_09.r038_q35_ring3_witness	Add an exact Q35 Ring 3 case for this assertion, then run the mutation falsifier before closing it.	Mutate the assertion or remove its witness; verification must reject tag_18_09.r038.
tag_18_09.r039	tag_18_09	39	If the utility would be executed with file descriptor 0, 1, or 2 closed, implementations may execute the utility with the file descriptor open to an unspecified file. If a standard utility or a conforming application is executed with file descriptor 0 not open for reading or with file descriptor 1 or 2 not open for writing, the environment in which the utility or application is executed shall be deemed non-conforming, and consequently the utility or application might not behave as described in this standard.	4d31ef43315c8ba81fa58363848ff9580ddd230ed201021bdab8661edb3d95cb	Parse and execute the complete shell command forms with their expansion, redirection, waiting, status, and environment rules.	open	missing:tag_18_09.r039_q35_ring3_witness	Add an exact Q35 Ring 3 case for this assertion, then run the mutation falsifier before closing it.	Mutate the assertion or remove its witness; verification must reject tag_18_09.r039.
tag_18_09.r040	tag_18_09	40	A pipeline is a sequence of one or more commands separated by the control operator '|'. For each command but the last, the shell shall connect the standard output of the command to the standard input of the next command as if by creating a pipe and passing the write end of the pipe as the standard output of the command and the read end of the pipe as the standard input of the next command.	fd07d3b82aa42d5f892f46858f0c5dc8399286d75eeadaa8470c21e284360f1b	Parse and execute the complete shell command forms with their expansion, redirection, waiting, status, and environment rules.	open	missing:tag_18_09.r040_q35_ring3_witness	Add an exact Q35 Ring 3 case for this assertion, then run the mutation falsifier before closing it.	Mutate the assertion or remove its witness; verification must reject tag_18_09.r040.
tag_18_09.r041	tag_18_09	41	The format for a pipeline is:	932321768a4d1859bdd0f6947b82d262974b750f1acd7a7a5767fea483c99b24	Parse and execute the complete shell command forms with their expansion, redirection, waiting, status, and environment rules.	open	missing:tag_18_09.r041_q35_ring3_witness	Add an exact Q35 Ring 3 case for this assertion, then run the mutation falsifier before closing it.	Mutate the assertion or remove its witness; verification must reject tag_18_09.r041.
tag_18_09.r042	tag_18_09	42	If the pipeline begins with the reserved word ! and command1 is a subshell command, the application shall ensure that the ( operator at the beginning of command1 is separated from the ! by one or more <blank> characters. The behavior of the reserved word ! immediately followed by the ( operator is unspecified.	08c82d65463e2fa887e00aa65e1e2792e454d809086737b03788f9ca1e3cf25d	Parse and execute the complete shell command forms with their expansion, redirection, waiting, status, and environment rules.	open	missing:tag_18_09.r042_q35_ring3_witness	Add an exact Q35 Ring 3 case for this assertion, then run the mutation falsifier before closing it.	Mutate the assertion or remove its witness; verification must reject tag_18_09.r042.
tag_18_09.r043	tag_18_09	43	The standard output of command1 shall be connected to the standard input of command2. The standard input, standard output, or both of a command shall be considered to be assigned by the pipeline before any redirection specified by redirection operators that are part of the command (see Redirection).	d9b6e06d90923526b8dbbc2c52c898ef4e86eacd3e9b15fecb557f516efc8946	Parse and execute the complete shell command forms with their expansion, redirection, waiting, status, and environment rules.	open	missing:tag_18_09.r043_q35_ring3_witness	Add an exact Q35 Ring 3 case for this assertion, then run the mutation falsifier before closing it.	Mutate the assertion or remove its witness; verification must reject tag_18_09.r043.
tag_18_09.r044	tag_18_09	44	If the pipeline is not in the background (see Asynchronous Lists), the shell shall wait for the last command specified in the pipeline to complete, and may also wait for all commands to complete.	af1ec60e4231977b8478d4b3a35d14dba1bd2ac438b66f1cc8c52f843b0f54f2	Parse and execute the complete shell command forms with their expansion, redirection, waiting, status, and environment rules.	open	missing:tag_18_09.r044_q35_ring3_witness	Add an exact Q35 Ring 3 case for this assertion, then run the mutation falsifier before closing it.	Mutate the assertion or remove its witness; verification must reject tag_18_09.r044.
tag_18_09.r045	tag_18_09	45	If the pipeline does not begin with the ! reserved word, the exit status shall be the exit status of the last command specified in the pipeline. Otherwise, the exit status shall be the logical NOT of the exit status of the last command. That is, if the last command returns zero, the exit status shall be 1; if the last command returns greater than zero, the exit status shall be zero.	45e2b33d21c619d5e9f1c007520f450a8bd4dd39ec78b8f6dd01036658c3a473	Parse and execute the complete shell command forms with their expansion, redirection, waiting, status, and environment rules.	open	missing:tag_18_09.r045_q35_ring3_witness	Add an exact Q35 Ring 3 case for this assertion, then run the mutation falsifier before closing it.	Mutate the assertion or remove its witness; verification must reject tag_18_09.r045.
tag_18_09.r046	tag_18_09	46	An AND-OR list is a sequence of one or more pipelines separated by the operators "&&" and "||" .	636677515fec22df91828ac75f9a7098a599aac7dae69e5a62f939bf99b50aa9	Parse and execute the complete shell command forms with their expansion, redirection, waiting, status, and environment rules.	open	missing:tag_18_09.r046_q35_ring3_witness	Add an exact Q35 Ring 3 case for this assertion, then run the mutation falsifier before closing it.	Mutate the assertion or remove its witness; verification must reject tag_18_09.r046.
tag_18_09.r047	tag_18_09	47	A list is a sequence of one or more AND-OR lists separated by the operators ';' and '&'.	f0c3147bfcc22a7abc416a19b3d05a7b7b8237f1a2b78d0aa0184976af0569c1	Parse and execute the complete shell command forms with their expansion, redirection, waiting, status, and environment rules.	open	missing:tag_18_09.r047_q35_ring3_witness	Add an exact Q35 Ring 3 case for this assertion, then run the mutation falsifier before closing it.	Mutate the assertion or remove its witness; verification must reject tag_18_09.r047.
tag_18_09.r048	tag_18_09	48	The operators "&&" and "||" shall have equal precedence and shall be evaluated with left associativity. For example, both of the following commands write solely bar to standard output:	4e19c6200130d2c091bf83f12ac2ef13dc779f40a2ed05d79017b491994e5fba	Parse and execute the complete shell command forms with their expansion, redirection, waiting, status, and environment rules.	open	missing:tag_18_09.r048_q35_ring3_witness	Add an exact Q35 Ring 3 case for this assertion, then run the mutation falsifier before closing it.	Mutate the assertion or remove its witness; verification must reject tag_18_09.r048.
tag_18_09.r049	tag_18_09	49	A ';' separator or a ';' or <newline> terminator shall cause the preceding AND-OR list to be executed sequentially; an '&' separator or terminator shall cause asynchronous execution of the preceding AND-OR list.	cf685e74e950b875360d866c85ce53c7bd9cb1c151565d673cc79b54be11056d	Parse and execute the complete shell command forms with their expansion, redirection, waiting, status, and environment rules.	open	missing:tag_18_09.r049_q35_ring3_witness	Add an exact Q35 Ring 3 case for this assertion, then run the mutation falsifier before closing it.	Mutate the assertion or remove its witness; verification must reject tag_18_09.r049.
tag_18_09.r050	tag_18_09	50	The term "compound-list" is derived from the grammar in Shell Grammar; it is equivalent to a sequence of lists, separated by <newline> characters, that can be preceded or followed by an arbitrary number of <newline> characters.	f8336a05631ee41195e11370ba074b8c3542f16e1a496b8c1e253a7198f0d35a	Parse and execute the complete shell command forms with their expansion, redirection, waiting, status, and environment rules.	open	missing:tag_18_09.r050_q35_ring3_witness	Add an exact Q35 Ring 3 case for this assertion, then run the mutation falsifier before closing it.	Mutate the assertion or remove its witness; verification must reject tag_18_09.r050.
tag_18_09.r051	tag_18_09	51	If a command is terminated by the control operator <ampersand> ( '&' ), the shell shall execute the command asynchronously in a subshell. This means that the shell shall not wait for the command to finish before executing the next command.	5542b91d3dccc0be901fda0e69a5c12125e606a9bc92b79576a22816916874af	Parse and execute the complete shell command forms with their expansion, redirection, waiting, status, and environment rules.	open	missing:tag_18_09.r051_q35_ring3_witness	Add an exact Q35 Ring 3 case for this assertion, then run the mutation falsifier before closing it.	Mutate the assertion or remove its witness; verification must reject tag_18_09.r051.
tag_18_09.r052	tag_18_09	52	The format for running a command in the background is:	2968f45577f6811496910230450fe690d969e8daaf1f05fb01f5a61b253da228	Parse and execute the complete shell command forms with their expansion, redirection, waiting, status, and environment rules.	open	missing:tag_18_09.r052_q35_ring3_witness	Add an exact Q35 Ring 3 case for this assertion, then run the mutation falsifier before closing it.	Mutate the assertion or remove its witness; verification must reject tag_18_09.r052.
tag_18_09.r053	tag_18_09	53	If job control is disabled (see set, -m), the standard input for an asynchronous list, before any explicit redirections are performed, shall be considered to be assigned to a file that has the same properties as /dev/null. This shall not happen if job control is enabled. In all cases, explicit redirection of standard input shall override this activity.	ef2cc6d8c55d5c952c61621f0bfc7c3c204c874f68c0d539e21502717c396440	Parse and execute the complete shell command forms with their expansion, redirection, waiting, status, and environment rules.	open	missing:tag_18_09.r053_q35_ring3_witness	Add an exact Q35 Ring 3 case for this assertion, then run the mutation falsifier before closing it.	Mutate the assertion or remove its witness; verification must reject tag_18_09.r053.
tag_18_09.r054	tag_18_09	54	When an element of an asynchronous list (the portion of the list ended by an <ampersand>, such as command1, above) is started by the shell, the process ID of the last command in the asynchronous list element shall become known in the current shell execution environment; see Shell Execution Environment. This process ID shall remain known until:	017527dd1d7273fc137ac9b4c2a5bd9c25ce3888f25ab58ed248b392beb7621a	Parse and execute the complete shell command forms with their expansion, redirection, waiting, status, and environment rules.	open	missing:tag_18_09.r054_q35_ring3_witness	Add an exact Q35 Ring 3 case for this assertion, then run the mutation falsifier before closing it.	Mutate the assertion or remove its witness; verification must reject tag_18_09.r054.
tag_18_09.r055	tag_18_09	55	The command terminates and the application waits for the process ID.	10660c9538c60d4700360d349a21fa3f77a624309d81c4efbe458e0690f5221a	Parse and execute the complete shell command forms with their expansion, redirection, waiting, status, and environment rules.	open	missing:tag_18_09.r055_q35_ring3_witness	Add an exact Q35 Ring 3 case for this assertion, then run the mutation falsifier before closing it.	Mutate the assertion or remove its witness; verification must reject tag_18_09.r055.
tag_18_09.r056	tag_18_09	56	Another asynchronous list is invoked before "$!" (corresponding to the previous asynchronous list) is expanded in the current execution environment.	7f5ba932544eb3d15403fbe2b35168f15dd7177fc20de573a9f508fdccb89d5b	Parse and execute the complete shell command forms with their expansion, redirection, waiting, status, and environment rules.	open	missing:tag_18_09.r056_q35_ring3_witness	Add an exact Q35 Ring 3 case for this assertion, then run the mutation falsifier before closing it.	Mutate the assertion or remove its witness; verification must reject tag_18_09.r056.
tag_18_09.r057	tag_18_09	57	The implementation need not retain more than the {CHILD_MAX} most recent entries in its list of known process IDs in the current shell execution environment.	24b357549d4ecfcc4d0ff88ce0e28839e12db8e108d5506a0a95bd59a5efb80b	Parse and execute the complete shell command forms with their expansion, redirection, waiting, status, and environment rules.	open	missing:tag_18_09.r057_q35_ring3_witness	Add an exact Q35 Ring 3 case for this assertion, then run the mutation falsifier before closing it.	Mutate the assertion or remove its witness; verification must reject tag_18_09.r057.
tag_18_09.r058	tag_18_09	58	The exit status of an asynchronous list shall be zero.	a7df3873552d54f51be27b4ce04e84dea01bd31f58c99aaf5a2c8db99af2add8	Parse and execute the complete shell command forms with their expansion, redirection, waiting, status, and environment rules.	open	missing:tag_18_09.r058_q35_ring3_witness	Add an exact Q35 Ring 3 case for this assertion, then run the mutation falsifier before closing it.	Mutate the assertion or remove its witness; verification must reject tag_18_09.r058.
tag_18_09.r059	tag_18_09	59	Commands that are separated by a <semicolon> ( ';' ) shall be executed sequentially.	73bf5c71b464df1a8e4ba443c19debfd9a3a11cbd7aff9203041e67331677e89	Parse and execute the complete shell command forms with their expansion, redirection, waiting, status, and environment rules.	open	missing:tag_18_09.r059_q35_ring3_witness	Add an exact Q35 Ring 3 case for this assertion, then run the mutation falsifier before closing it.	Mutate the assertion or remove its witness; verification must reject tag_18_09.r059.
tag_18_09.r060	tag_18_09	60	The format for executing commands sequentially shall be:	1fb383c6a8ac24c6dfbbd7b41eb0aeb1b2c63bade2d4a3b7a66a9baee8091433	Parse and execute the complete shell command forms with their expansion, redirection, waiting, status, and environment rules.	open	missing:tag_18_09.r060_q35_ring3_witness	Add an exact Q35 Ring 3 case for this assertion, then run the mutation falsifier before closing it.	Mutate the assertion or remove its witness; verification must reject tag_18_09.r060.
tag_18_09.r061	tag_18_09	61	Each command shall be expanded and executed in the order specified.	5540bf1fb82a472ce14e539b2ea779df2706ed32f4d3cc902c19606d27b33193	Parse and execute the complete shell command forms with their expansion, redirection, waiting, status, and environment rules.	open	missing:tag_18_09.r061_q35_ring3_witness	Add an exact Q35 Ring 3 case for this assertion, then run the mutation falsifier before closing it.	Mutate the assertion or remove its witness; verification must reject tag_18_09.r061.
tag_18_09.r062	tag_18_09	62	The exit status of a sequential list shall be the exit status of the last command in the list.	23c2999ac2005ca1d704f8e23b86e013d13ddb054e0e8360dc72c4503137f05e	Parse and execute the complete shell command forms with their expansion, redirection, waiting, status, and environment rules.	open	missing:tag_18_09.r062_q35_ring3_witness	Add an exact Q35 Ring 3 case for this assertion, then run the mutation falsifier before closing it.	Mutate the assertion or remove its witness; verification must reject tag_18_09.r062.
tag_18_09.r063	tag_18_09	63	The control operator "&&" denotes an AND list. The format shall be:	26ae94754f9ce57735bcbda7417a7c1198262874aec3a4d1b6b19e75ace3ceb2	Parse and execute the complete shell command forms with their expansion, redirection, waiting, status, and environment rules.	open	missing:tag_18_09.r063_q35_ring3_witness	Add an exact Q35 Ring 3 case for this assertion, then run the mutation falsifier before closing it.	Mutate the assertion or remove its witness; verification must reject tag_18_09.r063.
tag_18_09.r064	tag_18_09	64	First command1 shall be executed. If its exit status is zero, command2 shall be executed, and so on, until a command has a non-zero exit status or there are no more commands left to execute. The commands are expanded only if they are executed.	eaf0400591f1b93a49e3d00ac1794efcea72d22443a8fce574bb900d3af62e5e	Parse and execute the complete shell command forms with their expansion, redirection, waiting, status, and environment rules.	open	missing:tag_18_09.r064_q35_ring3_witness	Add an exact Q35 Ring 3 case for this assertion, then run the mutation falsifier before closing it.	Mutate the assertion or remove its witness; verification must reject tag_18_09.r064.
tag_18_09.r065	tag_18_09	65	The exit status of an AND list shall be the exit status of the last command that is executed in the list.	81b951ad5a1a36b8b7df01a7fc3ccf25a1ecafc2772c7fd43abd4b1be6f3240f	Parse and execute the complete shell command forms with their expansion, redirection, waiting, status, and environment rules.	open	missing:tag_18_09.r065_q35_ring3_witness	Add an exact Q35 Ring 3 case for this assertion, then run the mutation falsifier before closing it.	Mutate the assertion or remove its witness; verification must reject tag_18_09.r065.
tag_18_09.r066	tag_18_09	66	The control operator "||" denotes an OR List. The format shall be:	239c93a78ff7e0c9ceedf959af8ea2eedaecc1636971e5c984ddb1963547cb6d	Parse and execute the complete shell command forms with their expansion, redirection, waiting, status, and environment rules.	open	missing:tag_18_09.r066_q35_ring3_witness	Add an exact Q35 Ring 3 case for this assertion, then run the mutation falsifier before closing it.	Mutate the assertion or remove its witness; verification must reject tag_18_09.r066.
tag_18_09.r067	tag_18_09	67	First, command1 shall be executed. If its exit status is non-zero, command2 shall be executed, and so on, until a command has a zero exit status or there are no more commands left to execute.	39ec43a9f370a6ab5a621d721170b951b8ad0884687b804c441666d8f4d6c697	Parse and execute the complete shell command forms with their expansion, redirection, waiting, status, and environment rules.	open	missing:tag_18_09.r067_q35_ring3_witness	Add an exact Q35 Ring 3 case for this assertion, then run the mutation falsifier before closing it.	Mutate the assertion or remove its witness; verification must reject tag_18_09.r067.
tag_18_09.r068	tag_18_09	68	The exit status of an OR list shall be the exit status of the last command that is executed in the list.	3400afed8affea302cf8eb00214c4e81db9ef9902690ffbf6de1d43bcfd593d9	Parse and execute the complete shell command forms with their expansion, redirection, waiting, status, and environment rules.	open	missing:tag_18_09.r068_q35_ring3_witness	Add an exact Q35 Ring 3 case for this assertion, then run the mutation falsifier before closing it.	Mutate the assertion or remove its witness; verification must reject tag_18_09.r068.
tag_18_09.r069	tag_18_09	69	The shell has several programming constructs that are "compound commands", which provide control flow for commands. Each of these compound commands has a reserved word or control operator at the beginning, and a corresponding terminator reserved word or operator at the end. In addition, each can be followed by redirections on the same line as the terminator. Each redirection shall apply to all the commands within the compound command that do not explicitly override that redirection.	94d1c2a431e7cf5fbe7d33f58eafa2e56aa07b015cdf7c60e9bf67ec2f22a97b	Parse and execute the complete shell command forms with their expansion, redirection, waiting, status, and environment rules.	open	missing:tag_18_09.r069_q35_ring3_witness	Add an exact Q35 Ring 3 case for this assertion, then run the mutation falsifier before closing it.	Mutate the assertion or remove its witness; verification must reject tag_18_09.r069.
tag_18_09.r070	tag_18_09	70	The format for grouping commands is as follows:	5e6adcb39ad1ed94366df5331080546b08fff208b6af30ad104d4083e9c015b7	Parse and execute the complete shell command forms with their expansion, redirection, waiting, status, and environment rules.	open	missing:tag_18_09.r070_q35_ring3_witness	Add an exact Q35 Ring 3 case for this assertion, then run the mutation falsifier before closing it.	Mutate the assertion or remove its witness; verification must reject tag_18_09.r070.
tag_18_09.r071	tag_18_09	71	( compound-list )	f688eeebcdc5a46be791c8f1e9fc7834c91cc0d6311b2c4e0464b8fe3ce9f908	Parse and execute the complete shell command forms with their expansion, redirection, waiting, status, and environment rules.	open	missing:tag_18_09.r071_q35_ring3_witness	Add an exact Q35 Ring 3 case for this assertion, then run the mutation falsifier before closing it.	Mutate the assertion or remove its witness; verification must reject tag_18_09.r071.
tag_18_09.r072	tag_18_09	72	Execute compound-list in a subshell environment; see Shell Execution Environment. Variable assignments and built-in commands that affect the environment shall not remain in effect after the list finishes. If a character sequence beginning with "((" would be parsed by the shell as an arithmetic expansion if preceded by a '$', shells which implement an extension whereby "((expression))" is evaluated as an arithmetic expression may treat the "((" as introducing as an arithmetic evaluation instead of a grouping command. A conforming application shall ensure that it separates the two leading '(' characters with white space to prevent the shell from performing an arithmetic evaluation.	e7886990b71f1885c202f9b181e99ce4f3821b8bc3bb568049bcb7fc20bad370	Parse and execute the complete shell command forms with their expansion, redirection, waiting, status, and environment rules.	open	missing:tag_18_09.r072_q35_ring3_witness	Add an exact Q35 Ring 3 case for this assertion, then run the mutation falsifier before closing it.	Mutate the assertion or remove its witness; verification must reject tag_18_09.r072.
tag_18_09.r073	tag_18_09	73	{ compound-list ; }	bf719a8b6996c2fdf6f6f85bacb6f5f0ee5ff4bb793e1dab09fbfbb9096db52c	Parse and execute the complete shell command forms with their expansion, redirection, waiting, status, and environment rules.	open	missing:tag_18_09.r073_q35_ring3_witness	Add an exact Q35 Ring 3 case for this assertion, then run the mutation falsifier before closing it.	Mutate the assertion or remove its witness; verification must reject tag_18_09.r073.
tag_18_09.r074	tag_18_09	74	Execute compound-list in the current process environment. The semicolon shown here is an example of a control operator delimiting the } reserved word. Other delimiters are possible, as shown in Shell Grammar; a <newline> is frequently used.	f1c8cf619a20fdf1e6abbbd88b87639009b566502dbfb518b6ac154fffe1f64f	Parse and execute the complete shell command forms with their expansion, redirection, waiting, status, and environment rules.	open	missing:tag_18_09.r074_q35_ring3_witness	Add an exact Q35 Ring 3 case for this assertion, then run the mutation falsifier before closing it.	Mutate the assertion or remove its witness; verification must reject tag_18_09.r074.
tag_18_09.r075	tag_18_09	75	The exit status of a grouping command shall be the exit status of compound-list.	54740c3268e3d045f6d795931903810ea61f310768b75085dbf41845a08a0cec	Parse and execute the complete shell command forms with their expansion, redirection, waiting, status, and environment rules.	open	missing:tag_18_09.r075_q35_ring3_witness	Add an exact Q35 Ring 3 case for this assertion, then run the mutation falsifier before closing it.	Mutate the assertion or remove its witness; verification must reject tag_18_09.r075.
tag_18_09.r076	tag_18_09	76	The for loop shall execute a sequence of commands for each member in a list of items. The for loop requires that the reserved words do and done be used to delimit the sequence of commands.	d0dba53b3df7545c14fb237d86b9280f971cbad857a84640f3b5d0ef0d4ebfc0	Parse and execute the complete shell command forms with their expansion, redirection, waiting, status, and environment rules.	open	missing:tag_18_09.r076_q35_ring3_witness	Add an exact Q35 Ring 3 case for this assertion, then run the mutation falsifier before closing it.	Mutate the assertion or remove its witness; verification must reject tag_18_09.r076.
tag_18_09.r077	tag_18_09	77	The format for the for loop is as follows:	02f79480728616a441e0dc39e9d3115bca4d7b52d099dc0b6f8caafa14ab1d05	Parse and execute the complete shell command forms with their expansion, redirection, waiting, status, and environment rules.	open	missing:tag_18_09.r077_q35_ring3_witness	Add an exact Q35 Ring 3 case for this assertion, then run the mutation falsifier before closing it.	Mutate the assertion or remove its witness; verification must reject tag_18_09.r077.
tag_18_09.r078	tag_18_09	78	First, the list of words following in shall be expanded to generate a list of items. Then, the variable name shall be set to each item, in turn, and the compound-list executed each time. If no items result from the expansion, the compound-list shall not be executed. Omitting:	1da5eab6563cf51f77cde96097d394a07e1cead8204e5f888c07d196cc0c74ea	Parse and execute the complete shell command forms with their expansion, redirection, waiting, status, and environment rules.	open	missing:tag_18_09.r078_q35_ring3_witness	Add an exact Q35 Ring 3 case for this assertion, then run the mutation falsifier before closing it.	Mutate the assertion or remove its witness; verification must reject tag_18_09.r078.
tag_18_09.r079	tag_18_09	79	shall be equivalent to:	40bca25ba11637de5f7c688cbfea4a7fd89019039af159acd9af65baab4a3c2a	Parse and execute the complete shell command forms with their expansion, redirection, waiting, status, and environment rules.	open	missing:tag_18_09.r079_q35_ring3_witness	Add an exact Q35 Ring 3 case for this assertion, then run the mutation falsifier before closing it.	Mutate the assertion or remove its witness; verification must reject tag_18_09.r079.
tag_18_09.r080	tag_18_09	80	The exit status of a for command shall be the exit status of the last command that executes. If there are no items, the exit status shall be zero.	acea5fb0cc63eb367fb64b0980da3935ad92eeeb614aca206f4dc74e212f1ed1	Parse and execute the complete shell command forms with their expansion, redirection, waiting, status, and environment rules.	open	missing:tag_18_09.r080_q35_ring3_witness	Add an exact Q35 Ring 3 case for this assertion, then run the mutation falsifier before closing it.	Mutate the assertion or remove its witness; verification must reject tag_18_09.r080.
tag_18_09.r081	tag_18_09	81	The conditional construct case shall execute the compound-list corresponding to the first one of several patterns (see Pattern Matching Notation) that is matched by the string resulting from the tilde expansion, parameter expansion, command substitution, arithmetic expansion, and quote removal of the given word. The reserved word in shall denote the beginning of the patterns to be matched. Multiple patterns with the same compound-list shall be delimited by the '|' symbol. The control operator ')' terminates a list of patterns corresponding to a given action. The compound-list for each list of patterns, with the possible exception of the last, shall be terminated with ";;". The case construct terminates with the reserved word esac (case reversed).	f261ed52f230a5ef174c40d0a702e8d1fa40ae4d1fe131a418807d4f5fc52b52	Parse and execute the complete shell command forms with their expansion, redirection, waiting, status, and environment rules.	open	missing:tag_18_09.r081_q35_ring3_witness	Add an exact Q35 Ring 3 case for this assertion, then run the mutation falsifier before closing it.	Mutate the assertion or remove its witness; verification must reject tag_18_09.r081.
tag_18_09.r082	tag_18_09	82	The format for the case construct is as follows:	f03f11357bb70ce4ef9152fc12a4392d85bb06d0228159ab7c09ecef0427e7cb	Parse and execute the complete shell command forms with their expansion, redirection, waiting, status, and environment rules.	open	missing:tag_18_09.r082_q35_ring3_witness	Add an exact Q35 Ring 3 case for this assertion, then run the mutation falsifier before closing it.	Mutate the assertion or remove its witness; verification must reject tag_18_09.r082.
tag_18_09.r083	tag_18_09	83	The ";;" is optional for the last compound-list.	7b4403df83ba3d29089de82fbc181af37d7a012f58e1261c62e2cb2fed8c7487	Parse and execute the complete shell command forms with their expansion, redirection, waiting, status, and environment rules.	open	missing:tag_18_09.r083_q35_ring3_witness	Add an exact Q35 Ring 3 case for this assertion, then run the mutation falsifier before closing it.	Mutate the assertion or remove its witness; verification must reject tag_18_09.r083.
tag_18_09.r084	tag_18_09	84	In order from the beginning to the end of the case statement, each pattern that labels a compound-list shall be subjected to tilde expansion, parameter expansion, command substitution, and arithmetic expansion, and the result of these expansions shall be compared against the expansion of word, according to the rules described in Pattern Matching Notation (which also describes the effect of quoting parts of the pattern). After the first match, no more patterns shall be expanded, and the compound-list shall be executed. The order of expansion and comparison of multiple patterns that label a compound-list statement is unspecified.	de921db3612de895d8f3959be2d32d68f6ac6c75270d77408121b220d19d4f4c	Parse and execute the complete shell command forms with their expansion, redirection, waiting, status, and environment rules.	open	missing:tag_18_09.r084_q35_ring3_witness	Add an exact Q35 Ring 3 case for this assertion, then run the mutation falsifier before closing it.	Mutate the assertion or remove its witness; verification must reject tag_18_09.r084.
tag_18_09.r085	tag_18_09	85	The exit status of case shall be zero if no patterns are matched. Otherwise, the exit status shall be the exit status of the last command executed in the compound-list.	b05ae65ab0e944a4a29ba0fb510d4d3e807958bd0906f7ceef8dae0d70e534ee	Parse and execute the complete shell command forms with their expansion, redirection, waiting, status, and environment rules.	open	missing:tag_18_09.r085_q35_ring3_witness	Add an exact Q35 Ring 3 case for this assertion, then run the mutation falsifier before closing it.	Mutate the assertion or remove its witness; verification must reject tag_18_09.r085.
tag_18_09.r086	tag_18_09	86	The if command shall execute a compound-list and use its exit status to determine whether to execute another compound-list.	5247b831f6f043aa05a08fe4dfe44feacaee7c3ada98ff6b3dd64648d3b5b654	Parse and execute the complete shell command forms with their expansion, redirection, waiting, status, and environment rules.	open	missing:tag_18_09.r086_q35_ring3_witness	Add an exact Q35 Ring 3 case for this assertion, then run the mutation falsifier before closing it.	Mutate the assertion or remove its witness; verification must reject tag_18_09.r086.
tag_18_09.r087	tag_18_09	87	The format for the if construct is as follows:	9d8e75a2680a03881e5e27532d247b4b2ebd60a2577d3e32c15d195f74c9bedf	Parse and execute the complete shell command forms with their expansion, redirection, waiting, status, and environment rules.	open	missing:tag_18_09.r087_q35_ring3_witness	Add an exact Q35 Ring 3 case for this assertion, then run the mutation falsifier before closing it.	Mutate the assertion or remove its witness; verification must reject tag_18_09.r087.
tag_18_09.r088	tag_18_09	88	The if compound-list shall be executed; if its exit status is zero, the then compound-list shall be executed and the command shall complete. Otherwise, each elif compound-list shall be executed, in turn, and if its exit status is zero, the then compound-list shall be executed and the command shall complete. Otherwise, the else compound-list shall be executed.	3238ade29e06ffb0c8b1f4d1f5baeab6f71f2a8a90752f6eab45b459cea5dc88	Parse and execute the complete shell command forms with their expansion, redirection, waiting, status, and environment rules.	open	missing:tag_18_09.r088_q35_ring3_witness	Add an exact Q35 Ring 3 case for this assertion, then run the mutation falsifier before closing it.	Mutate the assertion or remove its witness; verification must reject tag_18_09.r088.
tag_18_09.r089	tag_18_09	89	The exit status of the if command shall be the exit status of the then or else compound-list that was executed, or zero, if none was executed.	da241ea80255465d9a64349536c4ed9684dffcef5b3424ae753fae2e940554a4	Parse and execute the complete shell command forms with their expansion, redirection, waiting, status, and environment rules.	open	missing:tag_18_09.r089_q35_ring3_witness	Add an exact Q35 Ring 3 case for this assertion, then run the mutation falsifier before closing it.	Mutate the assertion or remove its witness; verification must reject tag_18_09.r089.
tag_18_09.r090	tag_18_09	90	The while loop shall continuously execute one compound-list as long as another compound-list has a zero exit status.	fc005ec89a43e92637f53688b08b8ca0a9a0b78878572f07dc26e011bd4bcefa	Parse and execute the complete shell command forms with their expansion, redirection, waiting, status, and environment rules.	open	missing:tag_18_09.r090_q35_ring3_witness	Add an exact Q35 Ring 3 case for this assertion, then run the mutation falsifier before closing it.	Mutate the assertion or remove its witness; verification must reject tag_18_09.r090.
tag_18_09.r091	tag_18_09	91	The format of the while loop is as follows:	e6da9c37c186c3a1684d91ee518b73d8ebc5aef27be755350ce3ccea3a8e1eb1	Parse and execute the complete shell command forms with their expansion, redirection, waiting, status, and environment rules.	open	missing:tag_18_09.r091_q35_ring3_witness	Add an exact Q35 Ring 3 case for this assertion, then run the mutation falsifier before closing it.	Mutate the assertion or remove its witness; verification must reject tag_18_09.r091.
tag_18_09.r092	tag_18_09	92	The compound-list-1 shall be executed, and if it has a non-zero exit status, the while command shall complete. Otherwise, the compound-list-2 shall be executed, and the process shall repeat.	2eb10372a7b081c26345db36efd85608f9425b1d23c352587341eaf5b4695d1e	Parse and execute the complete shell command forms with their expansion, redirection, waiting, status, and environment rules.	open	missing:tag_18_09.r092_q35_ring3_witness	Add an exact Q35 Ring 3 case for this assertion, then run the mutation falsifier before closing it.	Mutate the assertion or remove its witness; verification must reject tag_18_09.r092.
tag_18_09.r093	tag_18_09	93	The exit status of the while loop shall be the exit status of the last compound-list-2 executed, or zero if none was executed.	6d8392cd130237550474703438f5f3c2598b6bea6976664a4ef9ea19f6469292	Parse and execute the complete shell command forms with their expansion, redirection, waiting, status, and environment rules.	open	missing:tag_18_09.r093_q35_ring3_witness	Add an exact Q35 Ring 3 case for this assertion, then run the mutation falsifier before closing it.	Mutate the assertion or remove its witness; verification must reject tag_18_09.r093.
tag_18_09.r094	tag_18_09	94	The until loop shall continuously execute one compound-list as long as another compound-list has a non-zero exit status.	636f5d4e5aefcfc7776a2afab7a6f68ab68c2ba80e8669a1be2d164261fb3f7d	Parse and execute the complete shell command forms with their expansion, redirection, waiting, status, and environment rules.	open	missing:tag_18_09.r094_q35_ring3_witness	Add an exact Q35 Ring 3 case for this assertion, then run the mutation falsifier before closing it.	Mutate the assertion or remove its witness; verification must reject tag_18_09.r094.
tag_18_09.r095	tag_18_09	95	The format of the until loop is as follows:	ef9b59bc55373e4684f3d3c12726b5a8e722a6f0eddcbfb50cecd43850855994	Parse and execute the complete shell command forms with their expansion, redirection, waiting, status, and environment rules.	open	missing:tag_18_09.r095_q35_ring3_witness	Add an exact Q35 Ring 3 case for this assertion, then run the mutation falsifier before closing it.	Mutate the assertion or remove its witness; verification must reject tag_18_09.r095.
tag_18_09.r096	tag_18_09	96	The compound-list-1 shall be executed, and if it has a zero exit status, the until command completes. Otherwise, the compound-list-2 shall be executed, and the process repeats.	6cd823d74b6b828b0c539609eb3358c8fe858c5c2a14e16aa099f5dc9a171cdd	Parse and execute the complete shell command forms with their expansion, redirection, waiting, status, and environment rules.	open	missing:tag_18_09.r096_q35_ring3_witness	Add an exact Q35 Ring 3 case for this assertion, then run the mutation falsifier before closing it.	Mutate the assertion or remove its witness; verification must reject tag_18_09.r096.
tag_18_09.r097	tag_18_09	97	The exit status of the until loop shall be the exit status of the last compound-list-2 executed, or zero if none was executed.	54987f8ae27a1105a5c4e7de2b0fb75d3313880fa69eeba79d322aca3eba7db0	Parse and execute the complete shell command forms with their expansion, redirection, waiting, status, and environment rules.	open	missing:tag_18_09.r097_q35_ring3_witness	Add an exact Q35 Ring 3 case for this assertion, then run the mutation falsifier before closing it.	Mutate the assertion or remove its witness; verification must reject tag_18_09.r097.
tag_18_09.r098	tag_18_09	98	A function is a user-defined name that is used as a simple command to call a compound command with new positional parameters. A function is defined with a "function definition command".	82491df4bdc13d4db01201c1be7fc5bea1d2f452041459a4c98dfa1c90cc8658	Parse and execute the complete shell command forms with their expansion, redirection, waiting, status, and environment rules.	open	missing:tag_18_09.r098_q35_ring3_witness	Add an exact Q35 Ring 3 case for this assertion, then run the mutation falsifier before closing it.	Mutate the assertion or remove its witness; verification must reject tag_18_09.r098.
tag_18_09.r099	tag_18_09	99	The format of a function definition command is as follows:	2b0d7614cf81add339dc79e4a0f65574efc458358de89ecdade6531204cbf35b	Parse and execute the complete shell command forms with their expansion, redirection, waiting, status, and environment rules.	open	missing:tag_18_09.r099_q35_ring3_witness	Add an exact Q35 Ring 3 case for this assertion, then run the mutation falsifier before closing it.	Mutate the assertion or remove its witness; verification must reject tag_18_09.r099.
tag_18_09.r100	tag_18_09	100	The function is named fname; the application shall ensure that it is a name (see XBD Name) and that it is not the name of a special built-in utility. An implementation may allow other characters in a function name as an extension. The implementation shall maintain separate name spaces for functions and variables.	f6b5ca1e5a37c17888569a7bc042a64c342260421af054e38530c917196e816e	Parse and execute the complete shell command forms with their expansion, redirection, waiting, status, and environment rules.	open	missing:tag_18_09.r100_q35_ring3_witness	Add an exact Q35 Ring 3 case for this assertion, then run the mutation falsifier before closing it.	Mutate the assertion or remove its witness; verification must reject tag_18_09.r100.
tag_18_09.r101	tag_18_09	101	The argument compound-command represents a compound command, as described in Compound Commands.	dfe68323656a476a5a37cf58bea6757f03d4f22ac19329e7d8d3355b7d8ce23a	Parse and execute the complete shell command forms with their expansion, redirection, waiting, status, and environment rules.	open	missing:tag_18_09.r101_q35_ring3_witness	Add an exact Q35 Ring 3 case for this assertion, then run the mutation falsifier before closing it.	Mutate the assertion or remove its witness; verification must reject tag_18_09.r101.
tag_18_09.r102	tag_18_09	102	When the function is declared, none of the expansions in wordexp shall be performed on the text in compound-command or io-redirect; all expansions shall be performed as normal each time the function is called. Similarly, the optional io-redirect redirections and any variable assignments within compound-command shall be performed during the execution of the function itself, not the function definition. See Consequences of Shell Errors for the consequences of failures of these operations on interactive and non-interactive shells.	7e9a7ed6dc2098271f801850f33cd56881c06264b09d91aa53d1e7ddf3671cdb	Parse and execute the complete shell command forms with their expansion, redirection, waiting, status, and environment rules.	open	missing:tag_18_09.r102_q35_ring3_witness	Add an exact Q35 Ring 3 case for this assertion, then run the mutation falsifier before closing it.	Mutate the assertion or remove its witness; verification must reject tag_18_09.r102.
tag_18_09.r103	tag_18_09	103	When a function is executed, it shall have the syntax-error properties described for special built-in utilities in the first item in the enumerated list at the beginning of Special Built-In Utilities.	81e810c2b91fd0f679ebca7f37b07075cc9da7c8abe59b469fd8555080493bcf	Parse and execute the complete shell command forms with their expansion, redirection, waiting, status, and environment rules.	open	missing:tag_18_09.r103_q35_ring3_witness	Add an exact Q35 Ring 3 case for this assertion, then run the mutation falsifier before closing it.	Mutate the assertion or remove its witness; verification must reject tag_18_09.r103.
tag_18_09.r104	tag_18_09	104	The compound-command shall be executed whenever the function name is specified as the name of a simple command (see Command Search and Execution). The operands to the command temporarily shall become the positional parameters during the execution of the compound-command; the special parameter '#' also shall be changed to reflect the number of operands. The special parameter 0 shall be unchanged. When the function completes, the values of the positional parameters and the special parameter '#' shall be restored to the values they had before the function was executed. If the special built-in return (see return) is executed in the compound-command, the function completes and execution shall resume with the next command after the function call.	40737e5d50758c1714fc2ff9211cb3a4c3f7a8035176c39c9fc82e782d13ce65	Parse and execute the complete shell command forms with their expansion, redirection, waiting, status, and environment rules.	open	missing:tag_18_09.r104_q35_ring3_witness	Add an exact Q35 Ring 3 case for this assertion, then run the mutation falsifier before closing it.	Mutate the assertion or remove its witness; verification must reject tag_18_09.r104.
tag_18_09.r105	tag_18_09	105	The exit status of a function definition shall be zero if the function was declared successfully; otherwise, it shall be greater than zero. The exit status of a function invocation shall be the exit status of the last command executed by the function.	f9d8a8252f68a7a02c63e9855e995c78ab5292f3ce39ea4bacea09e317bc0c70	Parse and execute the complete shell command forms with their expansion, redirection, waiting, status, and environment rules.	open	missing:tag_18_09.r105_q35_ring3_witness	Add an exact Q35 Ring 3 case for this assertion, then run the mutation falsifier before closing it.	Mutate the assertion or remove its witness; verification must reject tag_18_09.r105.
tag_18_09_01.r001	tag_18_09_01	1	A "simple command" is a sequence of optional variable assignments and redirections, in any sequence, optionally followed by words and redirections, terminated by a control operator.	d517d049a5fb47991476894708ceb1ebf1670f36277b455c5346e18648fe4a73	Execute simple commands with assignment words, redirections, command names, arguments, expansion order, and status rules.	open	missing:tag_18_09_01.r001_q35_ring3_witness	Add an exact Q35 Ring 3 case for this assertion, then run the mutation falsifier before closing it.	Mutate the assertion or remove its witness; verification must reject tag_18_09_01.r001.
tag_18_09_01.r002	tag_18_09_01	2	When a given simple command is required to be executed (that is, when any conditional construct such as an AND-OR list or a case statement has not bypassed the simple command), the following expansions, assignments, and redirections shall all be performed from the beginning of the command text to the end:	664a33788b60eb016729722324c0697cd51a8125b71173c8ddc8a724517dd2d3	Execute simple commands with assignment words, redirections, command names, arguments, expansion order, and status rules.	open	missing:tag_18_09_01.r002_q35_ring3_witness	Add an exact Q35 Ring 3 case for this assertion, then run the mutation falsifier before closing it.	Mutate the assertion or remove its witness; verification must reject tag_18_09_01.r002.
tag_18_09_01.r003	tag_18_09_01	3	The words that are recognized as variable assignments or redirections according to Shell Grammar Rules are saved for processing in steps 3 and 4.	08d266ab42ad58a90638ceb13e81b31a1b5ea2dde4688be7b6c9942f4031533e	Execute simple commands with assignment words, redirections, command names, arguments, expansion order, and status rules.	open	missing:tag_18_09_01.r003_q35_ring3_witness	Add an exact Q35 Ring 3 case for this assertion, then run the mutation falsifier before closing it.	Mutate the assertion or remove its witness; verification must reject tag_18_09_01.r003.
tag_18_09_01.r004	tag_18_09_01	4	The words that are not variable assignments or redirections shall be expanded. If any fields remain following their expansion, the first field shall be considered the command name and remaining fields are the arguments for the command.	983643203b88422561eca5c1c4a66d9298592c3f4d95b91276b3f77db975fff1	Execute simple commands with assignment words, redirections, command names, arguments, expansion order, and status rules.	open	missing:tag_18_09_01.r004_q35_ring3_witness	Add an exact Q35 Ring 3 case for this assertion, then run the mutation falsifier before closing it.	Mutate the assertion or remove its witness; verification must reject tag_18_09_01.r004.
tag_18_09_01.r005	tag_18_09_01	5	Redirections shall be performed as described in Redirection.	eae17912e4b5a2cfe25e6234a5447a248ec8bd24fd56115a9284f0d8841c11e7	Execute simple commands with assignment words, redirections, command names, arguments, expansion order, and status rules.	open	missing:tag_18_09_01.r005_q35_ring3_witness	Add an exact Q35 Ring 3 case for this assertion, then run the mutation falsifier before closing it.	Mutate the assertion or remove its witness; verification must reject tag_18_09_01.r005.
tag_18_09_01.r006	tag_18_09_01	6	Each variable assignment shall be expanded for tilde expansion, parameter expansion, command substitution, arithmetic expansion, and quote removal prior to assigning the value.	3627511193f67248eb617f2d0c2829fedca41ae2c78c47cd2f6f9bc68e269856	Execute simple commands with assignment words, redirections, command names, arguments, expansion order, and status rules.	open	missing:tag_18_09_01.r006_q35_ring3_witness	Add an exact Q35 Ring 3 case for this assertion, then run the mutation falsifier before closing it.	Mutate the assertion or remove its witness; verification must reject tag_18_09_01.r006.
tag_18_09_01.r007	tag_18_09_01	7	In the preceding list, the order of steps 3 and 4 may be reversed if no command name results from step 2 or if the command name matches the name of a special built-in utility; see Special Built-In Utilities.	7e7b7387b01969ff629e16fe246d59ce763999e65433431581e3ca057edbc4b4	Execute simple commands with assignment words, redirections, command names, arguments, expansion order, and status rules.	open	missing:tag_18_09_01.r007_q35_ring3_witness	Add an exact Q35 Ring 3 case for this assertion, then run the mutation falsifier before closing it.	Mutate the assertion or remove its witness; verification must reject tag_18_09_01.r007.
tag_18_09_01.r008	tag_18_09_01	8	Variable assignments shall be performed as follows:	b26208f3a1b979ad90c42992c3652ce49098d05c472df43117a834d281e98ed4	Execute simple commands with assignment words, redirections, command names, arguments, expansion order, and status rules.	open	missing:tag_18_09_01.r008_q35_ring3_witness	Add an exact Q35 Ring 3 case for this assertion, then run the mutation falsifier before closing it.	Mutate the assertion or remove its witness; verification must reject tag_18_09_01.r008.
tag_18_09_01.r009	tag_18_09_01	9	If no command name results, variable assignments shall affect the current execution environment.	b6610a38ef932b52d886e8bcf93d71e1396483c09c234e148819fee3276b229b	Execute simple commands with assignment words, redirections, command names, arguments, expansion order, and status rules.	open	missing:tag_18_09_01.r009_q35_ring3_witness	Add an exact Q35 Ring 3 case for this assertion, then run the mutation falsifier before closing it.	Mutate the assertion or remove its witness; verification must reject tag_18_09_01.r009.
tag_18_09_01.r010	tag_18_09_01	10	If the command name is not a special built-in utility or function, the variable assignments shall be exported for the execution environment of the command and shall not affect the current execution environment except as a side-effect of the expansions performed in step 4. In this case it is unspecified: Whether or not the assignments are visible for subsequent expansions in step 4	5faa6d4aae9f8ece365c90d62037aef1b046a8fe6de8779d8f2ebf173a4ae3b6	Execute simple commands with assignment words, redirections, command names, arguments, expansion order, and status rules.	open	missing:tag_18_09_01.r010_q35_ring3_witness	Add an exact Q35 Ring 3 case for this assertion, then run the mutation falsifier before closing it.	Mutate the assertion or remove its witness; verification must reject tag_18_09_01.r010.
tag_18_09_01.r011	tag_18_09_01	11	Whether variable assignments made as side-effects of these expansions are visible for subsequent expansions in step 4, or in the current shell execution environment, or both	8f35b7e0f68ac14fb3d04a0fe77efab7e7f381da775e138f67ddde30e20d10f6	Execute simple commands with assignment words, redirections, command names, arguments, expansion order, and status rules.	open	missing:tag_18_09_01.r011_q35_ring3_witness	Add an exact Q35 Ring 3 case for this assertion, then run the mutation falsifier before closing it.	Mutate the assertion or remove its witness; verification must reject tag_18_09_01.r011.
tag_18_09_01.r012	tag_18_09_01	12	If the command name is a standard utility implemented as a function (see XBD Utility), the effect of variable assignments shall be as if the utility was not implemented as a function.	12afd895c03849b08772460007556aa257e9f7b451d4da683ea9efaa9c7882e5	Execute simple commands with assignment words, redirections, command names, arguments, expansion order, and status rules.	open	missing:tag_18_09_01.r012_q35_ring3_witness	Add an exact Q35 Ring 3 case for this assertion, then run the mutation falsifier before closing it.	Mutate the assertion or remove its witness; verification must reject tag_18_09_01.r012.
tag_18_09_01.r013	tag_18_09_01	13	If the command name is a special built-in utility, variable assignments shall affect the current execution environment. Unless the set -a option is on (see set), it is unspecified: Whether or not the variables gain the export attribute during the execution of the special built-in utility	e7c44bf19c80940508561857e56bccf19fc4925b3ed4979d9a813b8ac8c1cb46	Execute simple commands with assignment words, redirections, command names, arguments, expansion order, and status rules.	open	missing:tag_18_09_01.r013_q35_ring3_witness	Add an exact Q35 Ring 3 case for this assertion, then run the mutation falsifier before closing it.	Mutate the assertion or remove its witness; verification must reject tag_18_09_01.r013.
tag_18_09_01.r014	tag_18_09_01	14	Whether or not export attributes gained as a result of the variable assignments persist after the completion of the special built-in utility	e5f76b0e2a9f80f5db67646088695b3164a07d881b7460340cd036464d2891b7	Execute simple commands with assignment words, redirections, command names, arguments, expansion order, and status rules.	open	missing:tag_18_09_01.r014_q35_ring3_witness	Add an exact Q35 Ring 3 case for this assertion, then run the mutation falsifier before closing it.	Mutate the assertion or remove its witness; verification must reject tag_18_09_01.r014.
tag_18_09_01.r015	tag_18_09_01	15	If the command name is a function that is not a standard utility implemented as a function, variable assignments shall affect the current execution environment during the execution of the function. It is unspecified: Whether or not the variable assignments persist after the completion of the function	8bbe965e0e5828e6f15363d528d285d273bdcb55020c0030a737eb56119476b9	Execute simple commands with assignment words, redirections, command names, arguments, expansion order, and status rules.	open	missing:tag_18_09_01.r015_q35_ring3_witness	Add an exact Q35 Ring 3 case for this assertion, then run the mutation falsifier before closing it.	Mutate the assertion or remove its witness; verification must reject tag_18_09_01.r015.
tag_18_09_01.r016	tag_18_09_01	16	Whether or not the variables gain the export attribute during the execution of the function	8b3ea033a9b2cfadce5e0b7d9efcffbc6bc8f898ce61e8645619ca0a59e032bc	Execute simple commands with assignment words, redirections, command names, arguments, expansion order, and status rules.	open	missing:tag_18_09_01.r016_q35_ring3_witness	Add an exact Q35 Ring 3 case for this assertion, then run the mutation falsifier before closing it.	Mutate the assertion or remove its witness; verification must reject tag_18_09_01.r016.
tag_18_09_01.r017	tag_18_09_01	17	Whether or not export attributes gained as a result of the variable assignments persist after the completion of the function (if variable assignments persist after the completion of the function)	9fd5e2266ddfd112f028531b9c12e76d5cace5d1dab8e95c9e603d14e4c6ca8a	Execute simple commands with assignment words, redirections, command names, arguments, expansion order, and status rules.	open	missing:tag_18_09_01.r017_q35_ring3_witness	Add an exact Q35 Ring 3 case for this assertion, then run the mutation falsifier before closing it.	Mutate the assertion or remove its witness; verification must reject tag_18_09_01.r017.
tag_18_09_01.r018	tag_18_09_01	18	If any of the variable assignments attempt to assign a value to a variable for which the readonly attribute is set in the current shell environment (regardless of whether the assignment is made in that environment), a variable assignment error shall occur. See Consequences of Shell Errors for the consequences of these errors.	286e1bd631b462c085d660a89928ed629e25fed6a84d85eeffaf7bb3b13309ac	Execute simple commands with assignment words, redirections, command names, arguments, expansion order, and status rules.	open	missing:tag_18_09_01.r018_q35_ring3_witness	Add an exact Q35 Ring 3 case for this assertion, then run the mutation falsifier before closing it.	Mutate the assertion or remove its witness; verification must reject tag_18_09_01.r018.
tag_18_09_01.r019	tag_18_09_01	19	If there is no command name, any redirections shall be performed in a subshell environment; it is unspecified whether this subshell environment is the same one as that used for a command substitution within the command. (To affect the current execution environment, see the exec special built-in.) If any of the redirections performed in the current shell execution environment fail, the command shall immediately fail with an exit status greater than zero, and the shell shall write an error message indicating the failure. See Consequences of Shell Errors for the consequences of these failures on interactive and non-interactive shells.	6406db75e8cc801f91ee0941670b2bcecb601079094dcb3f5184a406638fbf10	Execute simple commands with assignment words, redirections, command names, arguments, expansion order, and status rules.	open	missing:tag_18_09_01.r019_q35_ring3_witness	Add an exact Q35 Ring 3 case for this assertion, then run the mutation falsifier before closing it.	Mutate the assertion or remove its witness; verification must reject tag_18_09_01.r019.
tag_18_09_01.r020	tag_18_09_01	20	If there is a command name, execution shall continue as described in Command Search and Execution . If there is no command name, but the command contained a command substitution, the command shall complete with the exit status of the last command substitution performed. Otherwise, the command shall complete with a zero exit status.	5be46bf7bae1c14df1ae490669d34960994120fba3b722de6f0448ebda7f1325	Execute simple commands with assignment words, redirections, command names, arguments, expansion order, and status rules.	open	missing:tag_18_09_01.r020_q35_ring3_witness	Add an exact Q35 Ring 3 case for this assertion, then run the mutation falsifier before closing it.	Mutate the assertion or remove its witness; verification must reject tag_18_09_01.r020.
tag_18_09_01.r021	tag_18_09_01	21	If a simple command results in a command name and an optional list of arguments, the following actions shall be performed:	e4511806cc678095e26076f81704ae9593ec2ae15bfafc89b0d550ba1a5a136e	Execute simple commands with assignment words, redirections, command names, arguments, expansion order, and status rules.	open	missing:tag_18_09_01.r021_q35_ring3_witness	Add an exact Q35 Ring 3 case for this assertion, then run the mutation falsifier before closing it.	Mutate the assertion or remove its witness; verification must reject tag_18_09_01.r021.
tag_18_09_01.r022	tag_18_09_01	22	If the command name does not contain any <slash> characters, the first successful step in the following sequence shall occur: If the command name matches the name of a special built-in utility, that special built-in utility shall be invoked.	31186f14754ff3c3f4fd9f4080c1bfacaad1749937aac9e0d231e98a6705757c	Execute simple commands with assignment words, redirections, command names, arguments, expansion order, and status rules.	open	missing:tag_18_09_01.r022_q35_ring3_witness	Add an exact Q35 Ring 3 case for this assertion, then run the mutation falsifier before closing it.	Mutate the assertion or remove its witness; verification must reject tag_18_09_01.r022.
tag_18_09_01.r023	tag_18_09_01	23	If the command name matches the name of a utility listed in the following table, the results are unspecified. alloc autoload bind bindkey builtin bye caller cap chdir clone comparguments compcall compctl compdescribe compfiles compgen compgroups complete compquote comptags comptry compvalues declare dirs disable disown dosh echotc echoti help history hist let local login logout map mapfile popd print pushd readarray repeat savehistory source shopt stop suspend typeset whence	847bdaea391735205d0b251243707831b1e51c07a1ec09beb8082db14a8fe301	Execute simple commands with assignment words, redirections, command names, arguments, expansion order, and status rules.	open	missing:tag_18_09_01.r023_q35_ring3_witness	Add an exact Q35 Ring 3 case for this assertion, then run the mutation falsifier before closing it.	Mutate the assertion or remove its witness; verification must reject tag_18_09_01.r023.
tag_18_09_01.r024	tag_18_09_01	24	If the command name matches the name of a function known to this shell, the function shall be invoked as described in Function Definition Command. If the implementation has provided a standard utility in the form of a function, it shall not be recognized at this point. It shall be invoked in conjunction with the path search in step 1e.	4e6d2eae5297f6a9af287575b3916ade2531a5becc0326454d5d58ae52bc7359	Execute simple commands with assignment words, redirections, command names, arguments, expansion order, and status rules.	open	missing:tag_18_09_01.r024_q35_ring3_witness	Add an exact Q35 Ring 3 case for this assertion, then run the mutation falsifier before closing it.	Mutate the assertion or remove its witness; verification must reject tag_18_09_01.r024.
tag_18_09_01.r025	tag_18_09_01	25	If the command name matches the name [XSI] of the type or ulimit utility, or of a utility listed in the following table, that utility shall be invoked. alias bg cd command false fc fg getopts hash jobs kill newgrp pwd read true umask unalias wait	7c9d523c2935d6803c04738c1654e6918a890a305d8a049ed0c70ed31ae906bd	Execute simple commands with assignment words, redirections, command names, arguments, expansion order, and status rules.	open	missing:tag_18_09_01.r025_q35_ring3_witness	Add an exact Q35 Ring 3 case for this assertion, then run the mutation falsifier before closing it.	Mutate the assertion or remove its witness; verification must reject tag_18_09_01.r025.
tag_18_09_01.r026	tag_18_09_01	26	Otherwise, the command shall be searched for using the PATH environment variable as described in XBD Environment Variables : If the search is successful: If the system has implemented the utility as a regular built-in or as a shell function, it shall be invoked at this point in the path search.	dd0385bdaa0503e632c444a783323de7e5cb59cf46638f1e465f0ccc35613d6a	Execute simple commands with assignment words, redirections, command names, arguments, expansion order, and status rules.	open	missing:tag_18_09_01.r026_q35_ring3_witness	Add an exact Q35 Ring 3 case for this assertion, then run the mutation falsifier before closing it.	Mutate the assertion or remove its witness; verification must reject tag_18_09_01.r026.
tag_18_09_01.r027	tag_18_09_01	27	Otherwise, the shell executes the utility in a separate utility environment (see Shell Execution Environment) with actions equivalent to calling the execl() function as defined in the System Interfaces volume of POSIX.1-2017 with the path argument set to the pathname resulting from the search, arg0 set to the command name, and the remaining execl() arguments set to the command arguments (if any) and the null terminator. If the execl() function fails due to an error equivalent to the [ENOEXEC] error defined in the System Interfaces volume of POSIX.1-2017, the shell shall execute a command equivalent to having a shell invoked with the pathname resulting from the search as its first operand, with any remaining arguments passed to the new shell, except that the value of "$0" in the new shell may be set to the command name. If the executable file is not a text file, the shell may bypass this command execution. In this case, it shall write an error message, and shall return an exit status of 126. It is unspecified whether environment variables that were passed to the shell when it was invoked, but were not used to initialize shell variables (see Shell Variables) because they had invalid names, are included in the environment passed to execl() and (if execl() fails as described above) to the new shell.	32bf88c4afff653d30a3f07f6473192b962971a8e1426d61cad6b5123306419c	Execute simple commands with assignment words, redirections, command names, arguments, expansion order, and status rules.	open	missing:tag_18_09_01.r027_q35_ring3_witness	Add an exact Q35 Ring 3 case for this assertion, then run the mutation falsifier before closing it.	Mutate the assertion or remove its witness; verification must reject tag_18_09_01.r027.
tag_18_09_01.r028	tag_18_09_01	28	Once a utility has been searched for and found (either as a result of this specific search or as part of an unspecified shell start-up activity), an implementation may remember its location and need not search for the utility again unless the PATH variable has been the subject of an assignment. If the remembered location fails for a subsequent invocation, the shell shall repeat the search to find the new location for the utility, if any.	6076c0507e9518eeead3788581f53884f7a9410d6c77e2d45d576431c38020bd	Execute simple commands with assignment words, redirections, command names, arguments, expansion order, and status rules.	open	missing:tag_18_09_01.r028_q35_ring3_witness	Add an exact Q35 Ring 3 case for this assertion, then run the mutation falsifier before closing it.	Mutate the assertion or remove its witness; verification must reject tag_18_09_01.r028.
tag_18_09_01.r029	tag_18_09_01	29	If the search is unsuccessful, the command shall fail with an exit status of 127 and the shell shall write an error message.	2ea0613eb4230cc8b788c5f74463572df92b916d83a567ee79616ba00df24516	Execute simple commands with assignment words, redirections, command names, arguments, expansion order, and status rules.	open	missing:tag_18_09_01.r029_q35_ring3_witness	Add an exact Q35 Ring 3 case for this assertion, then run the mutation falsifier before closing it.	Mutate the assertion or remove its witness; verification must reject tag_18_09_01.r029.
tag_18_09_01.r030	tag_18_09_01	30	If the command name contains at least one <slash>, the shell shall execute the utility in a separate utility environment with actions equivalent to calling the execl() function defined in the System Interfaces volume of POSIX.1-2017 with the path and arg0 arguments set to the command name, and the remaining execl() arguments set to the command arguments (if any) and the null terminator. If the execl() function fails due to an error equivalent to the [ENOEXEC] error, the shell shall execute a command equivalent to having a shell invoked with the command name as its first operand, with any remaining arguments passed to the new shell. If the executable file is not a text file, the shell may bypass this command execution. In this case, it shall write an error message and shall return an exit status of 126. It is unspecified whether environment variables that were passed to the shell when it was invoked, but were not used to initialize shell variables (see Shell Variables) because they had invalid names, are included in the environment passed to execl() and (if execl() fails as described above) to the new shell.	c2ae735f06089695d53b5ea5d901e6860a6bf7841f302377ce05b2d6ffaaab8c	Execute simple commands with assignment words, redirections, command names, arguments, expansion order, and status rules.	open	missing:tag_18_09_01.r030_q35_ring3_witness	Add an exact Q35 Ring 3 case for this assertion, then run the mutation falsifier before closing it.	Mutate the assertion or remove its witness; verification must reject tag_18_09_01.r030.
tag_18_09_01.r031	tag_18_09_01	31	If the utility would be executed with file descriptor 0, 1, or 2 closed, implementations may execute the utility with the file descriptor open to an unspecified file. If a standard utility or a conforming application is executed with file descriptor 0 not open for reading or with file descriptor 1 or 2 not open for writing, the environment in which the utility or application is executed shall be deemed non-conforming, and consequently the utility or application might not behave as described in this standard.	4d31ef43315c8ba81fa58363848ff9580ddd230ed201021bdab8661edb3d95cb	Execute simple commands with assignment words, redirections, command names, arguments, expansion order, and status rules.	open	missing:tag_18_09_01.r031_q35_ring3_witness	Add an exact Q35 Ring 3 case for this assertion, then run the mutation falsifier before closing it.	Mutate the assertion or remove its witness; verification must reject tag_18_09_01.r031.
tag_18_09_01_01.r001	tag_18_09_01_01	1	If a simple command results in a command name and an optional list of arguments, the following actions shall be performed:	e4511806cc678095e26076f81704ae9593ec2ae15bfafc89b0d550ba1a5a136e	Search and execute command names through the specified function, special-builtin, PATH, executable, error, and environment precedence.	open	missing:tag_18_09_01_01.r001_q35_ring3_witness	Add an exact Q35 Ring 3 case for this assertion, then run the mutation falsifier before closing it.	Mutate the assertion or remove its witness; verification must reject tag_18_09_01_01.r001.
tag_18_09_01_01.r002	tag_18_09_01_01	2	If the command name does not contain any <slash> characters, the first successful step in the following sequence shall occur: If the command name matches the name of a special built-in utility, that special built-in utility shall be invoked.	31186f14754ff3c3f4fd9f4080c1bfacaad1749937aac9e0d231e98a6705757c	Search and execute command names through the specified function, special-builtin, PATH, executable, error, and environment precedence.	open	missing:tag_18_09_01_01.r002_q35_ring3_witness	Add an exact Q35 Ring 3 case for this assertion, then run the mutation falsifier before closing it.	Mutate the assertion or remove its witness; verification must reject tag_18_09_01_01.r002.
tag_18_09_01_01.r003	tag_18_09_01_01	3	If the command name matches the name of a utility listed in the following table, the results are unspecified. alloc autoload bind bindkey builtin bye caller cap chdir clone comparguments compcall compctl compdescribe compfiles compgen compgroups complete compquote comptags comptry compvalues declare dirs disable disown dosh echotc echoti help history hist let local login logout map mapfile popd print pushd readarray repeat savehistory source shopt stop suspend typeset whence	847bdaea391735205d0b251243707831b1e51c07a1ec09beb8082db14a8fe301	Search and execute command names through the specified function, special-builtin, PATH, executable, error, and environment precedence.	open	missing:tag_18_09_01_01.r003_q35_ring3_witness	Add an exact Q35 Ring 3 case for this assertion, then run the mutation falsifier before closing it.	Mutate the assertion or remove its witness; verification must reject tag_18_09_01_01.r003.
tag_18_09_01_01.r004	tag_18_09_01_01	4	If the command name matches the name of a function known to this shell, the function shall be invoked as described in Function Definition Command. If the implementation has provided a standard utility in the form of a function, it shall not be recognized at this point. It shall be invoked in conjunction with the path search in step 1e.	4e6d2eae5297f6a9af287575b3916ade2531a5becc0326454d5d58ae52bc7359	Search and execute command names through the specified function, special-builtin, PATH, executable, error, and environment precedence.	open	missing:tag_18_09_01_01.r004_q35_ring3_witness	Add an exact Q35 Ring 3 case for this assertion, then run the mutation falsifier before closing it.	Mutate the assertion or remove its witness; verification must reject tag_18_09_01_01.r004.
tag_18_09_01_01.r005	tag_18_09_01_01	5	If the command name matches the name [XSI] of the type or ulimit utility, or of a utility listed in the following table, that utility shall be invoked. alias bg cd command false fc fg getopts hash jobs kill newgrp pwd read true umask unalias wait	7c9d523c2935d6803c04738c1654e6918a890a305d8a049ed0c70ed31ae906bd	Search and execute command names through the specified function, special-builtin, PATH, executable, error, and environment precedence.	open	missing:tag_18_09_01_01.r005_q35_ring3_witness	Add an exact Q35 Ring 3 case for this assertion, then run the mutation falsifier before closing it.	Mutate the assertion or remove its witness; verification must reject tag_18_09_01_01.r005.
tag_18_09_01_01.r006	tag_18_09_01_01	6	Otherwise, the command shall be searched for using the PATH environment variable as described in XBD Environment Variables : If the search is successful: If the system has implemented the utility as a regular built-in or as a shell function, it shall be invoked at this point in the path search.	dd0385bdaa0503e632c444a783323de7e5cb59cf46638f1e465f0ccc35613d6a	Search and execute command names through the specified function, special-builtin, PATH, executable, error, and environment precedence.	open	missing:tag_18_09_01_01.r006_q35_ring3_witness	Add an exact Q35 Ring 3 case for this assertion, then run the mutation falsifier before closing it.	Mutate the assertion or remove its witness; verification must reject tag_18_09_01_01.r006.
tag_18_09_01_01.r007	tag_18_09_01_01	7	Otherwise, the shell executes the utility in a separate utility environment (see Shell Execution Environment) with actions equivalent to calling the execl() function as defined in the System Interfaces volume of POSIX.1-2017 with the path argument set to the pathname resulting from the search, arg0 set to the command name, and the remaining execl() arguments set to the command arguments (if any) and the null terminator. If the execl() function fails due to an error equivalent to the [ENOEXEC] error defined in the System Interfaces volume of POSIX.1-2017, the shell shall execute a command equivalent to having a shell invoked with the pathname resulting from the search as its first operand, with any remaining arguments passed to the new shell, except that the value of "$0" in the new shell may be set to the command name. If the executable file is not a text file, the shell may bypass this command execution. In this case, it shall write an error message, and shall return an exit status of 126. It is unspecified whether environment variables that were passed to the shell when it was invoked, but were not used to initialize shell variables (see Shell Variables) because they had invalid names, are included in the environment passed to execl() and (if execl() fails as described above) to the new shell.	32bf88c4afff653d30a3f07f6473192b962971a8e1426d61cad6b5123306419c	Search and execute command names through the specified function, special-builtin, PATH, executable, error, and environment precedence.	open	missing:tag_18_09_01_01.r007_q35_ring3_witness	Add an exact Q35 Ring 3 case for this assertion, then run the mutation falsifier before closing it.	Mutate the assertion or remove its witness; verification must reject tag_18_09_01_01.r007.
tag_18_09_01_01.r008	tag_18_09_01_01	8	Once a utility has been searched for and found (either as a result of this specific search or as part of an unspecified shell start-up activity), an implementation may remember its location and need not search for the utility again unless the PATH variable has been the subject of an assignment. If the remembered location fails for a subsequent invocation, the shell shall repeat the search to find the new location for the utility, if any.	6076c0507e9518eeead3788581f53884f7a9410d6c77e2d45d576431c38020bd	Search and execute command names through the specified function, special-builtin, PATH, executable, error, and environment precedence.	open	missing:tag_18_09_01_01.r008_q35_ring3_witness	Add an exact Q35 Ring 3 case for this assertion, then run the mutation falsifier before closing it.	Mutate the assertion or remove its witness; verification must reject tag_18_09_01_01.r008.
tag_18_09_01_01.r009	tag_18_09_01_01	9	If the search is unsuccessful, the command shall fail with an exit status of 127 and the shell shall write an error message.	2ea0613eb4230cc8b788c5f74463572df92b916d83a567ee79616ba00df24516	Search and execute command names through the specified function, special-builtin, PATH, executable, error, and environment precedence.	open	missing:tag_18_09_01_01.r009_q35_ring3_witness	Add an exact Q35 Ring 3 case for this assertion, then run the mutation falsifier before closing it.	Mutate the assertion or remove its witness; verification must reject tag_18_09_01_01.r009.
tag_18_09_01_01.r010	tag_18_09_01_01	10	If the command name contains at least one <slash>, the shell shall execute the utility in a separate utility environment with actions equivalent to calling the execl() function defined in the System Interfaces volume of POSIX.1-2017 with the path and arg0 arguments set to the command name, and the remaining execl() arguments set to the command arguments (if any) and the null terminator. If the execl() function fails due to an error equivalent to the [ENOEXEC] error, the shell shall execute a command equivalent to having a shell invoked with the command name as its first operand, with any remaining arguments passed to the new shell. If the executable file is not a text file, the shell may bypass this command execution. In this case, it shall write an error message and shall return an exit status of 126. It is unspecified whether environment variables that were passed to the shell when it was invoked, but were not used to initialize shell variables (see Shell Variables) because they had invalid names, are included in the environment passed to execl() and (if execl() fails as described above) to the new shell.	c2ae735f06089695d53b5ea5d901e6860a6bf7841f302377ce05b2d6ffaaab8c	Search and execute command names through the specified function, special-builtin, PATH, executable, error, and environment precedence.	open	missing:tag_18_09_01_01.r010_q35_ring3_witness	Add an exact Q35 Ring 3 case for this assertion, then run the mutation falsifier before closing it.	Mutate the assertion or remove its witness; verification must reject tag_18_09_01_01.r010.
tag_18_09_01_01.r011	tag_18_09_01_01	11	If the utility would be executed with file descriptor 0, 1, or 2 closed, implementations may execute the utility with the file descriptor open to an unspecified file. If a standard utility or a conforming application is executed with file descriptor 0 not open for reading or with file descriptor 1 or 2 not open for writing, the environment in which the utility or application is executed shall be deemed non-conforming, and consequently the utility or application might not behave as described in this standard.	4d31ef43315c8ba81fa58363848ff9580ddd230ed201021bdab8661edb3d95cb	Search and execute command names through the specified function, special-builtin, PATH, executable, error, and environment precedence.	open	missing:tag_18_09_01_01.r011_q35_ring3_witness	Add an exact Q35 Ring 3 case for this assertion, then run the mutation falsifier before closing it.	Mutate the assertion or remove its witness; verification must reject tag_18_09_01_01.r011.
tag_18_09_02.r001	tag_18_09_02	1	A pipeline is a sequence of one or more commands separated by the control operator '|'. For each command but the last, the shell shall connect the standard output of the command to the standard input of the next command as if by creating a pipe and passing the write end of the pipe as the standard output of the command and the read end of the pipe as the standard input of the next command.	fd07d3b82aa42d5f892f46858f0c5dc8399286d75eeadaa8470c21e284360f1b	Construct pipelines with the required process and descriptor topology, waiting behavior, negation option, and exit status.	open	missing:tag_18_09_02.r001_q35_ring3_witness	Add an exact Q35 Ring 3 case for this assertion, then run the mutation falsifier before closing it.	Mutate the assertion or remove its witness; verification must reject tag_18_09_02.r001.
tag_18_09_02.r002	tag_18_09_02	2	The format for a pipeline is:	932321768a4d1859bdd0f6947b82d262974b750f1acd7a7a5767fea483c99b24	Construct pipelines with the required process and descriptor topology, waiting behavior, negation option, and exit status.	open	missing:tag_18_09_02.r002_q35_ring3_witness	Add an exact Q35 Ring 3 case for this assertion, then run the mutation falsifier before closing it.	Mutate the assertion or remove its witness; verification must reject tag_18_09_02.r002.
tag_18_09_02.r003	tag_18_09_02	3	If the pipeline begins with the reserved word ! and command1 is a subshell command, the application shall ensure that the ( operator at the beginning of command1 is separated from the ! by one or more <blank> characters. The behavior of the reserved word ! immediately followed by the ( operator is unspecified.	08c82d65463e2fa887e00aa65e1e2792e454d809086737b03788f9ca1e3cf25d	Construct pipelines with the required process and descriptor topology, waiting behavior, negation option, and exit status.	open	missing:tag_18_09_02.r003_q35_ring3_witness	Add an exact Q35 Ring 3 case for this assertion, then run the mutation falsifier before closing it.	Mutate the assertion or remove its witness; verification must reject tag_18_09_02.r003.
tag_18_09_02.r004	tag_18_09_02	4	The standard output of command1 shall be connected to the standard input of command2. The standard input, standard output, or both of a command shall be considered to be assigned by the pipeline before any redirection specified by redirection operators that are part of the command (see Redirection).	d9b6e06d90923526b8dbbc2c52c898ef4e86eacd3e9b15fecb557f516efc8946	Construct pipelines with the required process and descriptor topology, waiting behavior, negation option, and exit status.	open	missing:tag_18_09_02.r004_q35_ring3_witness	Add an exact Q35 Ring 3 case for this assertion, then run the mutation falsifier before closing it.	Mutate the assertion or remove its witness; verification must reject tag_18_09_02.r004.
tag_18_09_02.r005	tag_18_09_02	5	If the pipeline is not in the background (see Asynchronous Lists), the shell shall wait for the last command specified in the pipeline to complete, and may also wait for all commands to complete.	af1ec60e4231977b8478d4b3a35d14dba1bd2ac438b66f1cc8c52f843b0f54f2	Construct pipelines with the required process and descriptor topology, waiting behavior, negation option, and exit status.	open	missing:tag_18_09_02.r005_q35_ring3_witness	Add an exact Q35 Ring 3 case for this assertion, then run the mutation falsifier before closing it.	Mutate the assertion or remove its witness; verification must reject tag_18_09_02.r005.
tag_18_09_02.r006	tag_18_09_02	6	If the pipeline does not begin with the ! reserved word, the exit status shall be the exit status of the last command specified in the pipeline. Otherwise, the exit status shall be the logical NOT of the exit status of the last command. That is, if the last command returns zero, the exit status shall be 1; if the last command returns greater than zero, the exit status shall be zero.	45e2b33d21c619d5e9f1c007520f450a8bd4dd39ec78b8f6dd01036658c3a473	Construct pipelines with the required process and descriptor topology, waiting behavior, negation option, and exit status.	open	missing:tag_18_09_02.r006_q35_ring3_witness	Add an exact Q35 Ring 3 case for this assertion, then run the mutation falsifier before closing it.	Mutate the assertion or remove its witness; verification must reject tag_18_09_02.r006.
tag_18_09_03.r001	tag_18_09_03	1	An AND-OR list is a sequence of one or more pipelines separated by the operators "&&" and "||" .	636677515fec22df91828ac75f9a7098a599aac7dae69e5a62f939bf99b50aa9	Execute sequential, asynchronous, AND, and OR lists with their short-circuit, waiting, process-group, and status semantics.	open	missing:tag_18_09_03.r001_q35_ring3_witness	Add an exact Q35 Ring 3 case for this assertion, then run the mutation falsifier before closing it.	Mutate the assertion or remove its witness; verification must reject tag_18_09_03.r001.
tag_18_09_03.r002	tag_18_09_03	2	A list is a sequence of one or more AND-OR lists separated by the operators ';' and '&'.	f0c3147bfcc22a7abc416a19b3d05a7b7b8237f1a2b78d0aa0184976af0569c1	Execute sequential, asynchronous, AND, and OR lists with their short-circuit, waiting, process-group, and status semantics.	open	missing:tag_18_09_03.r002_q35_ring3_witness	Add an exact Q35 Ring 3 case for this assertion, then run the mutation falsifier before closing it.	Mutate the assertion or remove its witness; verification must reject tag_18_09_03.r002.
tag_18_09_03.r003	tag_18_09_03	3	The operators "&&" and "||" shall have equal precedence and shall be evaluated with left associativity. For example, both of the following commands write solely bar to standard output:	4e19c6200130d2c091bf83f12ac2ef13dc779f40a2ed05d79017b491994e5fba	Execute sequential, asynchronous, AND, and OR lists with their short-circuit, waiting, process-group, and status semantics.	open	missing:tag_18_09_03.r003_q35_ring3_witness	Add an exact Q35 Ring 3 case for this assertion, then run the mutation falsifier before closing it.	Mutate the assertion or remove its witness; verification must reject tag_18_09_03.r003.
tag_18_09_03.r004	tag_18_09_03	4	A ';' separator or a ';' or <newline> terminator shall cause the preceding AND-OR list to be executed sequentially; an '&' separator or terminator shall cause asynchronous execution of the preceding AND-OR list.	cf685e74e950b875360d866c85ce53c7bd9cb1c151565d673cc79b54be11056d	Execute sequential, asynchronous, AND, and OR lists with their short-circuit, waiting, process-group, and status semantics.	open	missing:tag_18_09_03.r004_q35_ring3_witness	Add an exact Q35 Ring 3 case for this assertion, then run the mutation falsifier before closing it.	Mutate the assertion or remove its witness; verification must reject tag_18_09_03.r004.
tag_18_09_03.r005	tag_18_09_03	5	The term "compound-list" is derived from the grammar in Shell Grammar; it is equivalent to a sequence of lists, separated by <newline> characters, that can be preceded or followed by an arbitrary number of <newline> characters.	f8336a05631ee41195e11370ba074b8c3542f16e1a496b8c1e253a7198f0d35a	Execute sequential, asynchronous, AND, and OR lists with their short-circuit, waiting, process-group, and status semantics.	open	missing:tag_18_09_03.r005_q35_ring3_witness	Add an exact Q35 Ring 3 case for this assertion, then run the mutation falsifier before closing it.	Mutate the assertion or remove its witness; verification must reject tag_18_09_03.r005.
tag_18_09_03.r006	tag_18_09_03	6	If a command is terminated by the control operator <ampersand> ( '&' ), the shell shall execute the command asynchronously in a subshell. This means that the shell shall not wait for the command to finish before executing the next command.	5542b91d3dccc0be901fda0e69a5c12125e606a9bc92b79576a22816916874af	Execute sequential, asynchronous, AND, and OR lists with their short-circuit, waiting, process-group, and status semantics.	open	missing:tag_18_09_03.r006_q35_ring3_witness	Add an exact Q35 Ring 3 case for this assertion, then run the mutation falsifier before closing it.	Mutate the assertion or remove its witness; verification must reject tag_18_09_03.r006.
tag_18_09_03.r007	tag_18_09_03	7	The format for running a command in the background is:	2968f45577f6811496910230450fe690d969e8daaf1f05fb01f5a61b253da228	Execute sequential, asynchronous, AND, and OR lists with their short-circuit, waiting, process-group, and status semantics.	open	missing:tag_18_09_03.r007_q35_ring3_witness	Add an exact Q35 Ring 3 case for this assertion, then run the mutation falsifier before closing it.	Mutate the assertion or remove its witness; verification must reject tag_18_09_03.r007.
tag_18_09_03.r008	tag_18_09_03	8	If job control is disabled (see set, -m), the standard input for an asynchronous list, before any explicit redirections are performed, shall be considered to be assigned to a file that has the same properties as /dev/null. This shall not happen if job control is enabled. In all cases, explicit redirection of standard input shall override this activity.	ef2cc6d8c55d5c952c61621f0bfc7c3c204c874f68c0d539e21502717c396440	Execute sequential, asynchronous, AND, and OR lists with their short-circuit, waiting, process-group, and status semantics.	open	missing:tag_18_09_03.r008_q35_ring3_witness	Add an exact Q35 Ring 3 case for this assertion, then run the mutation falsifier before closing it.	Mutate the assertion or remove its witness; verification must reject tag_18_09_03.r008.
tag_18_09_03.r009	tag_18_09_03	9	When an element of an asynchronous list (the portion of the list ended by an <ampersand>, such as command1, above) is started by the shell, the process ID of the last command in the asynchronous list element shall become known in the current shell execution environment; see Shell Execution Environment. This process ID shall remain known until:	017527dd1d7273fc137ac9b4c2a5bd9c25ce3888f25ab58ed248b392beb7621a	Execute sequential, asynchronous, AND, and OR lists with their short-circuit, waiting, process-group, and status semantics.	open	missing:tag_18_09_03.r009_q35_ring3_witness	Add an exact Q35 Ring 3 case for this assertion, then run the mutation falsifier before closing it.	Mutate the assertion or remove its witness; verification must reject tag_18_09_03.r009.
tag_18_09_03.r010	tag_18_09_03	10	The command terminates and the application waits for the process ID.	10660c9538c60d4700360d349a21fa3f77a624309d81c4efbe458e0690f5221a	Execute sequential, asynchronous, AND, and OR lists with their short-circuit, waiting, process-group, and status semantics.	open	missing:tag_18_09_03.r010_q35_ring3_witness	Add an exact Q35 Ring 3 case for this assertion, then run the mutation falsifier before closing it.	Mutate the assertion or remove its witness; verification must reject tag_18_09_03.r010.
tag_18_09_03.r011	tag_18_09_03	11	Another asynchronous list is invoked before "$!" (corresponding to the previous asynchronous list) is expanded in the current execution environment.	7f5ba932544eb3d15403fbe2b35168f15dd7177fc20de573a9f508fdccb89d5b	Execute sequential, asynchronous, AND, and OR lists with their short-circuit, waiting, process-group, and status semantics.	open	missing:tag_18_09_03.r011_q35_ring3_witness	Add an exact Q35 Ring 3 case for this assertion, then run the mutation falsifier before closing it.	Mutate the assertion or remove its witness; verification must reject tag_18_09_03.r011.
tag_18_09_03.r012	tag_18_09_03	12	The implementation need not retain more than the {CHILD_MAX} most recent entries in its list of known process IDs in the current shell execution environment.	24b357549d4ecfcc4d0ff88ce0e28839e12db8e108d5506a0a95bd59a5efb80b	Execute sequential, asynchronous, AND, and OR lists with their short-circuit, waiting, process-group, and status semantics.	open	missing:tag_18_09_03.r012_q35_ring3_witness	Add an exact Q35 Ring 3 case for this assertion, then run the mutation falsifier before closing it.	Mutate the assertion or remove its witness; verification must reject tag_18_09_03.r012.
tag_18_09_03.r013	tag_18_09_03	13	The exit status of an asynchronous list shall be zero.	a7df3873552d54f51be27b4ce04e84dea01bd31f58c99aaf5a2c8db99af2add8	Execute sequential, asynchronous, AND, and OR lists with their short-circuit, waiting, process-group, and status semantics.	open	missing:tag_18_09_03.r013_q35_ring3_witness	Add an exact Q35 Ring 3 case for this assertion, then run the mutation falsifier before closing it.	Mutate the assertion or remove its witness; verification must reject tag_18_09_03.r013.
tag_18_09_03.r014	tag_18_09_03	14	Commands that are separated by a <semicolon> ( ';' ) shall be executed sequentially.	73bf5c71b464df1a8e4ba443c19debfd9a3a11cbd7aff9203041e67331677e89	Execute sequential, asynchronous, AND, and OR lists with their short-circuit, waiting, process-group, and status semantics.	open	missing:tag_18_09_03.r014_q35_ring3_witness	Add an exact Q35 Ring 3 case for this assertion, then run the mutation falsifier before closing it.	Mutate the assertion or remove its witness; verification must reject tag_18_09_03.r014.
tag_18_09_03.r015	tag_18_09_03	15	The format for executing commands sequentially shall be:	1fb383c6a8ac24c6dfbbd7b41eb0aeb1b2c63bade2d4a3b7a66a9baee8091433	Execute sequential, asynchronous, AND, and OR lists with their short-circuit, waiting, process-group, and status semantics.	open	missing:tag_18_09_03.r015_q35_ring3_witness	Add an exact Q35 Ring 3 case for this assertion, then run the mutation falsifier before closing it.	Mutate the assertion or remove its witness; verification must reject tag_18_09_03.r015.
tag_18_09_03.r016	tag_18_09_03	16	Each command shall be expanded and executed in the order specified.	5540bf1fb82a472ce14e539b2ea779df2706ed32f4d3cc902c19606d27b33193	Execute sequential, asynchronous, AND, and OR lists with their short-circuit, waiting, process-group, and status semantics.	open	missing:tag_18_09_03.r016_q35_ring3_witness	Add an exact Q35 Ring 3 case for this assertion, then run the mutation falsifier before closing it.	Mutate the assertion or remove its witness; verification must reject tag_18_09_03.r016.
tag_18_09_03.r017	tag_18_09_03	17	The exit status of a sequential list shall be the exit status of the last command in the list.	23c2999ac2005ca1d704f8e23b86e013d13ddb054e0e8360dc72c4503137f05e	Execute sequential, asynchronous, AND, and OR lists with their short-circuit, waiting, process-group, and status semantics.	open	missing:tag_18_09_03.r017_q35_ring3_witness	Add an exact Q35 Ring 3 case for this assertion, then run the mutation falsifier before closing it.	Mutate the assertion or remove its witness; verification must reject tag_18_09_03.r017.
tag_18_09_03.r018	tag_18_09_03	18	The control operator "&&" denotes an AND list. The format shall be:	26ae94754f9ce57735bcbda7417a7c1198262874aec3a4d1b6b19e75ace3ceb2	Execute sequential, asynchronous, AND, and OR lists with their short-circuit, waiting, process-group, and status semantics.	open	missing:tag_18_09_03.r018_q35_ring3_witness	Add an exact Q35 Ring 3 case for this assertion, then run the mutation falsifier before closing it.	Mutate the assertion or remove its witness; verification must reject tag_18_09_03.r018.
tag_18_09_03.r019	tag_18_09_03	19	First command1 shall be executed. If its exit status is zero, command2 shall be executed, and so on, until a command has a non-zero exit status or there are no more commands left to execute. The commands are expanded only if they are executed.	eaf0400591f1b93a49e3d00ac1794efcea72d22443a8fce574bb900d3af62e5e	Execute sequential, asynchronous, AND, and OR lists with their short-circuit, waiting, process-group, and status semantics.	open	missing:tag_18_09_03.r019_q35_ring3_witness	Add an exact Q35 Ring 3 case for this assertion, then run the mutation falsifier before closing it.	Mutate the assertion or remove its witness; verification must reject tag_18_09_03.r019.
tag_18_09_03.r020	tag_18_09_03	20	The exit status of an AND list shall be the exit status of the last command that is executed in the list.	81b951ad5a1a36b8b7df01a7fc3ccf25a1ecafc2772c7fd43abd4b1be6f3240f	Execute sequential, asynchronous, AND, and OR lists with their short-circuit, waiting, process-group, and status semantics.	open	missing:tag_18_09_03.r020_q35_ring3_witness	Add an exact Q35 Ring 3 case for this assertion, then run the mutation falsifier before closing it.	Mutate the assertion or remove its witness; verification must reject tag_18_09_03.r020.
tag_18_09_03.r021	tag_18_09_03	21	The control operator "||" denotes an OR List. The format shall be:	239c93a78ff7e0c9ceedf959af8ea2eedaecc1636971e5c984ddb1963547cb6d	Execute sequential, asynchronous, AND, and OR lists with their short-circuit, waiting, process-group, and status semantics.	open	missing:tag_18_09_03.r021_q35_ring3_witness	Add an exact Q35 Ring 3 case for this assertion, then run the mutation falsifier before closing it.	Mutate the assertion or remove its witness; verification must reject tag_18_09_03.r021.
tag_18_09_03.r022	tag_18_09_03	22	First, command1 shall be executed. If its exit status is non-zero, command2 shall be executed, and so on, until a command has a zero exit status or there are no more commands left to execute.	39ec43a9f370a6ab5a621d721170b951b8ad0884687b804c441666d8f4d6c697	Execute sequential, asynchronous, AND, and OR lists with their short-circuit, waiting, process-group, and status semantics.	open	missing:tag_18_09_03.r022_q35_ring3_witness	Add an exact Q35 Ring 3 case for this assertion, then run the mutation falsifier before closing it.	Mutate the assertion or remove its witness; verification must reject tag_18_09_03.r022.
tag_18_09_03.r023	tag_18_09_03	23	The exit status of an OR list shall be the exit status of the last command that is executed in the list.	3400afed8affea302cf8eb00214c4e81db9ef9902690ffbf6de1d43bcfd593d9	Execute sequential, asynchronous, AND, and OR lists with their short-circuit, waiting, process-group, and status semantics.	open	missing:tag_18_09_03.r023_q35_ring3_witness	Add an exact Q35 Ring 3 case for this assertion, then run the mutation falsifier before closing it.	Mutate the assertion or remove its witness; verification must reject tag_18_09_03.r023.
tag_18_09_03_02.r001	tag_18_09_03_02	1	If a command is terminated by the control operator <ampersand> ( '&' ), the shell shall execute the command asynchronously in a subshell. This means that the shell shall not wait for the command to finish before executing the next command.	5542b91d3dccc0be901fda0e69a5c12125e606a9bc92b79576a22816916874af	Launch asynchronous lists with the required background input, process identity, waiting, status, and descriptor behavior.	open	missing:tag_18_09_03_02.r001_q35_ring3_witness	Add an exact Q35 Ring 3 case for this assertion, then run the mutation falsifier before closing it.	Mutate the assertion or remove its witness; verification must reject tag_18_09_03_02.r001.
tag_18_09_03_02.r002	tag_18_09_03_02	2	The format for running a command in the background is:	2968f45577f6811496910230450fe690d969e8daaf1f05fb01f5a61b253da228	Launch asynchronous lists with the required background input, process identity, waiting, status, and descriptor behavior.	open	missing:tag_18_09_03_02.r002_q35_ring3_witness	Add an exact Q35 Ring 3 case for this assertion, then run the mutation falsifier before closing it.	Mutate the assertion or remove its witness; verification must reject tag_18_09_03_02.r002.
tag_18_09_03_02.r003	tag_18_09_03_02	3	If job control is disabled (see set, -m), the standard input for an asynchronous list, before any explicit redirections are performed, shall be considered to be assigned to a file that has the same properties as /dev/null. This shall not happen if job control is enabled. In all cases, explicit redirection of standard input shall override this activity.	ef2cc6d8c55d5c952c61621f0bfc7c3c204c874f68c0d539e21502717c396440	Launch asynchronous lists with the required background input, process identity, waiting, status, and descriptor behavior.	open	missing:tag_18_09_03_02.r003_q35_ring3_witness	Add an exact Q35 Ring 3 case for this assertion, then run the mutation falsifier before closing it.	Mutate the assertion or remove its witness; verification must reject tag_18_09_03_02.r003.
tag_18_09_03_02.r004	tag_18_09_03_02	4	When an element of an asynchronous list (the portion of the list ended by an <ampersand>, such as command1, above) is started by the shell, the process ID of the last command in the asynchronous list element shall become known in the current shell execution environment; see Shell Execution Environment. This process ID shall remain known until:	017527dd1d7273fc137ac9b4c2a5bd9c25ce3888f25ab58ed248b392beb7621a	Launch asynchronous lists with the required background input, process identity, waiting, status, and descriptor behavior.	open	missing:tag_18_09_03_02.r004_q35_ring3_witness	Add an exact Q35 Ring 3 case for this assertion, then run the mutation falsifier before closing it.	Mutate the assertion or remove its witness; verification must reject tag_18_09_03_02.r004.
tag_18_09_03_02.r005	tag_18_09_03_02	5	The command terminates and the application waits for the process ID.	10660c9538c60d4700360d349a21fa3f77a624309d81c4efbe458e0690f5221a	Launch asynchronous lists with the required background input, process identity, waiting, status, and descriptor behavior.	open	missing:tag_18_09_03_02.r005_q35_ring3_witness	Add an exact Q35 Ring 3 case for this assertion, then run the mutation falsifier before closing it.	Mutate the assertion or remove its witness; verification must reject tag_18_09_03_02.r005.
tag_18_09_03_02.r006	tag_18_09_03_02	6	Another asynchronous list is invoked before "$!" (corresponding to the previous asynchronous list) is expanded in the current execution environment.	7f5ba932544eb3d15403fbe2b35168f15dd7177fc20de573a9f508fdccb89d5b	Launch asynchronous lists with the required background input, process identity, waiting, status, and descriptor behavior.	open	missing:tag_18_09_03_02.r006_q35_ring3_witness	Add an exact Q35 Ring 3 case for this assertion, then run the mutation falsifier before closing it.	Mutate the assertion or remove its witness; verification must reject tag_18_09_03_02.r006.
tag_18_09_03_02.r007	tag_18_09_03_02	7	The implementation need not retain more than the {CHILD_MAX} most recent entries in its list of known process IDs in the current shell execution environment.	24b357549d4ecfcc4d0ff88ce0e28839e12db8e108d5506a0a95bd59a5efb80b	Launch asynchronous lists with the required background input, process identity, waiting, status, and descriptor behavior.	open	missing:tag_18_09_03_02.r007_q35_ring3_witness	Add an exact Q35 Ring 3 case for this assertion, then run the mutation falsifier before closing it.	Mutate the assertion or remove its witness; verification must reject tag_18_09_03_02.r007.
tag_18_09_04.r001	tag_18_09_04	1	The shell has several programming constructs that are "compound commands", which provide control flow for commands. Each of these compound commands has a reserved word or control operator at the beginning, and a corresponding terminator reserved word or operator at the end. In addition, each can be followed by redirections on the same line as the terminator. Each redirection shall apply to all the commands within the compound command that do not explicitly override that redirection.	94d1c2a431e7cf5fbe7d33f58eafa2e56aa07b015cdf7c60e9bf67ec2f22a97b	Execute compound commands with their nested lists, redirections, variable scope, status, and error behavior.	open	missing:tag_18_09_04.r001_q35_ring3_witness	Add an exact Q35 Ring 3 case for this assertion, then run the mutation falsifier before closing it.	Mutate the assertion or remove its witness; verification must reject tag_18_09_04.r001.
tag_18_09_04.r002	tag_18_09_04	2	The format for grouping commands is as follows:	5e6adcb39ad1ed94366df5331080546b08fff208b6af30ad104d4083e9c015b7	Execute compound commands with their nested lists, redirections, variable scope, status, and error behavior.	open	missing:tag_18_09_04.r002_q35_ring3_witness	Add an exact Q35 Ring 3 case for this assertion, then run the mutation falsifier before closing it.	Mutate the assertion or remove its witness; verification must reject tag_18_09_04.r002.
tag_18_09_04.r003	tag_18_09_04	3	( compound-list )	f688eeebcdc5a46be791c8f1e9fc7834c91cc0d6311b2c4e0464b8fe3ce9f908	Execute compound commands with their nested lists, redirections, variable scope, status, and error behavior.	open	missing:tag_18_09_04.r003_q35_ring3_witness	Add an exact Q35 Ring 3 case for this assertion, then run the mutation falsifier before closing it.	Mutate the assertion or remove its witness; verification must reject tag_18_09_04.r003.
tag_18_09_04.r004	tag_18_09_04	4	Execute compound-list in a subshell environment; see Shell Execution Environment. Variable assignments and built-in commands that affect the environment shall not remain in effect after the list finishes. If a character sequence beginning with "((" would be parsed by the shell as an arithmetic expansion if preceded by a '$', shells which implement an extension whereby "((expression))" is evaluated as an arithmetic expression may treat the "((" as introducing as an arithmetic evaluation instead of a grouping command. A conforming application shall ensure that it separates the two leading '(' characters with white space to prevent the shell from performing an arithmetic evaluation.	e7886990b71f1885c202f9b181e99ce4f3821b8bc3bb568049bcb7fc20bad370	Execute compound commands with their nested lists, redirections, variable scope, status, and error behavior.	open	missing:tag_18_09_04.r004_q35_ring3_witness	Add an exact Q35 Ring 3 case for this assertion, then run the mutation falsifier before closing it.	Mutate the assertion or remove its witness; verification must reject tag_18_09_04.r004.
tag_18_09_04.r005	tag_18_09_04	5	{ compound-list ; }	bf719a8b6996c2fdf6f6f85bacb6f5f0ee5ff4bb793e1dab09fbfbb9096db52c	Execute compound commands with their nested lists, redirections, variable scope, status, and error behavior.	open	missing:tag_18_09_04.r005_q35_ring3_witness	Add an exact Q35 Ring 3 case for this assertion, then run the mutation falsifier before closing it.	Mutate the assertion or remove its witness; verification must reject tag_18_09_04.r005.
tag_18_09_04.r006	tag_18_09_04	6	Execute compound-list in the current process environment. The semicolon shown here is an example of a control operator delimiting the } reserved word. Other delimiters are possible, as shown in Shell Grammar; a <newline> is frequently used.	f1c8cf619a20fdf1e6abbbd88b87639009b566502dbfb518b6ac154fffe1f64f	Execute compound commands with their nested lists, redirections, variable scope, status, and error behavior.	open	missing:tag_18_09_04.r006_q35_ring3_witness	Add an exact Q35 Ring 3 case for this assertion, then run the mutation falsifier before closing it.	Mutate the assertion or remove its witness; verification must reject tag_18_09_04.r006.
tag_18_09_04.r007	tag_18_09_04	7	The exit status of a grouping command shall be the exit status of compound-list.	54740c3268e3d045f6d795931903810ea61f310768b75085dbf41845a08a0cec	Execute compound commands with their nested lists, redirections, variable scope, status, and error behavior.	open	missing:tag_18_09_04.r007_q35_ring3_witness	Add an exact Q35 Ring 3 case for this assertion, then run the mutation falsifier before closing it.	Mutate the assertion or remove its witness; verification must reject tag_18_09_04.r007.
tag_18_09_04.r008	tag_18_09_04	8	The for loop shall execute a sequence of commands for each member in a list of items. The for loop requires that the reserved words do and done be used to delimit the sequence of commands.	d0dba53b3df7545c14fb237d86b9280f971cbad857a84640f3b5d0ef0d4ebfc0	Execute compound commands with their nested lists, redirections, variable scope, status, and error behavior.	open	missing:tag_18_09_04.r008_q35_ring3_witness	Add an exact Q35 Ring 3 case for this assertion, then run the mutation falsifier before closing it.	Mutate the assertion or remove its witness; verification must reject tag_18_09_04.r008.
tag_18_09_04.r009	tag_18_09_04	9	The format for the for loop is as follows:	02f79480728616a441e0dc39e9d3115bca4d7b52d099dc0b6f8caafa14ab1d05	Execute compound commands with their nested lists, redirections, variable scope, status, and error behavior.	open	missing:tag_18_09_04.r009_q35_ring3_witness	Add an exact Q35 Ring 3 case for this assertion, then run the mutation falsifier before closing it.	Mutate the assertion or remove its witness; verification must reject tag_18_09_04.r009.
tag_18_09_04.r010	tag_18_09_04	10	First, the list of words following in shall be expanded to generate a list of items. Then, the variable name shall be set to each item, in turn, and the compound-list executed each time. If no items result from the expansion, the compound-list shall not be executed. Omitting:	1da5eab6563cf51f77cde96097d394a07e1cead8204e5f888c07d196cc0c74ea	Execute compound commands with their nested lists, redirections, variable scope, status, and error behavior.	open	missing:tag_18_09_04.r010_q35_ring3_witness	Add an exact Q35 Ring 3 case for this assertion, then run the mutation falsifier before closing it.	Mutate the assertion or remove its witness; verification must reject tag_18_09_04.r010.
tag_18_09_04.r011	tag_18_09_04	11	shall be equivalent to:	40bca25ba11637de5f7c688cbfea4a7fd89019039af159acd9af65baab4a3c2a	Execute compound commands with their nested lists, redirections, variable scope, status, and error behavior.	open	missing:tag_18_09_04.r011_q35_ring3_witness	Add an exact Q35 Ring 3 case for this assertion, then run the mutation falsifier before closing it.	Mutate the assertion or remove its witness; verification must reject tag_18_09_04.r011.
tag_18_09_04.r012	tag_18_09_04	12	The exit status of a for command shall be the exit status of the last command that executes. If there are no items, the exit status shall be zero.	acea5fb0cc63eb367fb64b0980da3935ad92eeeb614aca206f4dc74e212f1ed1	Execute compound commands with their nested lists, redirections, variable scope, status, and error behavior.	open	missing:tag_18_09_04.r012_q35_ring3_witness	Add an exact Q35 Ring 3 case for this assertion, then run the mutation falsifier before closing it.	Mutate the assertion or remove its witness; verification must reject tag_18_09_04.r012.
tag_18_09_04.r013	tag_18_09_04	13	The conditional construct case shall execute the compound-list corresponding to the first one of several patterns (see Pattern Matching Notation) that is matched by the string resulting from the tilde expansion, parameter expansion, command substitution, arithmetic expansion, and quote removal of the given word. The reserved word in shall denote the beginning of the patterns to be matched. Multiple patterns with the same compound-list shall be delimited by the '|' symbol. The control operator ')' terminates a list of patterns corresponding to a given action. The compound-list for each list of patterns, with the possible exception of the last, shall be terminated with ";;". The case construct terminates with the reserved word esac (case reversed).	f261ed52f230a5ef174c40d0a702e8d1fa40ae4d1fe131a418807d4f5fc52b52	Execute compound commands with their nested lists, redirections, variable scope, status, and error behavior.	open	missing:tag_18_09_04.r013_q35_ring3_witness	Add an exact Q35 Ring 3 case for this assertion, then run the mutation falsifier before closing it.	Mutate the assertion or remove its witness; verification must reject tag_18_09_04.r013.
tag_18_09_04.r014	tag_18_09_04	14	The format for the case construct is as follows:	f03f11357bb70ce4ef9152fc12a4392d85bb06d0228159ab7c09ecef0427e7cb	Execute compound commands with their nested lists, redirections, variable scope, status, and error behavior.	open	missing:tag_18_09_04.r014_q35_ring3_witness	Add an exact Q35 Ring 3 case for this assertion, then run the mutation falsifier before closing it.	Mutate the assertion or remove its witness; verification must reject tag_18_09_04.r014.
tag_18_09_04.r015	tag_18_09_04	15	The ";;" is optional for the last compound-list.	7b4403df83ba3d29089de82fbc181af37d7a012f58e1261c62e2cb2fed8c7487	Execute compound commands with their nested lists, redirections, variable scope, status, and error behavior.	open	missing:tag_18_09_04.r015_q35_ring3_witness	Add an exact Q35 Ring 3 case for this assertion, then run the mutation falsifier before closing it.	Mutate the assertion or remove its witness; verification must reject tag_18_09_04.r015.
tag_18_09_04.r016	tag_18_09_04	16	In order from the beginning to the end of the case statement, each pattern that labels a compound-list shall be subjected to tilde expansion, parameter expansion, command substitution, and arithmetic expansion, and the result of these expansions shall be compared against the expansion of word, according to the rules described in Pattern Matching Notation (which also describes the effect of quoting parts of the pattern). After the first match, no more patterns shall be expanded, and the compound-list shall be executed. The order of expansion and comparison of multiple patterns that label a compound-list statement is unspecified.	de921db3612de895d8f3959be2d32d68f6ac6c75270d77408121b220d19d4f4c	Execute compound commands with their nested lists, redirections, variable scope, status, and error behavior.	open	missing:tag_18_09_04.r016_q35_ring3_witness	Add an exact Q35 Ring 3 case for this assertion, then run the mutation falsifier before closing it.	Mutate the assertion or remove its witness; verification must reject tag_18_09_04.r016.
tag_18_09_04.r017	tag_18_09_04	17	The exit status of case shall be zero if no patterns are matched. Otherwise, the exit status shall be the exit status of the last command executed in the compound-list.	b05ae65ab0e944a4a29ba0fb510d4d3e807958bd0906f7ceef8dae0d70e534ee	Execute compound commands with their nested lists, redirections, variable scope, status, and error behavior.	open	missing:tag_18_09_04.r017_q35_ring3_witness	Add an exact Q35 Ring 3 case for this assertion, then run the mutation falsifier before closing it.	Mutate the assertion or remove its witness; verification must reject tag_18_09_04.r017.
tag_18_09_04.r018	tag_18_09_04	18	The if command shall execute a compound-list and use its exit status to determine whether to execute another compound-list.	5247b831f6f043aa05a08fe4dfe44feacaee7c3ada98ff6b3dd64648d3b5b654	Execute compound commands with their nested lists, redirections, variable scope, status, and error behavior.	open	missing:tag_18_09_04.r018_q35_ring3_witness	Add an exact Q35 Ring 3 case for this assertion, then run the mutation falsifier before closing it.	Mutate the assertion or remove its witness; verification must reject tag_18_09_04.r018.
tag_18_09_04.r019	tag_18_09_04	19	The format for the if construct is as follows:	9d8e75a2680a03881e5e27532d247b4b2ebd60a2577d3e32c15d195f74c9bedf	Execute compound commands with their nested lists, redirections, variable scope, status, and error behavior.	open	missing:tag_18_09_04.r019_q35_ring3_witness	Add an exact Q35 Ring 3 case for this assertion, then run the mutation falsifier before closing it.	Mutate the assertion or remove its witness; verification must reject tag_18_09_04.r019.
tag_18_09_04.r020	tag_18_09_04	20	The if compound-list shall be executed; if its exit status is zero, the then compound-list shall be executed and the command shall complete. Otherwise, each elif compound-list shall be executed, in turn, and if its exit status is zero, the then compound-list shall be executed and the command shall complete. Otherwise, the else compound-list shall be executed.	3238ade29e06ffb0c8b1f4d1f5baeab6f71f2a8a90752f6eab45b459cea5dc88	Execute compound commands with their nested lists, redirections, variable scope, status, and error behavior.	open	missing:tag_18_09_04.r020_q35_ring3_witness	Add an exact Q35 Ring 3 case for this assertion, then run the mutation falsifier before closing it.	Mutate the assertion or remove its witness; verification must reject tag_18_09_04.r020.
tag_18_09_04.r021	tag_18_09_04	21	The exit status of the if command shall be the exit status of the then or else compound-list that was executed, or zero, if none was executed.	da241ea80255465d9a64349536c4ed9684dffcef5b3424ae753fae2e940554a4	Execute compound commands with their nested lists, redirections, variable scope, status, and error behavior.	open	missing:tag_18_09_04.r021_q35_ring3_witness	Add an exact Q35 Ring 3 case for this assertion, then run the mutation falsifier before closing it.	Mutate the assertion or remove its witness; verification must reject tag_18_09_04.r021.
tag_18_09_04.r022	tag_18_09_04	22	The while loop shall continuously execute one compound-list as long as another compound-list has a zero exit status.	fc005ec89a43e92637f53688b08b8ca0a9a0b78878572f07dc26e011bd4bcefa	Execute compound commands with their nested lists, redirections, variable scope, status, and error behavior.	open	missing:tag_18_09_04.r022_q35_ring3_witness	Add an exact Q35 Ring 3 case for this assertion, then run the mutation falsifier before closing it.	Mutate the assertion or remove its witness; verification must reject tag_18_09_04.r022.
tag_18_09_04.r023	tag_18_09_04	23	The format of the while loop is as follows:	e6da9c37c186c3a1684d91ee518b73d8ebc5aef27be755350ce3ccea3a8e1eb1	Execute compound commands with their nested lists, redirections, variable scope, status, and error behavior.	open	missing:tag_18_09_04.r023_q35_ring3_witness	Add an exact Q35 Ring 3 case for this assertion, then run the mutation falsifier before closing it.	Mutate the assertion or remove its witness; verification must reject tag_18_09_04.r023.
tag_18_09_04.r024	tag_18_09_04	24	The compound-list-1 shall be executed, and if it has a non-zero exit status, the while command shall complete. Otherwise, the compound-list-2 shall be executed, and the process shall repeat.	2eb10372a7b081c26345db36efd85608f9425b1d23c352587341eaf5b4695d1e	Execute compound commands with their nested lists, redirections, variable scope, status, and error behavior.	open	missing:tag_18_09_04.r024_q35_ring3_witness	Add an exact Q35 Ring 3 case for this assertion, then run the mutation falsifier before closing it.	Mutate the assertion or remove its witness; verification must reject tag_18_09_04.r024.
tag_18_09_04.r025	tag_18_09_04	25	The exit status of the while loop shall be the exit status of the last compound-list-2 executed, or zero if none was executed.	6d8392cd130237550474703438f5f3c2598b6bea6976664a4ef9ea19f6469292	Execute compound commands with their nested lists, redirections, variable scope, status, and error behavior.	open	missing:tag_18_09_04.r025_q35_ring3_witness	Add an exact Q35 Ring 3 case for this assertion, then run the mutation falsifier before closing it.	Mutate the assertion or remove its witness; verification must reject tag_18_09_04.r025.
tag_18_09_04.r026	tag_18_09_04	26	The until loop shall continuously execute one compound-list as long as another compound-list has a non-zero exit status.	636f5d4e5aefcfc7776a2afab7a6f68ab68c2ba80e8669a1be2d164261fb3f7d	Execute compound commands with their nested lists, redirections, variable scope, status, and error behavior.	open	missing:tag_18_09_04.r026_q35_ring3_witness	Add an exact Q35 Ring 3 case for this assertion, then run the mutation falsifier before closing it.	Mutate the assertion or remove its witness; verification must reject tag_18_09_04.r026.
tag_18_09_04.r027	tag_18_09_04	27	The format of the until loop is as follows:	ef9b59bc55373e4684f3d3c12726b5a8e722a6f0eddcbfb50cecd43850855994	Execute compound commands with their nested lists, redirections, variable scope, status, and error behavior.	open	missing:tag_18_09_04.r027_q35_ring3_witness	Add an exact Q35 Ring 3 case for this assertion, then run the mutation falsifier before closing it.	Mutate the assertion or remove its witness; verification must reject tag_18_09_04.r027.
tag_18_09_04.r028	tag_18_09_04	28	The compound-list-1 shall be executed, and if it has a zero exit status, the until command completes. Otherwise, the compound-list-2 shall be executed, and the process repeats.	6cd823d74b6b828b0c539609eb3358c8fe858c5c2a14e16aa099f5dc9a171cdd	Execute compound commands with their nested lists, redirections, variable scope, status, and error behavior.	open	missing:tag_18_09_04.r028_q35_ring3_witness	Add an exact Q35 Ring 3 case for this assertion, then run the mutation falsifier before closing it.	Mutate the assertion or remove its witness; verification must reject tag_18_09_04.r028.
tag_18_09_04.r029	tag_18_09_04	29	The exit status of the until loop shall be the exit status of the last compound-list-2 executed, or zero if none was executed.	54987f8ae27a1105a5c4e7de2b0fb75d3313880fa69eeba79d322aca3eba7db0	Execute compound commands with their nested lists, redirections, variable scope, status, and error behavior.	open	missing:tag_18_09_04.r029_q35_ring3_witness	Add an exact Q35 Ring 3 case for this assertion, then run the mutation falsifier before closing it.	Mutate the assertion or remove its witness; verification must reject tag_18_09_04.r029.
tag_18_09_04_01.r001	tag_18_09_04_01	1	The format for grouping commands is as follows:	5e6adcb39ad1ed94366df5331080546b08fff208b6af30ad104d4083e9c015b7	Implement subshell and current-environment grouping with the required environment mutation and compound-command status boundaries.	open	missing:tag_18_09_04_01.r001_q35_ring3_witness	Add an exact Q35 Ring 3 case for this assertion, then run the mutation falsifier before closing it.	Mutate the assertion or remove its witness; verification must reject tag_18_09_04_01.r001.
tag_18_09_04_01.r002	tag_18_09_04_01	2	( compound-list )	f688eeebcdc5a46be791c8f1e9fc7834c91cc0d6311b2c4e0464b8fe3ce9f908	Implement subshell and current-environment grouping with the required environment mutation and compound-command status boundaries.	open	missing:tag_18_09_04_01.r002_q35_ring3_witness	Add an exact Q35 Ring 3 case for this assertion, then run the mutation falsifier before closing it.	Mutate the assertion or remove its witness; verification must reject tag_18_09_04_01.r002.
tag_18_09_04_01.r003	tag_18_09_04_01	3	Execute compound-list in a subshell environment; see Shell Execution Environment. Variable assignments and built-in commands that affect the environment shall not remain in effect after the list finishes. If a character sequence beginning with "((" would be parsed by the shell as an arithmetic expansion if preceded by a '$', shells which implement an extension whereby "((expression))" is evaluated as an arithmetic expression may treat the "((" as introducing as an arithmetic evaluation instead of a grouping command. A conforming application shall ensure that it separates the two leading '(' characters with white space to prevent the shell from performing an arithmetic evaluation.	e7886990b71f1885c202f9b181e99ce4f3821b8bc3bb568049bcb7fc20bad370	Implement subshell and current-environment grouping with the required environment mutation and compound-command status boundaries.	open	missing:tag_18_09_04_01.r003_q35_ring3_witness	Add an exact Q35 Ring 3 case for this assertion, then run the mutation falsifier before closing it.	Mutate the assertion or remove its witness; verification must reject tag_18_09_04_01.r003.
tag_18_09_04_01.r004	tag_18_09_04_01	4	{ compound-list ; }	bf719a8b6996c2fdf6f6f85bacb6f5f0ee5ff4bb793e1dab09fbfbb9096db52c	Implement subshell and current-environment grouping with the required environment mutation and compound-command status boundaries.	open	missing:tag_18_09_04_01.r004_q35_ring3_witness	Add an exact Q35 Ring 3 case for this assertion, then run the mutation falsifier before closing it.	Mutate the assertion or remove its witness; verification must reject tag_18_09_04_01.r004.
tag_18_09_04_01.r005	tag_18_09_04_01	5	Execute compound-list in the current process environment. The semicolon shown here is an example of a control operator delimiting the } reserved word. Other delimiters are possible, as shown in Shell Grammar; a <newline> is frequently used.	f1c8cf619a20fdf1e6abbbd88b87639009b566502dbfb518b6ac154fffe1f64f	Implement subshell and current-environment grouping with the required environment mutation and compound-command status boundaries.	open	missing:tag_18_09_04_01.r005_q35_ring3_witness	Add an exact Q35 Ring 3 case for this assertion, then run the mutation falsifier before closing it.	Mutate the assertion or remove its witness; verification must reject tag_18_09_04_01.r005.
tag_18_09_04_03.r001	tag_18_09_04_03	1	The for loop shall execute a sequence of commands for each member in a list of items. The for loop requires that the reserved words do and done be used to delimit the sequence of commands.	d0dba53b3df7545c14fb237d86b9280f971cbad857a84640f3b5d0ef0d4ebfc0	Implement for-loop name assignment, word expansion, iteration, redirection, empty-list, break or continue, and exit-status behavior.	open	missing:tag_18_09_04_03.r001_q35_ring3_witness	Add an exact Q35 Ring 3 case for this assertion, then run the mutation falsifier before closing it.	Mutate the assertion or remove its witness; verification must reject tag_18_09_04_03.r001.
tag_18_09_04_03.r002	tag_18_09_04_03	2	The format for the for loop is as follows:	02f79480728616a441e0dc39e9d3115bca4d7b52d099dc0b6f8caafa14ab1d05	Implement for-loop name assignment, word expansion, iteration, redirection, empty-list, break or continue, and exit-status behavior.	open	missing:tag_18_09_04_03.r002_q35_ring3_witness	Add an exact Q35 Ring 3 case for this assertion, then run the mutation falsifier before closing it.	Mutate the assertion or remove its witness; verification must reject tag_18_09_04_03.r002.
tag_18_09_04_03.r003	tag_18_09_04_03	3	First, the list of words following in shall be expanded to generate a list of items. Then, the variable name shall be set to each item, in turn, and the compound-list executed each time. If no items result from the expansion, the compound-list shall not be executed. Omitting:	1da5eab6563cf51f77cde96097d394a07e1cead8204e5f888c07d196cc0c74ea	Implement for-loop name assignment, word expansion, iteration, redirection, empty-list, break or continue, and exit-status behavior.	open	missing:tag_18_09_04_03.r003_q35_ring3_witness	Add an exact Q35 Ring 3 case for this assertion, then run the mutation falsifier before closing it.	Mutate the assertion or remove its witness; verification must reject tag_18_09_04_03.r003.
tag_18_09_04_03.r004	tag_18_09_04_03	4	shall be equivalent to:	40bca25ba11637de5f7c688cbfea4a7fd89019039af159acd9af65baab4a3c2a	Implement for-loop name assignment, word expansion, iteration, redirection, empty-list, break or continue, and exit-status behavior.	open	missing:tag_18_09_04_03.r004_q35_ring3_witness	Add an exact Q35 Ring 3 case for this assertion, then run the mutation falsifier before closing it.	Mutate the assertion or remove its witness; verification must reject tag_18_09_04_03.r004.
