# authority: IEEE Std 1003.1-2017 and The Open Group Base Specifications Issue 7, 2018 edition
# source-archive: susv4-2018.tgz, sha256 ab6636bca53c7d71d33d2c5149ede574d598fe6ec97fa8b08e0459ef7bcfc104
# volume: base-definitions
# parent-denominator: 95
# clause-denominator: 1483 HTML h2-h5 source headings with tag anchors
# clause-key-sha256: e357d95bf96ea94101041ab8db05156d0c107addc2318409cdd4fa83f637e575
# clause-row-sha256: 42fbbd0f2c879de5501f33c5d938d5d8bae7788edbc88176b200839c654db458
# state invariant: every clause is exactly one of open or closed
# non-ASCII source titles use ASCII backslash escapes; source bytes remain hash-bound
parent	clause	title	source_sha256	state	witness	next_action
basedefs/V1_chap01.html	tag_01	Introduction	065789325a43de8932526a00ede61e32066f4174f4c8a597ca6fa6532ccbb576	open	missing:q35_ring3_base_definitions_clause_witness	Add an exact Q35 Ring 3 witness for this clause and close its parent only after all clauses close.
basedefs/V1_chap01.html	tag_01_01	Scope	065789325a43de8932526a00ede61e32066f4174f4c8a597ca6fa6532ccbb576	open	missing:q35_ring3_base_definitions_clause_witness	Add an exact Q35 Ring 3 witness for this clause and close its parent only after all clauses close.
basedefs/V1_chap01.html	tag_01_02	Conformance	065789325a43de8932526a00ede61e32066f4174f4c8a597ca6fa6532ccbb576	open	missing:q35_ring3_base_definitions_clause_witness	Add an exact Q35 Ring 3 witness for this clause and close its parent only after all clauses close.
basedefs/V1_chap01.html	tag_01_03	Normative References	065789325a43de8932526a00ede61e32066f4174f4c8a597ca6fa6532ccbb576	open	missing:q35_ring3_base_definitions_clause_witness	Add an exact Q35 Ring 3 witness for this clause and close its parent only after all clauses close.
basedefs/V1_chap01.html	tag_01_04	Change History	065789325a43de8932526a00ede61e32066f4174f4c8a597ca6fa6532ccbb576	open	missing:q35_ring3_base_definitions_clause_witness	Add an exact Q35 Ring 3 witness for this clause and close its parent only after all clauses close.
basedefs/V1_chap01.html	tag_01_05	Terminology	065789325a43de8932526a00ede61e32066f4174f4c8a597ca6fa6532ccbb576	open	missing:q35_ring3_base_definitions_clause_witness	Add an exact Q35 Ring 3 witness for this clause and close its parent only after all clauses close.
basedefs/V1_chap01.html	tag_01_05_01	can	065789325a43de8932526a00ede61e32066f4174f4c8a597ca6fa6532ccbb576	open	missing:q35_ring3_base_definitions_clause_witness	Add an exact Q35 Ring 3 witness for this clause and close its parent only after all clauses close.
basedefs/V1_chap01.html	tag_01_05_02	implementation-defined	065789325a43de8932526a00ede61e32066f4174f4c8a597ca6fa6532ccbb576	open	missing:q35_ring3_base_definitions_clause_witness	Add an exact Q35 Ring 3 witness for this clause and close its parent only after all clauses close.
basedefs/V1_chap01.html	tag_01_05_03	legacy	065789325a43de8932526a00ede61e32066f4174f4c8a597ca6fa6532ccbb576	open	missing:q35_ring3_base_definitions_clause_witness	Add an exact Q35 Ring 3 witness for this clause and close its parent only after all clauses close.
basedefs/V1_chap01.html	tag_01_05_04	may	065789325a43de8932526a00ede61e32066f4174f4c8a597ca6fa6532ccbb576	open	missing:q35_ring3_base_definitions_clause_witness	Add an exact Q35 Ring 3 witness for this clause and close its parent only after all clauses close.
basedefs/V1_chap01.html	tag_01_05_05	shall	065789325a43de8932526a00ede61e32066f4174f4c8a597ca6fa6532ccbb576	open	missing:q35_ring3_base_definitions_clause_witness	Add an exact Q35 Ring 3 witness for this clause and close its parent only after all clauses close.
basedefs/V1_chap01.html	tag_01_05_06	should	065789325a43de8932526a00ede61e32066f4174f4c8a597ca6fa6532ccbb576	open	missing:q35_ring3_base_definitions_clause_witness	Add an exact Q35 Ring 3 witness for this clause and close its parent only after all clauses close.
basedefs/V1_chap01.html	tag_01_05_07	undefined	065789325a43de8932526a00ede61e32066f4174f4c8a597ca6fa6532ccbb576	open	missing:q35_ring3_base_definitions_clause_witness	Add an exact Q35 Ring 3 witness for this clause and close its parent only after all clauses close.
basedefs/V1_chap01.html	tag_01_05_08	unspecified	065789325a43de8932526a00ede61e32066f4174f4c8a597ca6fa6532ccbb576	open	missing:q35_ring3_base_definitions_clause_witness	Add an exact Q35 Ring 3 witness for this clause and close its parent only after all clauses close.
basedefs/V1_chap01.html	tag_01_06	Definitions and Concepts	065789325a43de8932526a00ede61e32066f4174f4c8a597ca6fa6532ccbb576	open	missing:q35_ring3_base_definitions_clause_witness	Add an exact Q35 Ring 3 witness for this clause and close its parent only after all clauses close.
basedefs/V1_chap01.html	tag_01_07	Portability	065789325a43de8932526a00ede61e32066f4174f4c8a597ca6fa6532ccbb576	open	missing:q35_ring3_base_definitions_clause_witness	Add an exact Q35 Ring 3 witness for this clause and close its parent only after all clauses close.
basedefs/V1_chap01.html	tag_01_07_01	Codes	065789325a43de8932526a00ede61e32066f4174f4c8a597ca6fa6532ccbb576	open	missing:q35_ring3_base_definitions_clause_witness	Add an exact Q35 Ring 3 witness for this clause and close its parent only after all clauses close.
basedefs/V1_chap01.html	tag_01_07_02	Margin Code Notation	065789325a43de8932526a00ede61e32066f4174f4c8a597ca6fa6532ccbb576	open	missing:q35_ring3_base_definitions_clause_witness	Add an exact Q35 Ring 3 witness for this clause and close its parent only after all clauses close.
basedefs/V1_chap01.html	tag_01_07_02_01	A Feature Dependent on One or Two Options	065789325a43de8932526a00ede61e32066f4174f4c8a597ca6fa6532ccbb576	open	missing:q35_ring3_base_definitions_clause_witness	Add an exact Q35 Ring 3 witness for this clause and close its parent only after all clauses close.
basedefs/V1_chap01.html	tag_01_07_02_02	A Feature Dependent on Either of the Options Denoted	065789325a43de8932526a00ede61e32066f4174f4c8a597ca6fa6532ccbb576	open	missing:q35_ring3_base_definitions_clause_witness	Add an exact Q35 Ring 3 witness for this clause and close its parent only after all clauses close.
basedefs/V1_chap01.html	tag_01_07_02_03	A Feature Dependent on More than Two Options	065789325a43de8932526a00ede61e32066f4174f4c8a597ca6fa6532ccbb576	open	missing:q35_ring3_base_definitions_clause_witness	Add an exact Q35 Ring 3 witness for this clause and close its parent only after all clauses close.
basedefs/V1_chap01.html	tag_01_07_02_04	Large Sections Dependent on an Option	065789325a43de8932526a00ede61e32066f4174f4c8a597ca6fa6532ccbb576	open	missing:q35_ring3_base_definitions_clause_witness	Add an exact Q35 Ring 3 witness for this clause and close its parent only after all clauses close.
basedefs/V1_chap01.html	tag_01_07_03	Footnotes	065789325a43de8932526a00ede61e32066f4174f4c8a597ca6fa6532ccbb576	open	missing:q35_ring3_base_definitions_clause_witness	Add an exact Q35 Ring 3 witness for this clause and close its parent only after all clauses close.
basedefs/V1_chap02.html	tag_02	Conformance	9c012f10df14e8c72a5ed5b60812b25eb6a67064983fba6da41247df9fda8c57	open	missing:q35_ring3_base_definitions_clause_witness	Add an exact Q35 Ring 3 witness for this clause and close its parent only after all clauses close.
basedefs/V1_chap02.html	tag_02_01	Implementation Conformance	9c012f10df14e8c72a5ed5b60812b25eb6a67064983fba6da41247df9fda8c57	open	missing:q35_ring3_base_definitions_clause_witness	Add an exact Q35 Ring 3 witness for this clause and close its parent only after all clauses close.
basedefs/V1_chap02.html	tag_02_01_01	Requirements	9c012f10df14e8c72a5ed5b60812b25eb6a67064983fba6da41247df9fda8c57	open	missing:q35_ring3_base_definitions_clause_witness	Add an exact Q35 Ring 3 witness for this clause and close its parent only after all clauses close.
basedefs/V1_chap02.html	tag_02_01_02	Documentation	9c012f10df14e8c72a5ed5b60812b25eb6a67064983fba6da41247df9fda8c57	open	missing:q35_ring3_base_definitions_clause_witness	Add an exact Q35 Ring 3 witness for this clause and close its parent only after all clauses close.
basedefs/V1_chap02.html	tag_02_01_03	POSIX Conformance	9c012f10df14e8c72a5ed5b60812b25eb6a67064983fba6da41247df9fda8c57	open	missing:q35_ring3_base_definitions_clause_witness	Add an exact Q35 Ring 3 witness for this clause and close its parent only after all clauses close.
basedefs/V1_chap02.html	tag_02_01_03_01	POSIX System Interfaces	9c012f10df14e8c72a5ed5b60812b25eb6a67064983fba6da41247df9fda8c57	open	missing:q35_ring3_base_definitions_clause_witness	Add an exact Q35 Ring 3 witness for this clause and close its parent only after all clauses close.
basedefs/V1_chap02.html	tag_02_01_03_02	POSIX Shell and Utilities	9c012f10df14e8c72a5ed5b60812b25eb6a67064983fba6da41247df9fda8c57	open	missing:q35_ring3_base_definitions_clause_witness	Add an exact Q35 Ring 3 witness for this clause and close its parent only after all clauses close.
basedefs/V1_chap02.html	tag_02_01_04	XSI Conformance	9c012f10df14e8c72a5ed5b60812b25eb6a67064983fba6da41247df9fda8c57	open	missing:q35_ring3_base_definitions_clause_witness	Add an exact Q35 Ring 3 witness for this clause and close its parent only after all clauses close.
basedefs/V1_chap02.html	tag_02_01_04_01	XSI System Interfaces	9c012f10df14e8c72a5ed5b60812b25eb6a67064983fba6da41247df9fda8c57	open	missing:q35_ring3_base_definitions_clause_witness	Add an exact Q35 Ring 3 witness for this clause and close its parent only after all clauses close.
basedefs/V1_chap02.html	tag_02_01_04_02	XSI Shell and Utilities Conformance	9c012f10df14e8c72a5ed5b60812b25eb6a67064983fba6da41247df9fda8c57	open	missing:q35_ring3_base_definitions_clause_witness	Add an exact Q35 Ring 3 witness for this clause and close its parent only after all clauses close.
basedefs/V1_chap02.html	tag_02_01_05	Option Groups	9c012f10df14e8c72a5ed5b60812b25eb6a67064983fba6da41247df9fda8c57	open	missing:q35_ring3_base_definitions_clause_witness	Add an exact Q35 Ring 3 witness for this clause and close its parent only after all clauses close.
basedefs/V1_chap02.html	tag_02_01_05_01	Subprofiling Considerations	9c012f10df14e8c72a5ed5b60812b25eb6a67064983fba6da41247df9fda8c57	open	missing:q35_ring3_base_definitions_clause_witness	Add an exact Q35 Ring 3 witness for this clause and close its parent only after all clauses close.
basedefs/V1_chap02.html	tag_02_01_05_02	XSI Option Groups	9c012f10df14e8c72a5ed5b60812b25eb6a67064983fba6da41247df9fda8c57	open	missing:q35_ring3_base_definitions_clause_witness	Add an exact Q35 Ring 3 witness for this clause and close its parent only after all clauses close.
basedefs/V1_chap02.html	tag_02_01_05_03	Encryption	9c012f10df14e8c72a5ed5b60812b25eb6a67064983fba6da41247df9fda8c57	open	missing:q35_ring3_base_definitions_clause_witness	Add an exact Q35 Ring 3 witness for this clause and close its parent only after all clauses close.
basedefs/V1_chap02.html	tag_02_01_05_04	Realtime	9c012f10df14e8c72a5ed5b60812b25eb6a67064983fba6da41247df9fda8c57	open	missing:q35_ring3_base_definitions_clause_witness	Add an exact Q35 Ring 3 witness for this clause and close its parent only after all clauses close.
basedefs/V1_chap02.html	tag_02_01_05_05	Advanced Realtime	9c012f10df14e8c72a5ed5b60812b25eb6a67064983fba6da41247df9fda8c57	open	missing:q35_ring3_base_definitions_clause_witness	Add an exact Q35 Ring 3 witness for this clause and close its parent only after all clauses close.
basedefs/V1_chap02.html	tag_02_01_05_06	Realtime Threads	9c012f10df14e8c72a5ed5b60812b25eb6a67064983fba6da41247df9fda8c57	open	missing:q35_ring3_base_definitions_clause_witness	Add an exact Q35 Ring 3 witness for this clause and close its parent only after all clauses close.
basedefs/V1_chap02.html	tag_02_01_05_07	Advanced Realtime Threads	9c012f10df14e8c72a5ed5b60812b25eb6a67064983fba6da41247df9fda8c57	open	missing:q35_ring3_base_definitions_clause_witness	Add an exact Q35 Ring 3 witness for this clause and close its parent only after all clauses close.
basedefs/V1_chap02.html	tag_02_01_05_08	Tracing	9c012f10df14e8c72a5ed5b60812b25eb6a67064983fba6da41247df9fda8c57	open	missing:q35_ring3_base_definitions_clause_witness	Add an exact Q35 Ring 3 witness for this clause and close its parent only after all clauses close.
basedefs/V1_chap02.html	tag_02_01_05_09	XSI STREAMS	9c012f10df14e8c72a5ed5b60812b25eb6a67064983fba6da41247df9fda8c57	open	missing:q35_ring3_base_definitions_clause_witness	Add an exact Q35 Ring 3 witness for this clause and close its parent only after all clauses close.
basedefs/V1_chap02.html	tag_02_01_06	Options	9c012f10df14e8c72a5ed5b60812b25eb6a67064983fba6da41247df9fda8c57	open	missing:q35_ring3_base_definitions_clause_witness	Add an exact Q35 Ring 3 witness for this clause and close its parent only after all clauses close.
basedefs/V1_chap02.html	tag_02_01_06_01	System Interfaces	9c012f10df14e8c72a5ed5b60812b25eb6a67064983fba6da41247df9fda8c57	open	missing:q35_ring3_base_definitions_clause_witness	Add an exact Q35 Ring 3 witness for this clause and close its parent only after all clauses close.
basedefs/V1_chap02.html	tag_02_01_06_02	Shell and Utilities	9c012f10df14e8c72a5ed5b60812b25eb6a67064983fba6da41247df9fda8c57	open	missing:q35_ring3_base_definitions_clause_witness	Add an exact Q35 Ring 3 witness for this clause and close its parent only after all clauses close.
basedefs/V1_chap02.html	tag_02_02	Application Conformance	9c012f10df14e8c72a5ed5b60812b25eb6a67064983fba6da41247df9fda8c57	open	missing:q35_ring3_base_definitions_clause_witness	Add an exact Q35 Ring 3 witness for this clause and close its parent only after all clauses close.
basedefs/V1_chap02.html	tag_02_02_01	Strictly Conforming POSIX Application	9c012f10df14e8c72a5ed5b60812b25eb6a67064983fba6da41247df9fda8c57	open	missing:q35_ring3_base_definitions_clause_witness	Add an exact Q35 Ring 3 witness for this clause and close its parent only after all clauses close.
basedefs/V1_chap02.html	tag_02_02_02	Conforming POSIX Application	9c012f10df14e8c72a5ed5b60812b25eb6a67064983fba6da41247df9fda8c57	open	missing:q35_ring3_base_definitions_clause_witness	Add an exact Q35 Ring 3 witness for this clause and close its parent only after all clauses close.
basedefs/V1_chap02.html	tag_02_02_02_01	ISO/IEC Conforming POSIX Application	9c012f10df14e8c72a5ed5b60812b25eb6a67064983fba6da41247df9fda8c57	open	missing:q35_ring3_base_definitions_clause_witness	Add an exact Q35 Ring 3 witness for this clause and close its parent only after all clauses close.
basedefs/V1_chap02.html	tag_02_02_02_02	<National Body> Conforming POSIX Application	9c012f10df14e8c72a5ed5b60812b25eb6a67064983fba6da41247df9fda8c57	open	missing:q35_ring3_base_definitions_clause_witness	Add an exact Q35 Ring 3 witness for this clause and close its parent only after all clauses close.
basedefs/V1_chap02.html	tag_02_02_03	Conforming POSIX Application Using Extensions	9c012f10df14e8c72a5ed5b60812b25eb6a67064983fba6da41247df9fda8c57	open	missing:q35_ring3_base_definitions_clause_witness	Add an exact Q35 Ring 3 witness for this clause and close its parent only after all clauses close.
basedefs/V1_chap02.html	tag_02_02_04	Strictly Conforming XSI Application	9c012f10df14e8c72a5ed5b60812b25eb6a67064983fba6da41247df9fda8c57	open	missing:q35_ring3_base_definitions_clause_witness	Add an exact Q35 Ring 3 witness for this clause and close its parent only after all clauses close.
basedefs/V1_chap02.html	tag_02_02_05	Conforming XSI Application Using Extensions	9c012f10df14e8c72a5ed5b60812b25eb6a67064983fba6da41247df9fda8c57	open	missing:q35_ring3_base_definitions_clause_witness	Add an exact Q35 Ring 3 witness for this clause and close its parent only after all clauses close.
basedefs/V1_chap02.html	tag_02_03	Language-Dependent Services for the C Programming Language	9c012f10df14e8c72a5ed5b60812b25eb6a67064983fba6da41247df9fda8c57	open	missing:q35_ring3_base_definitions_clause_witness	Add an exact Q35 Ring 3 witness for this clause and close its parent only after all clauses close.
basedefs/V1_chap02.html	tag_02_04	Other Language-Related Specifications	9c012f10df14e8c72a5ed5b60812b25eb6a67064983fba6da41247df9fda8c57	open	missing:q35_ring3_base_definitions_clause_witness	Add an exact Q35 Ring 3 witness for this clause and close its parent only after all clauses close.
basedefs/V1_chap02.html	tag_02_04_01	Footnotes	9c012f10df14e8c72a5ed5b60812b25eb6a67064983fba6da41247df9fda8c57	open	missing:q35_ring3_base_definitions_clause_witness	Add an exact Q35 Ring 3 witness for this clause and close its parent only after all clauses close.
basedefs/V1_chap03.html	tag_03	Definitions	e082f9d978e853fee528d03252cf27a467ec6bf75bcf37d435aec25208efc6c0	open	missing:q35_ring3_base_definitions_clause_witness	Add an exact Q35 Ring 3 witness for this clause and close its parent only after all clauses close.
basedefs/V1_chap03.html	tag_03_01	Abortive Release	e082f9d978e853fee528d03252cf27a467ec6bf75bcf37d435aec25208efc6c0	open	missing:q35_ring3_base_definitions_clause_witness	Add an exact Q35 Ring 3 witness for this clause and close its parent only after all clauses close.
basedefs/V1_chap03.html	tag_03_02	Absolute Pathname	e082f9d978e853fee528d03252cf27a467ec6bf75bcf37d435aec25208efc6c0	open	missing:q35_ring3_base_definitions_clause_witness	Add an exact Q35 Ring 3 witness for this clause and close its parent only after all clauses close.
basedefs/V1_chap03.html	tag_03_03	Access Mode	e082f9d978e853fee528d03252cf27a467ec6bf75bcf37d435aec25208efc6c0	open	missing:q35_ring3_base_definitions_clause_witness	Add an exact Q35 Ring 3 witness for this clause and close its parent only after all clauses close.
basedefs/V1_chap03.html	tag_03_04	Additional File Access Control Mechanism	e082f9d978e853fee528d03252cf27a467ec6bf75bcf37d435aec25208efc6c0	open	missing:q35_ring3_base_definitions_clause_witness	Add an exact Q35 Ring 3 witness for this clause and close its parent only after all clauses close.
basedefs/V1_chap03.html	tag_03_05	Address Space	e082f9d978e853fee528d03252cf27a467ec6bf75bcf37d435aec25208efc6c0	open	missing:q35_ring3_base_definitions_clause_witness	Add an exact Q35 Ring 3 witness for this clause and close its parent only after all clauses close.
basedefs/V1_chap03.html	tag_03_06	Advisory Information	e082f9d978e853fee528d03252cf27a467ec6bf75bcf37d435aec25208efc6c0	open	missing:q35_ring3_base_definitions_clause_witness	Add an exact Q35 Ring 3 witness for this clause and close its parent only after all clauses close.
basedefs/V1_chap03.html	tag_03_07	Affirmative Response	e082f9d978e853fee528d03252cf27a467ec6bf75bcf37d435aec25208efc6c0	open	missing:q35_ring3_base_definitions_clause_witness	Add an exact Q35 Ring 3 witness for this clause and close its parent only after all clauses close.
basedefs/V1_chap03.html	tag_03_08	Alert	e082f9d978e853fee528d03252cf27a467ec6bf75bcf37d435aec25208efc6c0	open	missing:q35_ring3_base_definitions_clause_witness	Add an exact Q35 Ring 3 witness for this clause and close its parent only after all clauses close.
basedefs/V1_chap03.html	tag_03_09	Alert Character (<alert>)	e082f9d978e853fee528d03252cf27a467ec6bf75bcf37d435aec25208efc6c0	open	missing:q35_ring3_base_definitions_clause_witness	Add an exact Q35 Ring 3 witness for this clause and close its parent only after all clauses close.
basedefs/V1_chap03.html	tag_03_10	Alias Name	e082f9d978e853fee528d03252cf27a467ec6bf75bcf37d435aec25208efc6c0	open	missing:q35_ring3_base_definitions_clause_witness	Add an exact Q35 Ring 3 witness for this clause and close its parent only after all clauses close.
basedefs/V1_chap03.html	tag_03_11	Alignment	e082f9d978e853fee528d03252cf27a467ec6bf75bcf37d435aec25208efc6c0	open	missing:q35_ring3_base_definitions_clause_witness	Add an exact Q35 Ring 3 witness for this clause and close its parent only after all clauses close.
basedefs/V1_chap03.html	tag_03_12	Alternate File Access Control Mechanism	e082f9d978e853fee528d03252cf27a467ec6bf75bcf37d435aec25208efc6c0	open	missing:q35_ring3_base_definitions_clause_witness	Add an exact Q35 Ring 3 witness for this clause and close its parent only after all clauses close.
basedefs/V1_chap03.html	tag_03_13	Alternate Signal Stack	e082f9d978e853fee528d03252cf27a467ec6bf75bcf37d435aec25208efc6c0	open	missing:q35_ring3_base_definitions_clause_witness	Add an exact Q35 Ring 3 witness for this clause and close its parent only after all clauses close.
basedefs/V1_chap03.html	tag_03_14	Ancillary Data	e082f9d978e853fee528d03252cf27a467ec6bf75bcf37d435aec25208efc6c0	open	missing:q35_ring3_base_definitions_clause_witness	Add an exact Q35 Ring 3 witness for this clause and close its parent only after all clauses close.
basedefs/V1_chap03.html	tag_03_15	Angle Brackets	e082f9d978e853fee528d03252cf27a467ec6bf75bcf37d435aec25208efc6c0	open	missing:q35_ring3_base_definitions_clause_witness	Add an exact Q35 Ring 3 witness for this clause and close its parent only after all clauses close.
basedefs/V1_chap03.html	tag_03_16	Apostrophe Character (<apostrophe>)	e082f9d978e853fee528d03252cf27a467ec6bf75bcf37d435aec25208efc6c0	open	missing:q35_ring3_base_definitions_clause_witness	Add an exact Q35 Ring 3 witness for this clause and close its parent only after all clauses close.
basedefs/V1_chap03.html	tag_03_17	Application	e082f9d978e853fee528d03252cf27a467ec6bf75bcf37d435aec25208efc6c0	open	missing:q35_ring3_base_definitions_clause_witness	Add an exact Q35 Ring 3 witness for this clause and close its parent only after all clauses close.
basedefs/V1_chap03.html	tag_03_18	Application Address	e082f9d978e853fee528d03252cf27a467ec6bf75bcf37d435aec25208efc6c0	open	missing:q35_ring3_base_definitions_clause_witness	Add an exact Q35 Ring 3 witness for this clause and close its parent only after all clauses close.
basedefs/V1_chap03.html	tag_03_19	Application Program Interface (API)	e082f9d978e853fee528d03252cf27a467ec6bf75bcf37d435aec25208efc6c0	open	missing:q35_ring3_base_definitions_clause_witness	Add an exact Q35 Ring 3 witness for this clause and close its parent only after all clauses close.
basedefs/V1_chap03.html	tag_03_20	Appropriate Privileges	e082f9d978e853fee528d03252cf27a467ec6bf75bcf37d435aec25208efc6c0	open	missing:q35_ring3_base_definitions_clause_witness	Add an exact Q35 Ring 3 witness for this clause and close its parent only after all clauses close.
basedefs/V1_chap03.html	tag_03_21	Argument	e082f9d978e853fee528d03252cf27a467ec6bf75bcf37d435aec25208efc6c0	open	missing:q35_ring3_base_definitions_clause_witness	Add an exact Q35 Ring 3 witness for this clause and close its parent only after all clauses close.
basedefs/V1_chap03.html	tag_03_22	Arm (a Timer)	e082f9d978e853fee528d03252cf27a467ec6bf75bcf37d435aec25208efc6c0	open	missing:q35_ring3_base_definitions_clause_witness	Add an exact Q35 Ring 3 witness for this clause and close its parent only after all clauses close.
basedefs/V1_chap03.html	tag_03_23	Asterisk Character (<asterisk>)	e082f9d978e853fee528d03252cf27a467ec6bf75bcf37d435aec25208efc6c0	open	missing:q35_ring3_base_definitions_clause_witness	Add an exact Q35 Ring 3 witness for this clause and close its parent only after all clauses close.
basedefs/V1_chap03.html	tag_03_24	Async-Cancel-Safe Function	e082f9d978e853fee528d03252cf27a467ec6bf75bcf37d435aec25208efc6c0	open	missing:q35_ring3_base_definitions_clause_witness	Add an exact Q35 Ring 3 witness for this clause and close its parent only after all clauses close.
basedefs/V1_chap03.html	tag_03_25	Asynchronous Events	e082f9d978e853fee528d03252cf27a467ec6bf75bcf37d435aec25208efc6c0	open	missing:q35_ring3_base_definitions_clause_witness	Add an exact Q35 Ring 3 witness for this clause and close its parent only after all clauses close.
basedefs/V1_chap03.html	tag_03_26	Asynchronous Input and Output	e082f9d978e853fee528d03252cf27a467ec6bf75bcf37d435aec25208efc6c0	open	missing:q35_ring3_base_definitions_clause_witness	Add an exact Q35 Ring 3 witness for this clause and close its parent only after all clauses close.
basedefs/V1_chap03.html	tag_03_27	Async-Signal-Safe Function	e082f9d978e853fee528d03252cf27a467ec6bf75bcf37d435aec25208efc6c0	open	missing:q35_ring3_base_definitions_clause_witness	Add an exact Q35 Ring 3 witness for this clause and close its parent only after all clauses close.
basedefs/V1_chap03.html	tag_03_28	Asynchronously-Generated Signal	e082f9d978e853fee528d03252cf27a467ec6bf75bcf37d435aec25208efc6c0	open	missing:q35_ring3_base_definitions_clause_witness	Add an exact Q35 Ring 3 witness for this clause and close its parent only after all clauses close.
basedefs/V1_chap03.html	tag_03_29	Asynchronous I/O Completion	e082f9d978e853fee528d03252cf27a467ec6bf75bcf37d435aec25208efc6c0	open	missing:q35_ring3_base_definitions_clause_witness	Add an exact Q35 Ring 3 witness for this clause and close its parent only after all clauses close.
basedefs/V1_chap03.html	tag_03_30	Asynchronous I/O Operation	e082f9d978e853fee528d03252cf27a467ec6bf75bcf37d435aec25208efc6c0	open	missing:q35_ring3_base_definitions_clause_witness	Add an exact Q35 Ring 3 witness for this clause and close its parent only after all clauses close.
basedefs/V1_chap03.html	tag_03_31	Authentication	e082f9d978e853fee528d03252cf27a467ec6bf75bcf37d435aec25208efc6c0	open	missing:q35_ring3_base_definitions_clause_witness	Add an exact Q35 Ring 3 witness for this clause and close its parent only after all clauses close.
basedefs/V1_chap03.html	tag_03_32	Authorization	e082f9d978e853fee528d03252cf27a467ec6bf75bcf37d435aec25208efc6c0	open	missing:q35_ring3_base_definitions_clause_witness	Add an exact Q35 Ring 3 witness for this clause and close its parent only after all clauses close.
basedefs/V1_chap03.html	tag_03_33	Background Job	e082f9d978e853fee528d03252cf27a467ec6bf75bcf37d435aec25208efc6c0	open	missing:q35_ring3_base_definitions_clause_witness	Add an exact Q35 Ring 3 witness for this clause and close its parent only after all clauses close.
basedefs/V1_chap03.html	tag_03_34	Background Process	e082f9d978e853fee528d03252cf27a467ec6bf75bcf37d435aec25208efc6c0	open	missing:q35_ring3_base_definitions_clause_witness	Add an exact Q35 Ring 3 witness for this clause and close its parent only after all clauses close.
basedefs/V1_chap03.html	tag_03_35	Background Process Group (or Background Job)	e082f9d978e853fee528d03252cf27a467ec6bf75bcf37d435aec25208efc6c0	open	missing:q35_ring3_base_definitions_clause_witness	Add an exact Q35 Ring 3 witness for this clause and close its parent only after all clauses close.
basedefs/V1_chap03.html	tag_03_36	Backquote Character	e082f9d978e853fee528d03252cf27a467ec6bf75bcf37d435aec25208efc6c0	open	missing:q35_ring3_base_definitions_clause_witness	Add an exact Q35 Ring 3 witness for this clause and close its parent only after all clauses close.
basedefs/V1_chap03.html	tag_03_37	Backslash Character (<backslash>)	e082f9d978e853fee528d03252cf27a467ec6bf75bcf37d435aec25208efc6c0	open	missing:q35_ring3_base_definitions_clause_witness	Add an exact Q35 Ring 3 witness for this clause and close its parent only after all clauses close.
basedefs/V1_chap03.html	tag_03_38	Backspace Character (<backspace>)	e082f9d978e853fee528d03252cf27a467ec6bf75bcf37d435aec25208efc6c0	open	missing:q35_ring3_base_definitions_clause_witness	Add an exact Q35 Ring 3 witness for this clause and close its parent only after all clauses close.
basedefs/V1_chap03.html	tag_03_39	Barrier	e082f9d978e853fee528d03252cf27a467ec6bf75bcf37d435aec25208efc6c0	open	missing:q35_ring3_base_definitions_clause_witness	Add an exact Q35 Ring 3 witness for this clause and close its parent only after all clauses close.
basedefs/V1_chap03.html	tag_03_40	Basename	e082f9d978e853fee528d03252cf27a467ec6bf75bcf37d435aec25208efc6c0	open	missing:q35_ring3_base_definitions_clause_witness	Add an exact Q35 Ring 3 witness for this clause and close its parent only after all clauses close.
basedefs/V1_chap03.html	tag_03_41	Basic Regular Expression (BRE)	e082f9d978e853fee528d03252cf27a467ec6bf75bcf37d435aec25208efc6c0	open	missing:q35_ring3_base_definitions_clause_witness	Add an exact Q35 Ring 3 witness for this clause and close its parent only after all clauses close.
basedefs/V1_chap03.html	tag_03_42	Batch Access List	e082f9d978e853fee528d03252cf27a467ec6bf75bcf37d435aec25208efc6c0	open	missing:q35_ring3_base_definitions_clause_witness	Add an exact Q35 Ring 3 witness for this clause and close its parent only after all clauses close.
basedefs/V1_chap03.html	tag_03_43	Batch Administrator	e082f9d978e853fee528d03252cf27a467ec6bf75bcf37d435aec25208efc6c0	open	missing:q35_ring3_base_definitions_clause_witness	Add an exact Q35 Ring 3 witness for this clause and close its parent only after all clauses close.
basedefs/V1_chap03.html	tag_03_44	Batch Client	e082f9d978e853fee528d03252cf27a467ec6bf75bcf37d435aec25208efc6c0	open	missing:q35_ring3_base_definitions_clause_witness	Add an exact Q35 Ring 3 witness for this clause and close its parent only after all clauses close.
basedefs/V1_chap03.html	tag_03_45	Batch Destination	e082f9d978e853fee528d03252cf27a467ec6bf75bcf37d435aec25208efc6c0	open	missing:q35_ring3_base_definitions_clause_witness	Add an exact Q35 Ring 3 witness for this clause and close its parent only after all clauses close.
basedefs/V1_chap03.html	tag_03_46	Batch Destination Identifier	e082f9d978e853fee528d03252cf27a467ec6bf75bcf37d435aec25208efc6c0	open	missing:q35_ring3_base_definitions_clause_witness	Add an exact Q35 Ring 3 witness for this clause and close its parent only after all clauses close.
basedefs/V1_chap03.html	tag_03_47	Batch Directive	e082f9d978e853fee528d03252cf27a467ec6bf75bcf37d435aec25208efc6c0	open	missing:q35_ring3_base_definitions_clause_witness	Add an exact Q35 Ring 3 witness for this clause and close its parent only after all clauses close.
basedefs/V1_chap03.html	tag_03_48	Batch Job	e082f9d978e853fee528d03252cf27a467ec6bf75bcf37d435aec25208efc6c0	open	missing:q35_ring3_base_definitions_clause_witness	Add an exact Q35 Ring 3 witness for this clause and close its parent only after all clauses close.
basedefs/V1_chap03.html	tag_03_49	Batch Job Attribute	e082f9d978e853fee528d03252cf27a467ec6bf75bcf37d435aec25208efc6c0	open	missing:q35_ring3_base_definitions_clause_witness	Add an exact Q35 Ring 3 witness for this clause and close its parent only after all clauses close.
basedefs/V1_chap03.html	tag_03_50	Batch Job Identifier	e082f9d978e853fee528d03252cf27a467ec6bf75bcf37d435aec25208efc6c0	open	missing:q35_ring3_base_definitions_clause_witness	Add an exact Q35 Ring 3 witness for this clause and close its parent only after all clauses close.
basedefs/V1_chap03.html	tag_03_51	Batch Job Name	e082f9d978e853fee528d03252cf27a467ec6bf75bcf37d435aec25208efc6c0	open	missing:q35_ring3_base_definitions_clause_witness	Add an exact Q35 Ring 3 witness for this clause and close its parent only after all clauses close.
basedefs/V1_chap03.html	tag_03_52	Batch Job Owner	e082f9d978e853fee528d03252cf27a467ec6bf75bcf37d435aec25208efc6c0	open	missing:q35_ring3_base_definitions_clause_witness	Add an exact Q35 Ring 3 witness for this clause and close its parent only after all clauses close.
basedefs/V1_chap03.html	tag_03_53	Batch Job Priority	e082f9d978e853fee528d03252cf27a467ec6bf75bcf37d435aec25208efc6c0	open	missing:q35_ring3_base_definitions_clause_witness	Add an exact Q35 Ring 3 witness for this clause and close its parent only after all clauses close.
basedefs/V1_chap03.html	tag_03_54	Batch Job State	e082f9d978e853fee528d03252cf27a467ec6bf75bcf37d435aec25208efc6c0	open	missing:q35_ring3_base_definitions_clause_witness	Add an exact Q35 Ring 3 witness for this clause and close its parent only after all clauses close.
basedefs/V1_chap03.html	tag_03_55	Batch Name Service	e082f9d978e853fee528d03252cf27a467ec6bf75bcf37d435aec25208efc6c0	open	missing:q35_ring3_base_definitions_clause_witness	Add an exact Q35 Ring 3 witness for this clause and close its parent only after all clauses close.
basedefs/V1_chap03.html	tag_03_56	Batch Name Space	e082f9d978e853fee528d03252cf27a467ec6bf75bcf37d435aec25208efc6c0	open	missing:q35_ring3_base_definitions_clause_witness	Add an exact Q35 Ring 3 witness for this clause and close its parent only after all clauses close.
basedefs/V1_chap03.html	tag_03_57	Batch Node	e082f9d978e853fee528d03252cf27a467ec6bf75bcf37d435aec25208efc6c0	open	missing:q35_ring3_base_definitions_clause_witness	Add an exact Q35 Ring 3 witness for this clause and close its parent only after all clauses close.
basedefs/V1_chap03.html	tag_03_58	Batch Operator	e082f9d978e853fee528d03252cf27a467ec6bf75bcf37d435aec25208efc6c0	open	missing:q35_ring3_base_definitions_clause_witness	Add an exact Q35 Ring 3 witness for this clause and close its parent only after all clauses close.
basedefs/V1_chap03.html	tag_03_59	Batch Queue	e082f9d978e853fee528d03252cf27a467ec6bf75bcf37d435aec25208efc6c0	open	missing:q35_ring3_base_definitions_clause_witness	Add an exact Q35 Ring 3 witness for this clause and close its parent only after all clauses close.
basedefs/V1_chap03.html	tag_03_60	Batch Queue Attribute	e082f9d978e853fee528d03252cf27a467ec6bf75bcf37d435aec25208efc6c0	open	missing:q35_ring3_base_definitions_clause_witness	Add an exact Q35 Ring 3 witness for this clause and close its parent only after all clauses close.
basedefs/V1_chap03.html	tag_03_61	Batch Queue Position	e082f9d978e853fee528d03252cf27a467ec6bf75bcf37d435aec25208efc6c0	open	missing:q35_ring3_base_definitions_clause_witness	Add an exact Q35 Ring 3 witness for this clause and close its parent only after all clauses close.
basedefs/V1_chap03.html	tag_03_62	Batch Queue Priority	e082f9d978e853fee528d03252cf27a467ec6bf75bcf37d435aec25208efc6c0	open	missing:q35_ring3_base_definitions_clause_witness	Add an exact Q35 Ring 3 witness for this clause and close its parent only after all clauses close.
basedefs/V1_chap03.html	tag_03_63	Batch Rerunability	e082f9d978e853fee528d03252cf27a467ec6bf75bcf37d435aec25208efc6c0	open	missing:q35_ring3_base_definitions_clause_witness	Add an exact Q35 Ring 3 witness for this clause and close its parent only after all clauses close.
basedefs/V1_chap03.html	tag_03_64	Batch Restart	e082f9d978e853fee528d03252cf27a467ec6bf75bcf37d435aec25208efc6c0	open	missing:q35_ring3_base_definitions_clause_witness	Add an exact Q35 Ring 3 witness for this clause and close its parent only after all clauses close.
basedefs/V1_chap03.html	tag_03_65	Batch Server	e082f9d978e853fee528d03252cf27a467ec6bf75bcf37d435aec25208efc6c0	open	missing:q35_ring3_base_definitions_clause_witness	Add an exact Q35 Ring 3 witness for this clause and close its parent only after all clauses close.
basedefs/V1_chap03.html	tag_03_66	Batch Server Name	e082f9d978e853fee528d03252cf27a467ec6bf75bcf37d435aec25208efc6c0	open	missing:q35_ring3_base_definitions_clause_witness	Add an exact Q35 Ring 3 witness for this clause and close its parent only after all clauses close.
basedefs/V1_chap03.html	tag_03_67	Batch Service	e082f9d978e853fee528d03252cf27a467ec6bf75bcf37d435aec25208efc6c0	open	missing:q35_ring3_base_definitions_clause_witness	Add an exact Q35 Ring 3 witness for this clause and close its parent only after all clauses close.
basedefs/V1_chap03.html	tag_03_68	Batch Service Request	e082f9d978e853fee528d03252cf27a467ec6bf75bcf37d435aec25208efc6c0	open	missing:q35_ring3_base_definitions_clause_witness	Add an exact Q35 Ring 3 witness for this clause and close its parent only after all clauses close.
basedefs/V1_chap03.html	tag_03_69	Batch Submission	e082f9d978e853fee528d03252cf27a467ec6bf75bcf37d435aec25208efc6c0	open	missing:q35_ring3_base_definitions_clause_witness	Add an exact Q35 Ring 3 witness for this clause and close its parent only after all clauses close.
basedefs/V1_chap03.html	tag_03_70	Batch System	e082f9d978e853fee528d03252cf27a467ec6bf75bcf37d435aec25208efc6c0	open	missing:q35_ring3_base_definitions_clause_witness	Add an exact Q35 Ring 3 witness for this clause and close its parent only after all clauses close.
basedefs/V1_chap03.html	tag_03_71	Batch Target User	e082f9d978e853fee528d03252cf27a467ec6bf75bcf37d435aec25208efc6c0	open	missing:q35_ring3_base_definitions_clause_witness	Add an exact Q35 Ring 3 witness for this clause and close its parent only after all clauses close.
basedefs/V1_chap03.html	tag_03_72	Batch User	e082f9d978e853fee528d03252cf27a467ec6bf75bcf37d435aec25208efc6c0	open	missing:q35_ring3_base_definitions_clause_witness	Add an exact Q35 Ring 3 witness for this clause and close its parent only after all clauses close.
basedefs/V1_chap03.html	tag_03_73	Bind	e082f9d978e853fee528d03252cf27a467ec6bf75bcf37d435aec25208efc6c0	open	missing:q35_ring3_base_definitions_clause_witness	Add an exact Q35 Ring 3 witness for this clause and close its parent only after all clauses close.
basedefs/V1_chap03.html	tag_03_74	Blank Character (<blank>)	e082f9d978e853fee528d03252cf27a467ec6bf75bcf37d435aec25208efc6c0	open	missing:q35_ring3_base_definitions_clause_witness	Add an exact Q35 Ring 3 witness for this clause and close its parent only after all clauses close.
basedefs/V1_chap03.html	tag_03_75	Blank Line	e082f9d978e853fee528d03252cf27a467ec6bf75bcf37d435aec25208efc6c0	open	missing:q35_ring3_base_definitions_clause_witness	Add an exact Q35 Ring 3 witness for this clause and close its parent only after all clauses close.
basedefs/V1_chap03.html	tag_03_76	Blocked Process (or Thread)	e082f9d978e853fee528d03252cf27a467ec6bf75bcf37d435aec25208efc6c0	open	missing:q35_ring3_base_definitions_clause_witness	Add an exact Q35 Ring 3 witness for this clause and close its parent only after all clauses close.
basedefs/V1_chap03.html	tag_03_77	Blocking	e082f9d978e853fee528d03252cf27a467ec6bf75bcf37d435aec25208efc6c0	open	missing:q35_ring3_base_definitions_clause_witness	Add an exact Q35 Ring 3 witness for this clause and close its parent only after all clauses close.
basedefs/V1_chap03.html	tag_03_78	Block-Mode Terminal	e082f9d978e853fee528d03252cf27a467ec6bf75bcf37d435aec25208efc6c0	open	missing:q35_ring3_base_definitions_clause_witness	Add an exact Q35 Ring 3 witness for this clause and close its parent only after all clauses close.
basedefs/V1_chap03.html	tag_03_79	Block Special File	e082f9d978e853fee528d03252cf27a467ec6bf75bcf37d435aec25208efc6c0	open	missing:q35_ring3_base_definitions_clause_witness	Add an exact Q35 Ring 3 witness for this clause and close its parent only after all clauses close.
basedefs/V1_chap03.html	tag_03_80	Braces	e082f9d978e853fee528d03252cf27a467ec6bf75bcf37d435aec25208efc6c0	open	missing:q35_ring3_base_definitions_clause_witness	Add an exact Q35 Ring 3 witness for this clause and close its parent only after all clauses close.
basedefs/V1_chap03.html	tag_03_81	Brackets	e082f9d978e853fee528d03252cf27a467ec6bf75bcf37d435aec25208efc6c0	open	missing:q35_ring3_base_definitions_clause_witness	Add an exact Q35 Ring 3 witness for this clause and close its parent only after all clauses close.
basedefs/V1_chap03.html	tag_03_82	Broadcast	e082f9d978e853fee528d03252cf27a467ec6bf75bcf37d435aec25208efc6c0	open	missing:q35_ring3_base_definitions_clause_witness	Add an exact Q35 Ring 3 witness for this clause and close its parent only after all clauses close.
basedefs/V1_chap03.html	tag_03_83	Built-In Utility (or Built-In)	e082f9d978e853fee528d03252cf27a467ec6bf75bcf37d435aec25208efc6c0	open	missing:q35_ring3_base_definitions_clause_witness	Add an exact Q35 Ring 3 witness for this clause and close its parent only after all clauses close.
basedefs/V1_chap03.html	tag_03_84	Byte	e082f9d978e853fee528d03252cf27a467ec6bf75bcf37d435aec25208efc6c0	open	missing:q35_ring3_base_definitions_clause_witness	Add an exact Q35 Ring 3 witness for this clause and close its parent only after all clauses close.
basedefs/V1_chap03.html	tag_03_85	Byte Input/Output Functions	e082f9d978e853fee528d03252cf27a467ec6bf75bcf37d435aec25208efc6c0	open	missing:q35_ring3_base_definitions_clause_witness	Add an exact Q35 Ring 3 witness for this clause and close its parent only after all clauses close.
basedefs/V1_chap03.html	tag_03_86	Carriage-Return Character (<carriage-return>)	e082f9d978e853fee528d03252cf27a467ec6bf75bcf37d435aec25208efc6c0	open	missing:q35_ring3_base_definitions_clause_witness	Add an exact Q35 Ring 3 witness for this clause and close its parent only after all clauses close.
basedefs/V1_chap03.html	tag_03_87	Character	e082f9d978e853fee528d03252cf27a467ec6bf75bcf37d435aec25208efc6c0	open	missing:q35_ring3_base_definitions_clause_witness	Add an exact Q35 Ring 3 witness for this clause and close its parent only after all clauses close.
basedefs/V1_chap03.html	tag_03_88	Character Array	e082f9d978e853fee528d03252cf27a467ec6bf75bcf37d435aec25208efc6c0	open	missing:q35_ring3_base_definitions_clause_witness	Add an exact Q35 Ring 3 witness for this clause and close its parent only after all clauses close.
basedefs/V1_chap03.html	tag_03_89	Character Class	e082f9d978e853fee528d03252cf27a467ec6bf75bcf37d435aec25208efc6c0	open	missing:q35_ring3_base_definitions_clause_witness	Add an exact Q35 Ring 3 witness for this clause and close its parent only after all clauses close.
basedefs/V1_chap03.html	tag_03_90	Character Set	e082f9d978e853fee528d03252cf27a467ec6bf75bcf37d435aec25208efc6c0	open	missing:q35_ring3_base_definitions_clause_witness	Add an exact Q35 Ring 3 witness for this clause and close its parent only after all clauses close.
basedefs/V1_chap03.html	tag_03_91	Character Special File	e082f9d978e853fee528d03252cf27a467ec6bf75bcf37d435aec25208efc6c0	open	missing:q35_ring3_base_definitions_clause_witness	Add an exact Q35 Ring 3 witness for this clause and close its parent only after all clauses close.
basedefs/V1_chap03.html	tag_03_92	Character String	e082f9d978e853fee528d03252cf27a467ec6bf75bcf37d435aec25208efc6c0	open	missing:q35_ring3_base_definitions_clause_witness	Add an exact Q35 Ring 3 witness for this clause and close its parent only after all clauses close.
basedefs/V1_chap03.html	tag_03_93	Child Process	e082f9d978e853fee528d03252cf27a467ec6bf75bcf37d435aec25208efc6c0	open	missing:q35_ring3_base_definitions_clause_witness	Add an exact Q35 Ring 3 witness for this clause and close its parent only after all clauses close.
basedefs/V1_chap03.html	tag_03_94	Circumflex Character (<circumflex>)	e082f9d978e853fee528d03252cf27a467ec6bf75bcf37d435aec25208efc6c0	open	missing:q35_ring3_base_definitions_clause_witness	Add an exact Q35 Ring 3 witness for this clause and close its parent only after all clauses close.
basedefs/V1_chap03.html	tag_03_95	Clock	e082f9d978e853fee528d03252cf27a467ec6bf75bcf37d435aec25208efc6c0	open	missing:q35_ring3_base_definitions_clause_witness	Add an exact Q35 Ring 3 witness for this clause and close its parent only after all clauses close.
basedefs/V1_chap03.html	tag_03_96	Clock Jump	e082f9d978e853fee528d03252cf27a467ec6bf75bcf37d435aec25208efc6c0	open	missing:q35_ring3_base_definitions_clause_witness	Add an exact Q35 Ring 3 witness for this clause and close its parent only after all clauses close.
basedefs/V1_chap03.html	tag_03_97	Clock Tick	e082f9d978e853fee528d03252cf27a467ec6bf75bcf37d435aec25208efc6c0	open	missing:q35_ring3_base_definitions_clause_witness	Add an exact Q35 Ring 3 witness for this clause and close its parent only after all clauses close.
basedefs/V1_chap03.html	tag_03_98	Coded Character Set	e082f9d978e853fee528d03252cf27a467ec6bf75bcf37d435aec25208efc6c0	open	missing:q35_ring3_base_definitions_clause_witness	Add an exact Q35 Ring 3 witness for this clause and close its parent only after all clauses close.
basedefs/V1_chap03.html	tag_03_99	Codeset	e082f9d978e853fee528d03252cf27a467ec6bf75bcf37d435aec25208efc6c0	open	missing:q35_ring3_base_definitions_clause_witness	Add an exact Q35 Ring 3 witness for this clause and close its parent only after all clauses close.
basedefs/V1_chap03.html	tag_03_100	Collating Element	e082f9d978e853fee528d03252cf27a467ec6bf75bcf37d435aec25208efc6c0	open	missing:q35_ring3_base_definitions_clause_witness	Add an exact Q35 Ring 3 witness for this clause and close its parent only after all clauses close.
basedefs/V1_chap03.html	tag_03_101	Collation	e082f9d978e853fee528d03252cf27a467ec6bf75bcf37d435aec25208efc6c0	open	missing:q35_ring3_base_definitions_clause_witness	Add an exact Q35 Ring 3 witness for this clause and close its parent only after all clauses close.
basedefs/V1_chap03.html	tag_03_102	Collation Sequence	e082f9d978e853fee528d03252cf27a467ec6bf75bcf37d435aec25208efc6c0	open	missing:q35_ring3_base_definitions_clause_witness	Add an exact Q35 Ring 3 witness for this clause and close its parent only after all clauses close.
basedefs/V1_chap03.html	tag_03_103	Column Position	e082f9d978e853fee528d03252cf27a467ec6bf75bcf37d435aec25208efc6c0	open	missing:q35_ring3_base_definitions_clause_witness	Add an exact Q35 Ring 3 witness for this clause and close its parent only after all clauses close.
basedefs/V1_chap03.html	tag_03_104	Command	e082f9d978e853fee528d03252cf27a467ec6bf75bcf37d435aec25208efc6c0	open	missing:q35_ring3_base_definitions_clause_witness	Add an exact Q35 Ring 3 witness for this clause and close its parent only after all clauses close.
basedefs/V1_chap03.html	tag_03_105	Command Language Interpreter	e082f9d978e853fee528d03252cf27a467ec6bf75bcf37d435aec25208efc6c0	open	missing:q35_ring3_base_definitions_clause_witness	Add an exact Q35 Ring 3 witness for this clause and close its parent only after all clauses close.
basedefs/V1_chap03.html	tag_03_106	Composite Graphic Symbol	e082f9d978e853fee528d03252cf27a467ec6bf75bcf37d435aec25208efc6c0	open	missing:q35_ring3_base_definitions_clause_witness	Add an exact Q35 Ring 3 witness for this clause and close its parent only after all clauses close.
basedefs/V1_chap03.html	tag_03_107	Condition Variable	e082f9d978e853fee528d03252cf27a467ec6bf75bcf37d435aec25208efc6c0	open	missing:q35_ring3_base_definitions_clause_witness	Add an exact Q35 Ring 3 witness for this clause and close its parent only after all clauses close.
basedefs/V1_chap03.html	tag_03_108	Connected Socket	e082f9d978e853fee528d03252cf27a467ec6bf75bcf37d435aec25208efc6c0	open	missing:q35_ring3_base_definitions_clause_witness	Add an exact Q35 Ring 3 witness for this clause and close its parent only after all clauses close.
basedefs/V1_chap03.html	tag_03_109	Connection	e082f9d978e853fee528d03252cf27a467ec6bf75bcf37d435aec25208efc6c0	open	missing:q35_ring3_base_definitions_clause_witness	Add an exact Q35 Ring 3 witness for this clause and close its parent only after all clauses close.
basedefs/V1_chap03.html	tag_03_110	Connection Mode	e082f9d978e853fee528d03252cf27a467ec6bf75bcf37d435aec25208efc6c0	open	missing:q35_ring3_base_definitions_clause_witness	Add an exact Q35 Ring 3 witness for this clause and close its parent only after all clauses close.
basedefs/V1_chap03.html	tag_03_111	Connectionless Mode	e082f9d978e853fee528d03252cf27a467ec6bf75bcf37d435aec25208efc6c0	open	missing:q35_ring3_base_definitions_clause_witness	Add an exact Q35 Ring 3 witness for this clause and close its parent only after all clauses close.
basedefs/V1_chap03.html	tag_03_112	Control Character	e082f9d978e853fee528d03252cf27a467ec6bf75bcf37d435aec25208efc6c0	open	missing:q35_ring3_base_definitions_clause_witness	Add an exact Q35 Ring 3 witness for this clause and close its parent only after all clauses close.
basedefs/V1_chap03.html	tag_03_113	Control Operator	e082f9d978e853fee528d03252cf27a467ec6bf75bcf37d435aec25208efc6c0	open	missing:q35_ring3_base_definitions_clause_witness	Add an exact Q35 Ring 3 witness for this clause and close its parent only after all clauses close.
basedefs/V1_chap03.html	tag_03_114	Controlling Process	e082f9d978e853fee528d03252cf27a467ec6bf75bcf37d435aec25208efc6c0	open	missing:q35_ring3_base_definitions_clause_witness	Add an exact Q35 Ring 3 witness for this clause and close its parent only after all clauses close.
basedefs/V1_chap03.html	tag_03_115	Controlling Terminal	e082f9d978e853fee528d03252cf27a467ec6bf75bcf37d435aec25208efc6c0	open	missing:q35_ring3_base_definitions_clause_witness	Add an exact Q35 Ring 3 witness for this clause and close its parent only after all clauses close.
basedefs/V1_chap03.html	tag_03_116	Conversion Descriptor	e082f9d978e853fee528d03252cf27a467ec6bf75bcf37d435aec25208efc6c0	open	missing:q35_ring3_base_definitions_clause_witness	Add an exact Q35 Ring 3 witness for this clause and close its parent only after all clauses close.
basedefs/V1_chap03.html	tag_03_117	Core File	e082f9d978e853fee528d03252cf27a467ec6bf75bcf37d435aec25208efc6c0	open	missing:q35_ring3_base_definitions_clause_witness	Add an exact Q35 Ring 3 witness for this clause and close its parent only after all clauses close.
basedefs/V1_chap03.html	tag_03_118	CPU Time (Execution Time)	e082f9d978e853fee528d03252cf27a467ec6bf75bcf37d435aec25208efc6c0	open	missing:q35_ring3_base_definitions_clause_witness	Add an exact Q35 Ring 3 witness for this clause and close its parent only after all clauses close.
basedefs/V1_chap03.html	tag_03_119	CPU-Time Clock	e082f9d978e853fee528d03252cf27a467ec6bf75bcf37d435aec25208efc6c0	open	missing:q35_ring3_base_definitions_clause_witness	Add an exact Q35 Ring 3 witness for this clause and close its parent only after all clauses close.
basedefs/V1_chap03.html	tag_03_120	CPU-Time Timer	e082f9d978e853fee528d03252cf27a467ec6bf75bcf37d435aec25208efc6c0	open	missing:q35_ring3_base_definitions_clause_witness	Add an exact Q35 Ring 3 witness for this clause and close its parent only after all clauses close.
basedefs/V1_chap03.html	tag_03_121	Current Job	e082f9d978e853fee528d03252cf27a467ec6bf75bcf37d435aec25208efc6c0	open	missing:q35_ring3_base_definitions_clause_witness	Add an exact Q35 Ring 3 witness for this clause and close its parent only after all clauses close.
basedefs/V1_chap03.html	tag_03_122	Current Working Directory	e082f9d978e853fee528d03252cf27a467ec6bf75bcf37d435aec25208efc6c0	open	missing:q35_ring3_base_definitions_clause_witness	Add an exact Q35 Ring 3 witness for this clause and close its parent only after all clauses close.
basedefs/V1_chap03.html	tag_03_123	Cursor Position	e082f9d978e853fee528d03252cf27a467ec6bf75bcf37d435aec25208efc6c0	open	missing:q35_ring3_base_definitions_clause_witness	Add an exact Q35 Ring 3 witness for this clause and close its parent only after all clauses close.
basedefs/V1_chap03.html	tag_03_124	Datagram	e082f9d978e853fee528d03252cf27a467ec6bf75bcf37d435aec25208efc6c0	open	missing:q35_ring3_base_definitions_clause_witness	Add an exact Q35 Ring 3 witness for this clause and close its parent only after all clauses close.
basedefs/V1_chap03.html	tag_03_125	Data Segment	e082f9d978e853fee528d03252cf27a467ec6bf75bcf37d435aec25208efc6c0	open	missing:q35_ring3_base_definitions_clause_witness	Add an exact Q35 Ring 3 witness for this clause and close its parent only after all clauses close.
basedefs/V1_chap03.html	tag_03_126	Deferred Batch Service	e082f9d978e853fee528d03252cf27a467ec6bf75bcf37d435aec25208efc6c0	open	missing:q35_ring3_base_definitions_clause_witness	Add an exact Q35 Ring 3 witness for this clause and close its parent only after all clauses close.
basedefs/V1_chap03.html	tag_03_127	Device	e082f9d978e853fee528d03252cf27a467ec6bf75bcf37d435aec25208efc6c0	open	missing:q35_ring3_base_definitions_clause_witness	Add an exact Q35 Ring 3 witness for this clause and close its parent only after all clauses close.
basedefs/V1_chap03.html	tag_03_128	Device ID	e082f9d978e853fee528d03252cf27a467ec6bf75bcf37d435aec25208efc6c0	open	missing:q35_ring3_base_definitions_clause_witness	Add an exact Q35 Ring 3 witness for this clause and close its parent only after all clauses close.
basedefs/V1_chap03.html	tag_03_129	Directory	e082f9d978e853fee528d03252cf27a467ec6bf75bcf37d435aec25208efc6c0	open	missing:q35_ring3_base_definitions_clause_witness	Add an exact Q35 Ring 3 witness for this clause and close its parent only after all clauses close.
basedefs/V1_chap03.html	tag_03_130	Directory Entry (or Link)	e082f9d978e853fee528d03252cf27a467ec6bf75bcf37d435aec25208efc6c0	open	missing:q35_ring3_base_definitions_clause_witness	Add an exact Q35 Ring 3 witness for this clause and close its parent only after all clauses close.
basedefs/V1_chap03.html	tag_03_131	Directory Stream	e082f9d978e853fee528d03252cf27a467ec6bf75bcf37d435aec25208efc6c0	open	missing:q35_ring3_base_definitions_clause_witness	Add an exact Q35 Ring 3 witness for this clause and close its parent only after all clauses close.
basedefs/V1_chap03.html	tag_03_132	Disarm (a Timer)	e082f9d978e853fee528d03252cf27a467ec6bf75bcf37d435aec25208efc6c0	open	missing:q35_ring3_base_definitions_clause_witness	Add an exact Q35 Ring 3 witness for this clause and close its parent only after all clauses close.
basedefs/V1_chap03.html	tag_03_133	Display	e082f9d978e853fee528d03252cf27a467ec6bf75bcf37d435aec25208efc6c0	open	missing:q35_ring3_base_definitions_clause_witness	Add an exact Q35 Ring 3 witness for this clause and close its parent only after all clauses close.
basedefs/V1_chap03.html	tag_03_134	Display Line	e082f9d978e853fee528d03252cf27a467ec6bf75bcf37d435aec25208efc6c0	open	missing:q35_ring3_base_definitions_clause_witness	Add an exact Q35 Ring 3 witness for this clause and close its parent only after all clauses close.
basedefs/V1_chap03.html	tag_03_135	Dollar-Sign Character (<dollar-sign>)	e082f9d978e853fee528d03252cf27a467ec6bf75bcf37d435aec25208efc6c0	open	missing:q35_ring3_base_definitions_clause_witness	Add an exact Q35 Ring 3 witness for this clause and close its parent only after all clauses close.
basedefs/V1_chap03.html	tag_03_136	Dot	e082f9d978e853fee528d03252cf27a467ec6bf75bcf37d435aec25208efc6c0	open	missing:q35_ring3_base_definitions_clause_witness	Add an exact Q35 Ring 3 witness for this clause and close its parent only after all clauses close.
basedefs/V1_chap03.html	tag_03_137	Dot-Dot	e082f9d978e853fee528d03252cf27a467ec6bf75bcf37d435aec25208efc6c0	open	missing:q35_ring3_base_definitions_clause_witness	Add an exact Q35 Ring 3 witness for this clause and close its parent only after all clauses close.
basedefs/V1_chap03.html	tag_03_138	Double-Quote Character	e082f9d978e853fee528d03252cf27a467ec6bf75bcf37d435aec25208efc6c0	open	missing:q35_ring3_base_definitions_clause_witness	Add an exact Q35 Ring 3 witness for this clause and close its parent only after all clauses close.
basedefs/V1_chap03.html	tag_03_139	Downshifting	e082f9d978e853fee528d03252cf27a467ec6bf75bcf37d435aec25208efc6c0	open	missing:q35_ring3_base_definitions_clause_witness	Add an exact Q35 Ring 3 witness for this clause and close its parent only after all clauses close.
basedefs/V1_chap03.html	tag_03_140	Driver	e082f9d978e853fee528d03252cf27a467ec6bf75bcf37d435aec25208efc6c0	open	missing:q35_ring3_base_definitions_clause_witness	Add an exact Q35 Ring 3 witness for this clause and close its parent only after all clauses close.
basedefs/V1_chap03.html	tag_03_141	Effective Group ID	e082f9d978e853fee528d03252cf27a467ec6bf75bcf37d435aec25208efc6c0	open	missing:q35_ring3_base_definitions_clause_witness	Add an exact Q35 Ring 3 witness for this clause and close its parent only after all clauses close.
basedefs/V1_chap03.html	tag_03_142	Effective User ID	e082f9d978e853fee528d03252cf27a467ec6bf75bcf37d435aec25208efc6c0	open	missing:q35_ring3_base_definitions_clause_witness	Add an exact Q35 Ring 3 witness for this clause and close its parent only after all clauses close.
basedefs/V1_chap03.html	tag_03_143	Eight-Bit Transparency	e082f9d978e853fee528d03252cf27a467ec6bf75bcf37d435aec25208efc6c0	open	missing:q35_ring3_base_definitions_clause_witness	Add an exact Q35 Ring 3 witness for this clause and close its parent only after all clauses close.
basedefs/V1_chap03.html	tag_03_144	Empty Directory	e082f9d978e853fee528d03252cf27a467ec6bf75bcf37d435aec25208efc6c0	open	missing:q35_ring3_base_definitions_clause_witness	Add an exact Q35 Ring 3 witness for this clause and close its parent only after all clauses close.
basedefs/V1_chap03.html	tag_03_145	Empty Line	e082f9d978e853fee528d03252cf27a467ec6bf75bcf37d435aec25208efc6c0	open	missing:q35_ring3_base_definitions_clause_witness	Add an exact Q35 Ring 3 witness for this clause and close its parent only after all clauses close.
basedefs/V1_chap03.html	tag_03_146	Empty String (or Null String)	e082f9d978e853fee528d03252cf27a467ec6bf75bcf37d435aec25208efc6c0	open	missing:q35_ring3_base_definitions_clause_witness	Add an exact Q35 Ring 3 witness for this clause and close its parent only after all clauses close.
basedefs/V1_chap03.html	tag_03_147	Empty Wide-Character String	e082f9d978e853fee528d03252cf27a467ec6bf75bcf37d435aec25208efc6c0	open	missing:q35_ring3_base_definitions_clause_witness	Add an exact Q35 Ring 3 witness for this clause and close its parent only after all clauses close.
basedefs/V1_chap03.html	tag_03_148	Encoding Rule	e082f9d978e853fee528d03252cf27a467ec6bf75bcf37d435aec25208efc6c0	open	missing:q35_ring3_base_definitions_clause_witness	Add an exact Q35 Ring 3 witness for this clause and close its parent only after all clauses close.
basedefs/V1_chap03.html	tag_03_149	Entire Regular Expression	e082f9d978e853fee528d03252cf27a467ec6bf75bcf37d435aec25208efc6c0	open	missing:q35_ring3_base_definitions_clause_witness	Add an exact Q35 Ring 3 witness for this clause and close its parent only after all clauses close.
basedefs/V1_chap03.html	tag_03_150	Epoch	e082f9d978e853fee528d03252cf27a467ec6bf75bcf37d435aec25208efc6c0	open	missing:q35_ring3_base_definitions_clause_witness	Add an exact Q35 Ring 3 witness for this clause and close its parent only after all clauses close.
basedefs/V1_chap03.html	tag_03_151	Equivalence Class	e082f9d978e853fee528d03252cf27a467ec6bf75bcf37d435aec25208efc6c0	open	missing:q35_ring3_base_definitions_clause_witness	Add an exact Q35 Ring 3 witness for this clause and close its parent only after all clauses close.
basedefs/V1_chap03.html	tag_03_152	Era	e082f9d978e853fee528d03252cf27a467ec6bf75bcf37d435aec25208efc6c0	open	missing:q35_ring3_base_definitions_clause_witness	Add an exact Q35 Ring 3 witness for this clause and close its parent only after all clauses close.
basedefs/V1_chap03.html	tag_03_153	Event Management	e082f9d978e853fee528d03252cf27a467ec6bf75bcf37d435aec25208efc6c0	open	missing:q35_ring3_base_definitions_clause_witness	Add an exact Q35 Ring 3 witness for this clause and close its parent only after all clauses close.
basedefs/V1_chap03.html	tag_03_154	Executable File	e082f9d978e853fee528d03252cf27a467ec6bf75bcf37d435aec25208efc6c0	open	missing:q35_ring3_base_definitions_clause_witness	Add an exact Q35 Ring 3 witness for this clause and close its parent only after all clauses close.
basedefs/V1_chap03.html	tag_03_155	Execute	e082f9d978e853fee528d03252cf27a467ec6bf75bcf37d435aec25208efc6c0	open	missing:q35_ring3_base_definitions_clause_witness	Add an exact Q35 Ring 3 witness for this clause and close its parent only after all clauses close.
basedefs/V1_chap03.html	tag_03_156	Execution Time	e082f9d978e853fee528d03252cf27a467ec6bf75bcf37d435aec25208efc6c0	open	missing:q35_ring3_base_definitions_clause_witness	Add an exact Q35 Ring 3 witness for this clause and close its parent only after all clauses close.
basedefs/V1_chap03.html	tag_03_157	Execution Time Monitoring	e082f9d978e853fee528d03252cf27a467ec6bf75bcf37d435aec25208efc6c0	open	missing:q35_ring3_base_definitions_clause_witness	Add an exact Q35 Ring 3 witness for this clause and close its parent only after all clauses close.
basedefs/V1_chap03.html	tag_03_158	Expand	e082f9d978e853fee528d03252cf27a467ec6bf75bcf37d435aec25208efc6c0	open	missing:q35_ring3_base_definitions_clause_witness	Add an exact Q35 Ring 3 witness for this clause and close its parent only after all clauses close.
basedefs/V1_chap03.html	tag_03_159	Extended Regular Expression (ERE)	e082f9d978e853fee528d03252cf27a467ec6bf75bcf37d435aec25208efc6c0	open	missing:q35_ring3_base_definitions_clause_witness	Add an exact Q35 Ring 3 witness for this clause and close its parent only after all clauses close.
basedefs/V1_chap03.html	tag_03_160	Extended Security Controls	e082f9d978e853fee528d03252cf27a467ec6bf75bcf37d435aec25208efc6c0	open	missing:q35_ring3_base_definitions_clause_witness	Add an exact Q35 Ring 3 witness for this clause and close its parent only after all clauses close.
basedefs/V1_chap03.html	tag_03_161	Feature Test Macro	e082f9d978e853fee528d03252cf27a467ec6bf75bcf37d435aec25208efc6c0	open	missing:q35_ring3_base_definitions_clause_witness	Add an exact Q35 Ring 3 witness for this clause and close its parent only after all clauses close.
basedefs/V1_chap03.html	tag_03_162	Field	e082f9d978e853fee528d03252cf27a467ec6bf75bcf37d435aec25208efc6c0	open	missing:q35_ring3_base_definitions_clause_witness	Add an exact Q35 Ring 3 witness for this clause and close its parent only after all clauses close.
basedefs/V1_chap03.html	tag_03_163	FIFO Special File (or FIFO)	e082f9d978e853fee528d03252cf27a467ec6bf75bcf37d435aec25208efc6c0	open	missing:q35_ring3_base_definitions_clause_witness	Add an exact Q35 Ring 3 witness for this clause and close its parent only after all clauses close.
basedefs/V1_chap03.html	tag_03_164	File	e082f9d978e853fee528d03252cf27a467ec6bf75bcf37d435aec25208efc6c0	open	missing:q35_ring3_base_definitions_clause_witness	Add an exact Q35 Ring 3 witness for this clause and close its parent only after all clauses close.
basedefs/V1_chap03.html	tag_03_165	File Description	e082f9d978e853fee528d03252cf27a467ec6bf75bcf37d435aec25208efc6c0	open	missing:q35_ring3_base_definitions_clause_witness	Add an exact Q35 Ring 3 witness for this clause and close its parent only after all clauses close.
basedefs/V1_chap03.html	tag_03_166	File Descriptor	e082f9d978e853fee528d03252cf27a467ec6bf75bcf37d435aec25208efc6c0	open	missing:q35_ring3_base_definitions_clause_witness	Add an exact Q35 Ring 3 witness for this clause and close its parent only after all clauses close.
basedefs/V1_chap03.html	tag_03_167	File Group Class	e082f9d978e853fee528d03252cf27a467ec6bf75bcf37d435aec25208efc6c0	open	missing:q35_ring3_base_definitions_clause_witness	Add an exact Q35 Ring 3 witness for this clause and close its parent only after all clauses close.
basedefs/V1_chap03.html	tag_03_168	File Mode	e082f9d978e853fee528d03252cf27a467ec6bf75bcf37d435aec25208efc6c0	open	missing:q35_ring3_base_definitions_clause_witness	Add an exact Q35 Ring 3 witness for this clause and close its parent only after all clauses close.
basedefs/V1_chap03.html	tag_03_169	File Mode Bits	e082f9d978e853fee528d03252cf27a467ec6bf75bcf37d435aec25208efc6c0	open	missing:q35_ring3_base_definitions_clause_witness	Add an exact Q35 Ring 3 witness for this clause and close its parent only after all clauses close.
basedefs/V1_chap03.html	tag_03_170	Filename	e082f9d978e853fee528d03252cf27a467ec6bf75bcf37d435aec25208efc6c0	open	missing:q35_ring3_base_definitions_clause_witness	Add an exact Q35 Ring 3 witness for this clause and close its parent only after all clauses close.
basedefs/V1_chap03.html	tag_03_171	Filename String	e082f9d978e853fee528d03252cf27a467ec6bf75bcf37d435aec25208efc6c0	open	missing:q35_ring3_base_definitions_clause_witness	Add an exact Q35 Ring 3 witness for this clause and close its parent only after all clauses close.
basedefs/V1_chap03.html	tag_03_172	File Offset	e082f9d978e853fee528d03252cf27a467ec6bf75bcf37d435aec25208efc6c0	open	missing:q35_ring3_base_definitions_clause_witness	Add an exact Q35 Ring 3 witness for this clause and close its parent only after all clauses close.
basedefs/V1_chap03.html	tag_03_173	File Other Class	e082f9d978e853fee528d03252cf27a467ec6bf75bcf37d435aec25208efc6c0	open	missing:q35_ring3_base_definitions_clause_witness	Add an exact Q35 Ring 3 witness for this clause and close its parent only after all clauses close.
basedefs/V1_chap03.html	tag_03_174	File Owner Class	e082f9d978e853fee528d03252cf27a467ec6bf75bcf37d435aec25208efc6c0	open	missing:q35_ring3_base_definitions_clause_witness	Add an exact Q35 Ring 3 witness for this clause and close its parent only after all clauses close.
basedefs/V1_chap03.html	tag_03_175	File Permission Bits	e082f9d978e853fee528d03252cf27a467ec6bf75bcf37d435aec25208efc6c0	open	missing:q35_ring3_base_definitions_clause_witness	Add an exact Q35 Ring 3 witness for this clause and close its parent only after all clauses close.
basedefs/V1_chap03.html	tag_03_176	File Serial Number	e082f9d978e853fee528d03252cf27a467ec6bf75bcf37d435aec25208efc6c0	open	missing:q35_ring3_base_definitions_clause_witness	Add an exact Q35 Ring 3 witness for this clause and close its parent only after all clauses close.
basedefs/V1_chap03.html	tag_03_177	File System	e082f9d978e853fee528d03252cf27a467ec6bf75bcf37d435aec25208efc6c0	open	missing:q35_ring3_base_definitions_clause_witness	Add an exact Q35 Ring 3 witness for this clause and close its parent only after all clauses close.
basedefs/V1_chap03.html	tag_03_178	File Type	e082f9d978e853fee528d03252cf27a467ec6bf75bcf37d435aec25208efc6c0	open	missing:q35_ring3_base_definitions_clause_witness	Add an exact Q35 Ring 3 witness for this clause and close its parent only after all clauses close.
basedefs/V1_chap03.html	tag_03_179	Filter	e082f9d978e853fee528d03252cf27a467ec6bf75bcf37d435aec25208efc6c0	open	missing:q35_ring3_base_definitions_clause_witness	Add an exact Q35 Ring 3 witness for this clause and close its parent only after all clauses close.
basedefs/V1_chap03.html	tag_03_180	First Open (of a File)	e082f9d978e853fee528d03252cf27a467ec6bf75bcf37d435aec25208efc6c0	open	missing:q35_ring3_base_definitions_clause_witness	Add an exact Q35 Ring 3 witness for this clause and close its parent only after all clauses close.
basedefs/V1_chap03.html	tag_03_181	Flow Control	e082f9d978e853fee528d03252cf27a467ec6bf75bcf37d435aec25208efc6c0	open	missing:q35_ring3_base_definitions_clause_witness	Add an exact Q35 Ring 3 witness for this clause and close its parent only after all clauses close.
basedefs/V1_chap03.html	tag_03_182	Foreground Job	e082f9d978e853fee528d03252cf27a467ec6bf75bcf37d435aec25208efc6c0	open	missing:q35_ring3_base_definitions_clause_witness	Add an exact Q35 Ring 3 witness for this clause and close its parent only after all clauses close.
basedefs/V1_chap03.html	tag_03_183	Foreground Process	e082f9d978e853fee528d03252cf27a467ec6bf75bcf37d435aec25208efc6c0	open	missing:q35_ring3_base_definitions_clause_witness	Add an exact Q35 Ring 3 witness for this clause and close its parent only after all clauses close.
basedefs/V1_chap03.html	tag_03_184	Foreground Process Group (or Foreground Job)	e082f9d978e853fee528d03252cf27a467ec6bf75bcf37d435aec25208efc6c0	open	missing:q35_ring3_base_definitions_clause_witness	Add an exact Q35 Ring 3 witness for this clause and close its parent only after all clauses close.
basedefs/V1_chap03.html	tag_03_185	Foreground Process Group ID	e082f9d978e853fee528d03252cf27a467ec6bf75bcf37d435aec25208efc6c0	open	missing:q35_ring3_base_definitions_clause_witness	Add an exact Q35 Ring 3 witness for this clause and close its parent only after all clauses close.
basedefs/V1_chap03.html	tag_03_186	Form-Feed Character (<form-feed>)	e082f9d978e853fee528d03252cf27a467ec6bf75bcf37d435aec25208efc6c0	open	missing:q35_ring3_base_definitions_clause_witness	Add an exact Q35 Ring 3 witness for this clause and close its parent only after all clauses close.
basedefs/V1_chap03.html	tag_03_187	Graphic Character	e082f9d978e853fee528d03252cf27a467ec6bf75bcf37d435aec25208efc6c0	open	missing:q35_ring3_base_definitions_clause_witness	Add an exact Q35 Ring 3 witness for this clause and close its parent only after all clauses close.
basedefs/V1_chap03.html	tag_03_188	Group Database	e082f9d978e853fee528d03252cf27a467ec6bf75bcf37d435aec25208efc6c0	open	missing:q35_ring3_base_definitions_clause_witness	Add an exact Q35 Ring 3 witness for this clause and close its parent only after all clauses close.
basedefs/V1_chap03.html	tag_03_189	Group ID	e082f9d978e853fee528d03252cf27a467ec6bf75bcf37d435aec25208efc6c0	open	missing:q35_ring3_base_definitions_clause_witness	Add an exact Q35 Ring 3 witness for this clause and close its parent only after all clauses close.
basedefs/V1_chap03.html	tag_03_190	Group Name	e082f9d978e853fee528d03252cf27a467ec6bf75bcf37d435aec25208efc6c0	open	missing:q35_ring3_base_definitions_clause_witness	Add an exact Q35 Ring 3 witness for this clause and close its parent only after all clauses close.
basedefs/V1_chap03.html	tag_03_191	Hard Limit	e082f9d978e853fee528d03252cf27a467ec6bf75bcf37d435aec25208efc6c0	open	missing:q35_ring3_base_definitions_clause_witness	Add an exact Q35 Ring 3 witness for this clause and close its parent only after all clauses close.
basedefs/V1_chap03.html	tag_03_192	Hard Link	e082f9d978e853fee528d03252cf27a467ec6bf75bcf37d435aec25208efc6c0	open	missing:q35_ring3_base_definitions_clause_witness	Add an exact Q35 Ring 3 witness for this clause and close its parent only after all clauses close.
basedefs/V1_chap03.html	tag_03_193	Home Directory	e082f9d978e853fee528d03252cf27a467ec6bf75bcf37d435aec25208efc6c0	open	missing:q35_ring3_base_definitions_clause_witness	Add an exact Q35 Ring 3 witness for this clause and close its parent only after all clauses close.
basedefs/V1_chap03.html	tag_03_194	Host Byte Order	e082f9d978e853fee528d03252cf27a467ec6bf75bcf37d435aec25208efc6c0	open	missing:q35_ring3_base_definitions_clause_witness	Add an exact Q35 Ring 3 witness for this clause and close its parent only after all clauses close.
basedefs/V1_chap03.html	tag_03_195	Incomplete Line	e082f9d978e853fee528d03252cf27a467ec6bf75bcf37d435aec25208efc6c0	open	missing:q35_ring3_base_definitions_clause_witness	Add an exact Q35 Ring 3 witness for this clause and close its parent only after all clauses close.
basedefs/V1_chap03.html	tag_03_196	Inf	e082f9d978e853fee528d03252cf27a467ec6bf75bcf37d435aec25208efc6c0	open	missing:q35_ring3_base_definitions_clause_witness	Add an exact Q35 Ring 3 witness for this clause and close its parent only after all clauses close.
basedefs/V1_chap03.html	tag_03_197	Instrumented Application	e082f9d978e853fee528d03252cf27a467ec6bf75bcf37d435aec25208efc6c0	open	missing:q35_ring3_base_definitions_clause_witness	Add an exact Q35 Ring 3 witness for this clause and close its parent only after all clauses close.
basedefs/V1_chap03.html	tag_03_198	Interactive Shell	e082f9d978e853fee528d03252cf27a467ec6bf75bcf37d435aec25208efc6c0	open	missing:q35_ring3_base_definitions_clause_witness	Add an exact Q35 Ring 3 witness for this clause and close its parent only after all clauses close.
basedefs/V1_chap03.html	tag_03_199	Internationalization	e082f9d978e853fee528d03252cf27a467ec6bf75bcf37d435aec25208efc6c0	open	missing:q35_ring3_base_definitions_clause_witness	Add an exact Q35 Ring 3 witness for this clause and close its parent only after all clauses close.
basedefs/V1_chap03.html	tag_03_200	Interprocess Communication	e082f9d978e853fee528d03252cf27a467ec6bf75bcf37d435aec25208efc6c0	open	missing:q35_ring3_base_definitions_clause_witness	Add an exact Q35 Ring 3 witness for this clause and close its parent only after all clauses close.
basedefs/V1_chap03.html	tag_03_201	Invoke	e082f9d978e853fee528d03252cf27a467ec6bf75bcf37d435aec25208efc6c0	open	missing:q35_ring3_base_definitions_clause_witness	Add an exact Q35 Ring 3 witness for this clause and close its parent only after all clauses close.
basedefs/V1_chap03.html	tag_03_202	Job	e082f9d978e853fee528d03252cf27a467ec6bf75bcf37d435aec25208efc6c0	open	missing:q35_ring3_base_definitions_clause_witness	Add an exact Q35 Ring 3 witness for this clause and close its parent only after all clauses close.
basedefs/V1_chap03.html	tag_03_203	Job Control	e082f9d978e853fee528d03252cf27a467ec6bf75bcf37d435aec25208efc6c0	open	missing:q35_ring3_base_definitions_clause_witness	Add an exact Q35 Ring 3 witness for this clause and close its parent only after all clauses close.
basedefs/V1_chap03.html	tag_03_204	Job Control Job ID	e082f9d978e853fee528d03252cf27a467ec6bf75bcf37d435aec25208efc6c0	open	missing:q35_ring3_base_definitions_clause_witness	Add an exact Q35 Ring 3 witness for this clause and close its parent only after all clauses close.
basedefs/V1_chap03.html	tag_03_205	Last Close (of a File)	e082f9d978e853fee528d03252cf27a467ec6bf75bcf37d435aec25208efc6c0	open	missing:q35_ring3_base_definitions_clause_witness	Add an exact Q35 Ring 3 witness for this clause and close its parent only after all clauses close.
basedefs/V1_chap03.html	tag_03_206	Line	e082f9d978e853fee528d03252cf27a467ec6bf75bcf37d435aec25208efc6c0	open	missing:q35_ring3_base_definitions_clause_witness	Add an exact Q35 Ring 3 witness for this clause and close its parent only after all clauses close.
basedefs/V1_chap03.html	tag_03_207	Linger	e082f9d978e853fee528d03252cf27a467ec6bf75bcf37d435aec25208efc6c0	open	missing:q35_ring3_base_definitions_clause_witness	Add an exact Q35 Ring 3 witness for this clause and close its parent only after all clauses close.
basedefs/V1_chap03.html	tag_03_208	Link	e082f9d978e853fee528d03252cf27a467ec6bf75bcf37d435aec25208efc6c0	open	missing:q35_ring3_base_definitions_clause_witness	Add an exact Q35 Ring 3 witness for this clause and close its parent only after all clauses close.
basedefs/V1_chap03.html	tag_03_209	Link Count	e082f9d978e853fee528d03252cf27a467ec6bf75bcf37d435aec25208efc6c0	open	missing:q35_ring3_base_definitions_clause_witness	Add an exact Q35 Ring 3 witness for this clause and close its parent only after all clauses close.
basedefs/V1_chap03.html	tag_03_210	Live Process	e082f9d978e853fee528d03252cf27a467ec6bf75bcf37d435aec25208efc6c0	open	missing:q35_ring3_base_definitions_clause_witness	Add an exact Q35 Ring 3 witness for this clause and close its parent only after all clauses close.
basedefs/V1_chap03.html	tag_03_211	Local Customs	e082f9d978e853fee528d03252cf27a467ec6bf75bcf37d435aec25208efc6c0	open	missing:q35_ring3_base_definitions_clause_witness	Add an exact Q35 Ring 3 witness for this clause and close its parent only after all clauses close.
basedefs/V1_chap03.html	tag_03_212	Local Interprocess Communication (Local IPC)	e082f9d978e853fee528d03252cf27a467ec6bf75bcf37d435aec25208efc6c0	open	missing:q35_ring3_base_definitions_clause_witness	Add an exact Q35 Ring 3 witness for this clause and close its parent only after all clauses close.
basedefs/V1_chap03.html	tag_03_213	Locale	e082f9d978e853fee528d03252cf27a467ec6bf75bcf37d435aec25208efc6c0	open	missing:q35_ring3_base_definitions_clause_witness	Add an exact Q35 Ring 3 witness for this clause and close its parent only after all clauses close.
basedefs/V1_chap03.html	tag_03_214	Localization	e082f9d978e853fee528d03252cf27a467ec6bf75bcf37d435aec25208efc6c0	open	missing:q35_ring3_base_definitions_clause_witness	Add an exact Q35 Ring 3 witness for this clause and close its parent only after all clauses close.
basedefs/V1_chap03.html	tag_03_215	Login	e082f9d978e853fee528d03252cf27a467ec6bf75bcf37d435aec25208efc6c0	open	missing:q35_ring3_base_definitions_clause_witness	Add an exact Q35 Ring 3 witness for this clause and close its parent only after all clauses close.
basedefs/V1_chap03.html	tag_03_216	Login Name	e082f9d978e853fee528d03252cf27a467ec6bf75bcf37d435aec25208efc6c0	open	missing:q35_ring3_base_definitions_clause_witness	Add an exact Q35 Ring 3 witness for this clause and close its parent only after all clauses close.
basedefs/V1_chap03.html	tag_03_217	Map	e082f9d978e853fee528d03252cf27a467ec6bf75bcf37d435aec25208efc6c0	open	missing:q35_ring3_base_definitions_clause_witness	Add an exact Q35 Ring 3 witness for this clause and close its parent only after all clauses close.
basedefs/V1_chap03.html	tag_03_218	Marked Message	e082f9d978e853fee528d03252cf27a467ec6bf75bcf37d435aec25208efc6c0	open	missing:q35_ring3_base_definitions_clause_witness	Add an exact Q35 Ring 3 witness for this clause and close its parent only after all clauses close.
basedefs/V1_chap03.html	tag_03_219	Matched	e082f9d978e853fee528d03252cf27a467ec6bf75bcf37d435aec25208efc6c0	open	missing:q35_ring3_base_definitions_clause_witness	Add an exact Q35 Ring 3 witness for this clause and close its parent only after all clauses close.
basedefs/V1_chap03.html	tag_03_220	Memory Mapped Files	e082f9d978e853fee528d03252cf27a467ec6bf75bcf37d435aec25208efc6c0	open	missing:q35_ring3_base_definitions_clause_witness	Add an exact Q35 Ring 3 witness for this clause and close its parent only after all clauses close.
basedefs/V1_chap03.html	tag_03_221	Memory Object	e082f9d978e853fee528d03252cf27a467ec6bf75bcf37d435aec25208efc6c0	open	missing:q35_ring3_base_definitions_clause_witness	Add an exact Q35 Ring 3 witness for this clause and close its parent only after all clauses close.
basedefs/V1_chap03.html	tag_03_222	Memory-Resident	e082f9d978e853fee528d03252cf27a467ec6bf75bcf37d435aec25208efc6c0	open	missing:q35_ring3_base_definitions_clause_witness	Add an exact Q35 Ring 3 witness for this clause and close its parent only after all clauses close.
basedefs/V1_chap03.html	tag_03_223	Message	e082f9d978e853fee528d03252cf27a467ec6bf75bcf37d435aec25208efc6c0	open	missing:q35_ring3_base_definitions_clause_witness	Add an exact Q35 Ring 3 witness for this clause and close its parent only after all clauses close.
basedefs/V1_chap03.html	tag_03_224	Message Catalog	e082f9d978e853fee528d03252cf27a467ec6bf75bcf37d435aec25208efc6c0	open	missing:q35_ring3_base_definitions_clause_witness	Add an exact Q35 Ring 3 witness for this clause and close its parent only after all clauses close.
basedefs/V1_chap03.html	tag_03_225	Message Catalog Descriptor	e082f9d978e853fee528d03252cf27a467ec6bf75bcf37d435aec25208efc6c0	open	missing:q35_ring3_base_definitions_clause_witness	Add an exact Q35 Ring 3 witness for this clause and close its parent only after all clauses close.
basedefs/V1_chap03.html	tag_03_226	Message Queue	e082f9d978e853fee528d03252cf27a467ec6bf75bcf37d435aec25208efc6c0	open	missing:q35_ring3_base_definitions_clause_witness	Add an exact Q35 Ring 3 witness for this clause and close its parent only after all clauses close.
basedefs/V1_chap03.html	tag_03_227	Mode	e082f9d978e853fee528d03252cf27a467ec6bf75bcf37d435aec25208efc6c0	open	missing:q35_ring3_base_definitions_clause_witness	Add an exact Q35 Ring 3 witness for this clause and close its parent only after all clauses close.
basedefs/V1_chap03.html	tag_03_228	Monotonic Clock	e082f9d978e853fee528d03252cf27a467ec6bf75bcf37d435aec25208efc6c0	open	missing:q35_ring3_base_definitions_clause_witness	Add an exact Q35 Ring 3 witness for this clause and close its parent only after all clauses close.
basedefs/V1_chap03.html	tag_03_229	Mount Point	e082f9d978e853fee528d03252cf27a467ec6bf75bcf37d435aec25208efc6c0	open	missing:q35_ring3_base_definitions_clause_witness	Add an exact Q35 Ring 3 witness for this clause and close its parent only after all clauses close.
basedefs/V1_chap03.html	tag_03_230	Multi-Character Collating Element	e082f9d978e853fee528d03252cf27a467ec6bf75bcf37d435aec25208efc6c0	open	missing:q35_ring3_base_definitions_clause_witness	Add an exact Q35 Ring 3 witness for this clause and close its parent only after all clauses close.
basedefs/V1_chap03.html	tag_03_231	Multi-Threaded Library	e082f9d978e853fee528d03252cf27a467ec6bf75bcf37d435aec25208efc6c0	open	missing:q35_ring3_base_definitions_clause_witness	Add an exact Q35 Ring 3 witness for this clause and close its parent only after all clauses close.
basedefs/V1_chap03.html	tag_03_232	Multi-Threaded Process	e082f9d978e853fee528d03252cf27a467ec6bf75bcf37d435aec25208efc6c0	open	missing:q35_ring3_base_definitions_clause_witness	Add an exact Q35 Ring 3 witness for this clause and close its parent only after all clauses close.
basedefs/V1_chap03.html	tag_03_233	Multi-Threaded Program	e082f9d978e853fee528d03252cf27a467ec6bf75bcf37d435aec25208efc6c0	open	missing:q35_ring3_base_definitions_clause_witness	Add an exact Q35 Ring 3 witness for this clause and close its parent only after all clauses close.
basedefs/V1_chap03.html	tag_03_234	Mutex	e082f9d978e853fee528d03252cf27a467ec6bf75bcf37d435aec25208efc6c0	open	missing:q35_ring3_base_definitions_clause_witness	Add an exact Q35 Ring 3 witness for this clause and close its parent only after all clauses close.
basedefs/V1_chap03.html	tag_03_235	Name	e082f9d978e853fee528d03252cf27a467ec6bf75bcf37d435aec25208efc6c0	open	missing:q35_ring3_base_definitions_clause_witness	Add an exact Q35 Ring 3 witness for this clause and close its parent only after all clauses close.
basedefs/V1_chap03.html	tag_03_236	Named STREAM	e082f9d978e853fee528d03252cf27a467ec6bf75bcf37d435aec25208efc6c0	open	missing:q35_ring3_base_definitions_clause_witness	Add an exact Q35 Ring 3 witness for this clause and close its parent only after all clauses close.
basedefs/V1_chap03.html	tag_03_237	NaN (Not a Number)	e082f9d978e853fee528d03252cf27a467ec6bf75bcf37d435aec25208efc6c0	open	missing:q35_ring3_base_definitions_clause_witness	Add an exact Q35 Ring 3 witness for this clause and close its parent only after all clauses close.
basedefs/V1_chap03.html	tag_03_238	Native Language	e082f9d978e853fee528d03252cf27a467ec6bf75bcf37d435aec25208efc6c0	open	missing:q35_ring3_base_definitions_clause_witness	Add an exact Q35 Ring 3 witness for this clause and close its parent only after all clauses close.
basedefs/V1_chap03.html	tag_03_239	Negative Response	e082f9d978e853fee528d03252cf27a467ec6bf75bcf37d435aec25208efc6c0	open	missing:q35_ring3_base_definitions_clause_witness	Add an exact Q35 Ring 3 witness for this clause and close its parent only after all clauses close.
basedefs/V1_chap03.html	tag_03_240	Network	e082f9d978e853fee528d03252cf27a467ec6bf75bcf37d435aec25208efc6c0	open	missing:q35_ring3_base_definitions_clause_witness	Add an exact Q35 Ring 3 witness for this clause and close its parent only after all clauses close.
basedefs/V1_chap03.html	tag_03_241	Network Address	e082f9d978e853fee528d03252cf27a467ec6bf75bcf37d435aec25208efc6c0	open	missing:q35_ring3_base_definitions_clause_witness	Add an exact Q35 Ring 3 witness for this clause and close its parent only after all clauses close.
basedefs/V1_chap03.html	tag_03_242	Network Byte Order	e082f9d978e853fee528d03252cf27a467ec6bf75bcf37d435aec25208efc6c0	open	missing:q35_ring3_base_definitions_clause_witness	Add an exact Q35 Ring 3 witness for this clause and close its parent only after all clauses close.
basedefs/V1_chap03.html	tag_03_243	Newline Character (<newline>)	e082f9d978e853fee528d03252cf27a467ec6bf75bcf37d435aec25208efc6c0	open	missing:q35_ring3_base_definitions_clause_witness	Add an exact Q35 Ring 3 witness for this clause and close its parent only after all clauses close.
basedefs/V1_chap03.html	tag_03_244	Nice Value	e082f9d978e853fee528d03252cf27a467ec6bf75bcf37d435aec25208efc6c0	open	missing:q35_ring3_base_definitions_clause_witness	Add an exact Q35 Ring 3 witness for this clause and close its parent only after all clauses close.
basedefs/V1_chap03.html	tag_03_245	Non-Blocking	e082f9d978e853fee528d03252cf27a467ec6bf75bcf37d435aec25208efc6c0	open	missing:q35_ring3_base_definitions_clause_witness	Add an exact Q35 Ring 3 witness for this clause and close its parent only after all clauses close.
basedefs/V1_chap03.html	tag_03_246	Non-Spacing Characters	e082f9d978e853fee528d03252cf27a467ec6bf75bcf37d435aec25208efc6c0	open	missing:q35_ring3_base_definitions_clause_witness	Add an exact Q35 Ring 3 witness for this clause and close its parent only after all clauses close.
basedefs/V1_chap03.html	tag_03_247	NUL	e082f9d978e853fee528d03252cf27a467ec6bf75bcf37d435aec25208efc6c0	open	missing:q35_ring3_base_definitions_clause_witness	Add an exact Q35 Ring 3 witness for this clause and close its parent only after all clauses close.
basedefs/V1_chap03.html	tag_03_248	Null Byte	e082f9d978e853fee528d03252cf27a467ec6bf75bcf37d435aec25208efc6c0	open	missing:q35_ring3_base_definitions_clause_witness	Add an exact Q35 Ring 3 witness for this clause and close its parent only after all clauses close.
basedefs/V1_chap03.html	tag_03_249	Null Pointer	e082f9d978e853fee528d03252cf27a467ec6bf75bcf37d435aec25208efc6c0	open	missing:q35_ring3_base_definitions_clause_witness	Add an exact Q35 Ring 3 witness for this clause and close its parent only after all clauses close.
basedefs/V1_chap03.html	tag_03_250	Null String	e082f9d978e853fee528d03252cf27a467ec6bf75bcf37d435aec25208efc6c0	open	missing:q35_ring3_base_definitions_clause_witness	Add an exact Q35 Ring 3 witness for this clause and close its parent only after all clauses close.
basedefs/V1_chap03.html	tag_03_251	Null Wide-Character Code	e082f9d978e853fee528d03252cf27a467ec6bf75bcf37d435aec25208efc6c0	open	missing:q35_ring3_base_definitions_clause_witness	Add an exact Q35 Ring 3 witness for this clause and close its parent only after all clauses close.
basedefs/V1_chap03.html	tag_03_252	Number-Sign Character (<number-sign>)	e082f9d978e853fee528d03252cf27a467ec6bf75bcf37d435aec25208efc6c0	open	missing:q35_ring3_base_definitions_clause_witness	Add an exact Q35 Ring 3 witness for this clause and close its parent only after all clauses close.
basedefs/V1_chap03.html	tag_03_253	Object File	e082f9d978e853fee528d03252cf27a467ec6bf75bcf37d435aec25208efc6c0	open	missing:q35_ring3_base_definitions_clause_witness	Add an exact Q35 Ring 3 witness for this clause and close its parent only after all clauses close.
basedefs/V1_chap03.html	tag_03_254	Octet	e082f9d978e853fee528d03252cf27a467ec6bf75bcf37d435aec25208efc6c0	open	missing:q35_ring3_base_definitions_clause_witness	Add an exact Q35 Ring 3 witness for this clause and close its parent only after all clauses close.
basedefs/V1_chap03.html	tag_03_255	Offset Maximum	e082f9d978e853fee528d03252cf27a467ec6bf75bcf37d435aec25208efc6c0	open	missing:q35_ring3_base_definitions_clause_witness	Add an exact Q35 Ring 3 witness for this clause and close its parent only after all clauses close.
basedefs/V1_chap03.html	tag_03_256	Opaque Address	e082f9d978e853fee528d03252cf27a467ec6bf75bcf37d435aec25208efc6c0	open	missing:q35_ring3_base_definitions_clause_witness	Add an exact Q35 Ring 3 witness for this clause and close its parent only after all clauses close.
basedefs/V1_chap03.html	tag_03_257	Open File	e082f9d978e853fee528d03252cf27a467ec6bf75bcf37d435aec25208efc6c0	open	missing:q35_ring3_base_definitions_clause_witness	Add an exact Q35 Ring 3 witness for this clause and close its parent only after all clauses close.
basedefs/V1_chap03.html	tag_03_258	Open File Description	e082f9d978e853fee528d03252cf27a467ec6bf75bcf37d435aec25208efc6c0	open	missing:q35_ring3_base_definitions_clause_witness	Add an exact Q35 Ring 3 witness for this clause and close its parent only after all clauses close.
basedefs/V1_chap03.html	tag_03_259	Operand	e082f9d978e853fee528d03252cf27a467ec6bf75bcf37d435aec25208efc6c0	open	missing:q35_ring3_base_definitions_clause_witness	Add an exact Q35 Ring 3 witness for this clause and close its parent only after all clauses close.
basedefs/V1_chap03.html	tag_03_260	Operator	e082f9d978e853fee528d03252cf27a467ec6bf75bcf37d435aec25208efc6c0	open	missing:q35_ring3_base_definitions_clause_witness	Add an exact Q35 Ring 3 witness for this clause and close its parent only after all clauses close.
basedefs/V1_chap03.html	tag_03_261	Option	e082f9d978e853fee528d03252cf27a467ec6bf75bcf37d435aec25208efc6c0	open	missing:q35_ring3_base_definitions_clause_witness	Add an exact Q35 Ring 3 witness for this clause and close its parent only after all clauses close.
basedefs/V1_chap03.html	tag_03_262	Option-Argument	e082f9d978e853fee528d03252cf27a467ec6bf75bcf37d435aec25208efc6c0	open	missing:q35_ring3_base_definitions_clause_witness	Add an exact Q35 Ring 3 witness for this clause and close its parent only after all clauses close.
basedefs/V1_chap03.html	tag_03_263	Orientation	e082f9d978e853fee528d03252cf27a467ec6bf75bcf37d435aec25208efc6c0	open	missing:q35_ring3_base_definitions_clause_witness	Add an exact Q35 Ring 3 witness for this clause and close its parent only after all clauses close.
basedefs/V1_chap03.html	tag_03_264	Orphaned Process Group	e082f9d978e853fee528d03252cf27a467ec6bf75bcf37d435aec25208efc6c0	open	missing:q35_ring3_base_definitions_clause_witness	Add an exact Q35 Ring 3 witness for this clause and close its parent only after all clauses close.
basedefs/V1_chap03.html	tag_03_265	Page	e082f9d978e853fee528d03252cf27a467ec6bf75bcf37d435aec25208efc6c0	open	missing:q35_ring3_base_definitions_clause_witness	Add an exact Q35 Ring 3 witness for this clause and close its parent only after all clauses close.
basedefs/V1_chap03.html	tag_03_266	Page Size	e082f9d978e853fee528d03252cf27a467ec6bf75bcf37d435aec25208efc6c0	open	missing:q35_ring3_base_definitions_clause_witness	Add an exact Q35 Ring 3 witness for this clause and close its parent only after all clauses close.
basedefs/V1_chap03.html	tag_03_267	Parameter	e082f9d978e853fee528d03252cf27a467ec6bf75bcf37d435aec25208efc6c0	open	missing:q35_ring3_base_definitions_clause_witness	Add an exact Q35 Ring 3 witness for this clause and close its parent only after all clauses close.
basedefs/V1_chap03.html	tag_03_268	Parent Directory	e082f9d978e853fee528d03252cf27a467ec6bf75bcf37d435aec25208efc6c0	open	missing:q35_ring3_base_definitions_clause_witness	Add an exact Q35 Ring 3 witness for this clause and close its parent only after all clauses close.
basedefs/V1_chap03.html	tag_03_269	Parent Process	e082f9d978e853fee528d03252cf27a467ec6bf75bcf37d435aec25208efc6c0	open	missing:q35_ring3_base_definitions_clause_witness	Add an exact Q35 Ring 3 witness for this clause and close its parent only after all clauses close.
basedefs/V1_chap03.html	tag_03_270	Parent Process ID	e082f9d978e853fee528d03252cf27a467ec6bf75bcf37d435aec25208efc6c0	open	missing:q35_ring3_base_definitions_clause_witness	Add an exact Q35 Ring 3 witness for this clause and close its parent only after all clauses close.
basedefs/V1_chap03.html	tag_03_271	Pathname	e082f9d978e853fee528d03252cf27a467ec6bf75bcf37d435aec25208efc6c0	open	missing:q35_ring3_base_definitions_clause_witness	Add an exact Q35 Ring 3 witness for this clause and close its parent only after all clauses close.
basedefs/V1_chap03.html	tag_03_272	Pathname Component	e082f9d978e853fee528d03252cf27a467ec6bf75bcf37d435aec25208efc6c0	open	missing:q35_ring3_base_definitions_clause_witness	Add an exact Q35 Ring 3 witness for this clause and close its parent only after all clauses close.
basedefs/V1_chap03.html	tag_03_273	Path Prefix	e082f9d978e853fee528d03252cf27a467ec6bf75bcf37d435aec25208efc6c0	open	missing:q35_ring3_base_definitions_clause_witness	Add an exact Q35 Ring 3 witness for this clause and close its parent only after all clauses close.
basedefs/V1_chap03.html	tag_03_274	Pattern	e082f9d978e853fee528d03252cf27a467ec6bf75bcf37d435aec25208efc6c0	open	missing:q35_ring3_base_definitions_clause_witness	Add an exact Q35 Ring 3 witness for this clause and close its parent only after all clauses close.
basedefs/V1_chap03.html	tag_03_275	Period Character (<period>)	e082f9d978e853fee528d03252cf27a467ec6bf75bcf37d435aec25208efc6c0	open	missing:q35_ring3_base_definitions_clause_witness	Add an exact Q35 Ring 3 witness for this clause and close its parent only after all clauses close.
basedefs/V1_chap03.html	tag_03_276	Permissions	e082f9d978e853fee528d03252cf27a467ec6bf75bcf37d435aec25208efc6c0	open	missing:q35_ring3_base_definitions_clause_witness	Add an exact Q35 Ring 3 witness for this clause and close its parent only after all clauses close.
basedefs/V1_chap03.html	tag_03_277	Persistence	e082f9d978e853fee528d03252cf27a467ec6bf75bcf37d435aec25208efc6c0	open	missing:q35_ring3_base_definitions_clause_witness	Add an exact Q35 Ring 3 witness for this clause and close its parent only after all clauses close.
basedefs/V1_chap03.html	tag_03_278	Pipe	e082f9d978e853fee528d03252cf27a467ec6bf75bcf37d435aec25208efc6c0	open	missing:q35_ring3_base_definitions_clause_witness	Add an exact Q35 Ring 3 witness for this clause and close its parent only after all clauses close.
basedefs/V1_chap03.html	tag_03_279	Polling	e082f9d978e853fee528d03252cf27a467ec6bf75bcf37d435aec25208efc6c0	open	missing:q35_ring3_base_definitions_clause_witness	Add an exact Q35 Ring 3 witness for this clause and close its parent only after all clauses close.
basedefs/V1_chap03.html	tag_03_280	Portable Character Set	e082f9d978e853fee528d03252cf27a467ec6bf75bcf37d435aec25208efc6c0	open	missing:q35_ring3_base_definitions_clause_witness	Add an exact Q35 Ring 3 witness for this clause and close its parent only after all clauses close.
basedefs/V1_chap03.html	tag_03_281	Portable Filename	e082f9d978e853fee528d03252cf27a467ec6bf75bcf37d435aec25208efc6c0	open	missing:q35_ring3_base_definitions_clause_witness	Add an exact Q35 Ring 3 witness for this clause and close its parent only after all clauses close.
basedefs/V1_chap03.html	tag_03_282	Portable Filename Character Set	e082f9d978e853fee528d03252cf27a467ec6bf75bcf37d435aec25208efc6c0	open	missing:q35_ring3_base_definitions_clause_witness	Add an exact Q35 Ring 3 witness for this clause and close its parent only after all clauses close.
basedefs/V1_chap03.html	tag_03_283	Positional Parameter	e082f9d978e853fee528d03252cf27a467ec6bf75bcf37d435aec25208efc6c0	open	missing:q35_ring3_base_definitions_clause_witness	Add an exact Q35 Ring 3 witness for this clause and close its parent only after all clauses close.
basedefs/V1_chap03.html	tag_03_284	Preallocation	e082f9d978e853fee528d03252cf27a467ec6bf75bcf37d435aec25208efc6c0	open	missing:q35_ring3_base_definitions_clause_witness	Add an exact Q35 Ring 3 witness for this clause and close its parent only after all clauses close.
basedefs/V1_chap03.html	tag_03_285	Preempted Process (or Thread)	e082f9d978e853fee528d03252cf27a467ec6bf75bcf37d435aec25208efc6c0	open	missing:q35_ring3_base_definitions_clause_witness	Add an exact Q35 Ring 3 witness for this clause and close its parent only after all clauses close.
basedefs/V1_chap03.html	tag_03_286	Previous Job	e082f9d978e853fee528d03252cf27a467ec6bf75bcf37d435aec25208efc6c0	open	missing:q35_ring3_base_definitions_clause_witness	Add an exact Q35 Ring 3 witness for this clause and close its parent only after all clauses close.
basedefs/V1_chap03.html	tag_03_287	Printable Character	e082f9d978e853fee528d03252cf27a467ec6bf75bcf37d435aec25208efc6c0	open	missing:q35_ring3_base_definitions_clause_witness	Add an exact Q35 Ring 3 witness for this clause and close its parent only after all clauses close.
basedefs/V1_chap03.html	tag_03_288	Printable File	e082f9d978e853fee528d03252cf27a467ec6bf75bcf37d435aec25208efc6c0	open	missing:q35_ring3_base_definitions_clause_witness	Add an exact Q35 Ring 3 witness for this clause and close its parent only after all clauses close.
basedefs/V1_chap03.html	tag_03_289	Priority	e082f9d978e853fee528d03252cf27a467ec6bf75bcf37d435aec25208efc6c0	open	missing:q35_ring3_base_definitions_clause_witness	Add an exact Q35 Ring 3 witness for this clause and close its parent only after all clauses close.
basedefs/V1_chap03.html	tag_03_290	Priority Band	e082f9d978e853fee528d03252cf27a467ec6bf75bcf37d435aec25208efc6c0	open	missing:q35_ring3_base_definitions_clause_witness	Add an exact Q35 Ring 3 witness for this clause and close its parent only after all clauses close.
basedefs/V1_chap03.html	tag_03_291	Priority Inversion	e082f9d978e853fee528d03252cf27a467ec6bf75bcf37d435aec25208efc6c0	open	missing:q35_ring3_base_definitions_clause_witness	Add an exact Q35 Ring 3 witness for this clause and close its parent only after all clauses close.
basedefs/V1_chap03.html	tag_03_292	Priority Scheduling	e082f9d978e853fee528d03252cf27a467ec6bf75bcf37d435aec25208efc6c0	open	missing:q35_ring3_base_definitions_clause_witness	Add an exact Q35 Ring 3 witness for this clause and close its parent only after all clauses close.
basedefs/V1_chap03.html	tag_03_293	Priority-Based Scheduling	e082f9d978e853fee528d03252cf27a467ec6bf75bcf37d435aec25208efc6c0	open	missing:q35_ring3_base_definitions_clause_witness	Add an exact Q35 Ring 3 witness for this clause and close its parent only after all clauses close.
basedefs/V1_chap03.html	tag_03_294	Privilege	e082f9d978e853fee528d03252cf27a467ec6bf75bcf37d435aec25208efc6c0	open	missing:q35_ring3_base_definitions_clause_witness	Add an exact Q35 Ring 3 witness for this clause and close its parent only after all clauses close.
basedefs/V1_chap03.html	tag_03_295	Process	e082f9d978e853fee528d03252cf27a467ec6bf75bcf37d435aec25208efc6c0	open	missing:q35_ring3_base_definitions_clause_witness	Add an exact Q35 Ring 3 witness for this clause and close its parent only after all clauses close.
basedefs/V1_chap03.html	tag_03_296	Process Group	e082f9d978e853fee528d03252cf27a467ec6bf75bcf37d435aec25208efc6c0	open	missing:q35_ring3_base_definitions_clause_witness	Add an exact Q35 Ring 3 witness for this clause and close its parent only after all clauses close.
basedefs/V1_chap03.html	tag_03_297	Process Group ID	e082f9d978e853fee528d03252cf27a467ec6bf75bcf37d435aec25208efc6c0	open	missing:q35_ring3_base_definitions_clause_witness	Add an exact Q35 Ring 3 witness for this clause and close its parent only after all clauses close.
basedefs/V1_chap03.html	tag_03_298	Process Group Leader	e082f9d978e853fee528d03252cf27a467ec6bf75bcf37d435aec25208efc6c0	open	missing:q35_ring3_base_definitions_clause_witness	Add an exact Q35 Ring 3 witness for this clause and close its parent only after all clauses close.
basedefs/V1_chap03.html	tag_03_299	Process Group Lifetime	e082f9d978e853fee528d03252cf27a467ec6bf75bcf37d435aec25208efc6c0	open	missing:q35_ring3_base_definitions_clause_witness	Add an exact Q35 Ring 3 witness for this clause and close its parent only after all clauses close.
basedefs/V1_chap03.html	tag_03_300	Process ID	e082f9d978e853fee528d03252cf27a467ec6bf75bcf37d435aec25208efc6c0	open	missing:q35_ring3_base_definitions_clause_witness	Add an exact Q35 Ring 3 witness for this clause and close its parent only after all clauses close.
basedefs/V1_chap03.html	tag_03_301	Process Lifetime	e082f9d978e853fee528d03252cf27a467ec6bf75bcf37d435aec25208efc6c0	open	missing:q35_ring3_base_definitions_clause_witness	Add an exact Q35 Ring 3 witness for this clause and close its parent only after all clauses close.
basedefs/V1_chap03.html	tag_03_302	Process Memory Locking	e082f9d978e853fee528d03252cf27a467ec6bf75bcf37d435aec25208efc6c0	open	missing:q35_ring3_base_definitions_clause_witness	Add an exact Q35 Ring 3 witness for this clause and close its parent only after all clauses close.
basedefs/V1_chap03.html	tag_03_303	Process Termination	e082f9d978e853fee528d03252cf27a467ec6bf75bcf37d435aec25208efc6c0	open	missing:q35_ring3_base_definitions_clause_witness	Add an exact Q35 Ring 3 witness for this clause and close its parent only after all clauses close.
basedefs/V1_chap03.html	tag_03_304	Process-To-Process Communication	e082f9d978e853fee528d03252cf27a467ec6bf75bcf37d435aec25208efc6c0	open	missing:q35_ring3_base_definitions_clause_witness	Add an exact Q35 Ring 3 witness for this clause and close its parent only after all clauses close.
basedefs/V1_chap03.html	tag_03_305	Process Virtual Time	e082f9d978e853fee528d03252cf27a467ec6bf75bcf37d435aec25208efc6c0	open	missing:q35_ring3_base_definitions_clause_witness	Add an exact Q35 Ring 3 witness for this clause and close its parent only after all clauses close.
basedefs/V1_chap03.html	tag_03_306	Program	e082f9d978e853fee528d03252cf27a467ec6bf75bcf37d435aec25208efc6c0	open	missing:q35_ring3_base_definitions_clause_witness	Add an exact Q35 Ring 3 witness for this clause and close its parent only after all clauses close.
basedefs/V1_chap03.html	tag_03_307	Protocol	e082f9d978e853fee528d03252cf27a467ec6bf75bcf37d435aec25208efc6c0	open	missing:q35_ring3_base_definitions_clause_witness	Add an exact Q35 Ring 3 witness for this clause and close its parent only after all clauses close.
basedefs/V1_chap03.html	tag_03_308	Pseudo-Terminal	e082f9d978e853fee528d03252cf27a467ec6bf75bcf37d435aec25208efc6c0	open	missing:q35_ring3_base_definitions_clause_witness	Add an exact Q35 Ring 3 witness for this clause and close its parent only after all clauses close.
basedefs/V1_chap03.html	tag_03_309	Radix Character	e082f9d978e853fee528d03252cf27a467ec6bf75bcf37d435aec25208efc6c0	open	missing:q35_ring3_base_definitions_clause_witness	Add an exact Q35 Ring 3 witness for this clause and close its parent only after all clauses close.
basedefs/V1_chap03.html	tag_03_310	Read-Only File System	e082f9d978e853fee528d03252cf27a467ec6bf75bcf37d435aec25208efc6c0	open	missing:q35_ring3_base_definitions_clause_witness	Add an exact Q35 Ring 3 witness for this clause and close its parent only after all clauses close.
basedefs/V1_chap03.html	tag_03_311	Read-Write Lock	e082f9d978e853fee528d03252cf27a467ec6bf75bcf37d435aec25208efc6c0	open	missing:q35_ring3_base_definitions_clause_witness	Add an exact Q35 Ring 3 witness for this clause and close its parent only after all clauses close.
basedefs/V1_chap03.html	tag_03_312	Real Group ID	e082f9d978e853fee528d03252cf27a467ec6bf75bcf37d435aec25208efc6c0	open	missing:q35_ring3_base_definitions_clause_witness	Add an exact Q35 Ring 3 witness for this clause and close its parent only after all clauses close.
basedefs/V1_chap03.html	tag_03_313	Real Time	e082f9d978e853fee528d03252cf27a467ec6bf75bcf37d435aec25208efc6c0	open	missing:q35_ring3_base_definitions_clause_witness	Add an exact Q35 Ring 3 witness for this clause and close its parent only after all clauses close.
basedefs/V1_chap03.html	tag_03_314	Realtime Signal Extension	e082f9d978e853fee528d03252cf27a467ec6bf75bcf37d435aec25208efc6c0	open	missing:q35_ring3_base_definitions_clause_witness	Add an exact Q35 Ring 3 witness for this clause and close its parent only after all clauses close.
basedefs/V1_chap03.html	tag_03_315	Real User ID	e082f9d978e853fee528d03252cf27a467ec6bf75bcf37d435aec25208efc6c0	open	missing:q35_ring3_base_definitions_clause_witness	Add an exact Q35 Ring 3 witness for this clause and close its parent only after all clauses close.
basedefs/V1_chap03.html	tag_03_316	Record	e082f9d978e853fee528d03252cf27a467ec6bf75bcf37d435aec25208efc6c0	open	missing:q35_ring3_base_definitions_clause_witness	Add an exact Q35 Ring 3 witness for this clause and close its parent only after all clauses close.
basedefs/V1_chap03.html	tag_03_317	Redirection	e082f9d978e853fee528d03252cf27a467ec6bf75bcf37d435aec25208efc6c0	open	missing:q35_ring3_base_definitions_clause_witness	Add an exact Q35 Ring 3 witness for this clause and close its parent only after all clauses close.
basedefs/V1_chap03.html	tag_03_318	Redirection Operator	e082f9d978e853fee528d03252cf27a467ec6bf75bcf37d435aec25208efc6c0	open	missing:q35_ring3_base_definitions_clause_witness	Add an exact Q35 Ring 3 witness for this clause and close its parent only after all clauses close.
basedefs/V1_chap03.html	tag_03_319	Referenced Shared Memory Object	e082f9d978e853fee528d03252cf27a467ec6bf75bcf37d435aec25208efc6c0	open	missing:q35_ring3_base_definitions_clause_witness	Add an exact Q35 Ring 3 witness for this clause and close its parent only after all clauses close.
basedefs/V1_chap03.html	tag_03_320	Refresh	e082f9d978e853fee528d03252cf27a467ec6bf75bcf37d435aec25208efc6c0	open	missing:q35_ring3_base_definitions_clause_witness	Add an exact Q35 Ring 3 witness for this clause and close its parent only after all clauses close.
basedefs/V1_chap03.html	tag_03_321	Regular Expression	e082f9d978e853fee528d03252cf27a467ec6bf75bcf37d435aec25208efc6c0	open	missing:q35_ring3_base_definitions_clause_witness	Add an exact Q35 Ring 3 witness for this clause and close its parent only after all clauses close.
basedefs/V1_chap03.html	tag_03_322	Region	e082f9d978e853fee528d03252cf27a467ec6bf75bcf37d435aec25208efc6c0	open	missing:q35_ring3_base_definitions_clause_witness	Add an exact Q35 Ring 3 witness for this clause and close its parent only after all clauses close.
basedefs/V1_chap03.html	tag_03_323	Regular File	e082f9d978e853fee528d03252cf27a467ec6bf75bcf37d435aec25208efc6c0	open	missing:q35_ring3_base_definitions_clause_witness	Add an exact Q35 Ring 3 witness for this clause and close its parent only after all clauses close.
basedefs/V1_chap03.html	tag_03_324	Relative Pathname	e082f9d978e853fee528d03252cf27a467ec6bf75bcf37d435aec25208efc6c0	open	missing:q35_ring3_base_definitions_clause_witness	Add an exact Q35 Ring 3 witness for this clause and close its parent only after all clauses close.
basedefs/V1_chap03.html	tag_03_325	Relocatable File	e082f9d978e853fee528d03252cf27a467ec6bf75bcf37d435aec25208efc6c0	open	missing:q35_ring3_base_definitions_clause_witness	Add an exact Q35 Ring 3 witness for this clause and close its parent only after all clauses close.
basedefs/V1_chap03.html	tag_03_326	Relocation	e082f9d978e853fee528d03252cf27a467ec6bf75bcf37d435aec25208efc6c0	open	missing:q35_ring3_base_definitions_clause_witness	Add an exact Q35 Ring 3 witness for this clause and close its parent only after all clauses close.
basedefs/V1_chap03.html	tag_03_327	Requested Batch Service	e082f9d978e853fee528d03252cf27a467ec6bf75bcf37d435aec25208efc6c0	open	missing:q35_ring3_base_definitions_clause_witness	Add an exact Q35 Ring 3 witness for this clause and close its parent only after all clauses close.
basedefs/V1_chap03.html	tag_03_328	(Time) Resolution	e082f9d978e853fee528d03252cf27a467ec6bf75bcf37d435aec25208efc6c0	open	missing:q35_ring3_base_definitions_clause_witness	Add an exact Q35 Ring 3 witness for this clause and close its parent only after all clauses close.
basedefs/V1_chap03.html	tag_03_329	Robust Mutex	e082f9d978e853fee528d03252cf27a467ec6bf75bcf37d435aec25208efc6c0	open	missing:q35_ring3_base_definitions_clause_witness	Add an exact Q35 Ring 3 witness for this clause and close its parent only after all clauses close.
basedefs/V1_chap03.html	tag_03_330	Root Directory	e082f9d978e853fee528d03252cf27a467ec6bf75bcf37d435aec25208efc6c0	open	missing:q35_ring3_base_definitions_clause_witness	Add an exact Q35 Ring 3 witness for this clause and close its parent only after all clauses close.
basedefs/V1_chap03.html	tag_03_331	Runnable Process (or Thread)	e082f9d978e853fee528d03252cf27a467ec6bf75bcf37d435aec25208efc6c0	open	missing:q35_ring3_base_definitions_clause_witness	Add an exact Q35 Ring 3 witness for this clause and close its parent only after all clauses close.
basedefs/V1_chap03.html	tag_03_332	Running Process (or Thread)	e082f9d978e853fee528d03252cf27a467ec6bf75bcf37d435aec25208efc6c0	open	missing:q35_ring3_base_definitions_clause_witness	Add an exact Q35 Ring 3 witness for this clause and close its parent only after all clauses close.
basedefs/V1_chap03.html	tag_03_333	Saved Resource Limits	e082f9d978e853fee528d03252cf27a467ec6bf75bcf37d435aec25208efc6c0	open	missing:q35_ring3_base_definitions_clause_witness	Add an exact Q35 Ring 3 witness for this clause and close its parent only after all clauses close.
basedefs/V1_chap03.html	tag_03_334	Saved Set-Group-ID	e082f9d978e853fee528d03252cf27a467ec6bf75bcf37d435aec25208efc6c0	open	missing:q35_ring3_base_definitions_clause_witness	Add an exact Q35 Ring 3 witness for this clause and close its parent only after all clauses close.
basedefs/V1_chap03.html	tag_03_335	Saved Set-User-ID	e082f9d978e853fee528d03252cf27a467ec6bf75bcf37d435aec25208efc6c0	open	missing:q35_ring3_base_definitions_clause_witness	Add an exact Q35 Ring 3 witness for this clause and close its parent only after all clauses close.
basedefs/V1_chap03.html	tag_03_336	Scheduling	e082f9d978e853fee528d03252cf27a467ec6bf75bcf37d435aec25208efc6c0	open	missing:q35_ring3_base_definitions_clause_witness	Add an exact Q35 Ring 3 witness for this clause and close its parent only after all clauses close.
basedefs/V1_chap03.html	tag_03_337	Scheduling Allocation Domain	e082f9d978e853fee528d03252cf27a467ec6bf75bcf37d435aec25208efc6c0	open	missing:q35_ring3_base_definitions_clause_witness	Add an exact Q35 Ring 3 witness for this clause and close its parent only after all clauses close.
basedefs/V1_chap03.html	tag_03_338	Scheduling Contention Scope	e082f9d978e853fee528d03252cf27a467ec6bf75bcf37d435aec25208efc6c0	open	missing:q35_ring3_base_definitions_clause_witness	Add an exact Q35 Ring 3 witness for this clause and close its parent only after all clauses close.
basedefs/V1_chap03.html	tag_03_339	Scheduling Policy	e082f9d978e853fee528d03252cf27a467ec6bf75bcf37d435aec25208efc6c0	open	missing:q35_ring3_base_definitions_clause_witness	Add an exact Q35 Ring 3 witness for this clause and close its parent only after all clauses close.
basedefs/V1_chap03.html	tag_03_340	Screen	e082f9d978e853fee528d03252cf27a467ec6bf75bcf37d435aec25208efc6c0	open	missing:q35_ring3_base_definitions_clause_witness	Add an exact Q35 Ring 3 witness for this clause and close its parent only after all clauses close.
basedefs/V1_chap03.html	tag_03_341	Scroll	e082f9d978e853fee528d03252cf27a467ec6bf75bcf37d435aec25208efc6c0	open	missing:q35_ring3_base_definitions_clause_witness	Add an exact Q35 Ring 3 witness for this clause and close its parent only after all clauses close.
basedefs/V1_chap03.html	tag_03_342	Semaphore	e082f9d978e853fee528d03252cf27a467ec6bf75bcf37d435aec25208efc6c0	open	missing:q35_ring3_base_definitions_clause_witness	Add an exact Q35 Ring 3 witness for this clause and close its parent only after all clauses close.
basedefs/V1_chap03.html	tag_03_343	Session	e082f9d978e853fee528d03252cf27a467ec6bf75bcf37d435aec25208efc6c0	open	missing:q35_ring3_base_definitions_clause_witness	Add an exact Q35 Ring 3 witness for this clause and close its parent only after all clauses close.
basedefs/V1_chap03.html	tag_03_344	Session Leader	e082f9d978e853fee528d03252cf27a467ec6bf75bcf37d435aec25208efc6c0	open	missing:q35_ring3_base_definitions_clause_witness	Add an exact Q35 Ring 3 witness for this clause and close its parent only after all clauses close.
basedefs/V1_chap03.html	tag_03_345	Session Lifetime	e082f9d978e853fee528d03252cf27a467ec6bf75bcf37d435aec25208efc6c0	open	missing:q35_ring3_base_definitions_clause_witness	Add an exact Q35 Ring 3 witness for this clause and close its parent only after all clauses close.
basedefs/V1_chap03.html	tag_03_346	Shared Memory Object	e082f9d978e853fee528d03252cf27a467ec6bf75bcf37d435aec25208efc6c0	open	missing:q35_ring3_base_definitions_clause_witness	Add an exact Q35 Ring 3 witness for this clause and close its parent only after all clauses close.
basedefs/V1_chap03.html	tag_03_347	Shell	e082f9d978e853fee528d03252cf27a467ec6bf75bcf37d435aec25208efc6c0	open	missing:q35_ring3_base_definitions_clause_witness	Add an exact Q35 Ring 3 witness for this clause and close its parent only after all clauses close.
basedefs/V1_chap03.html	tag_03_348	Shell, the	e082f9d978e853fee528d03252cf27a467ec6bf75bcf37d435aec25208efc6c0	open	missing:q35_ring3_base_definitions_clause_witness	Add an exact Q35 Ring 3 witness for this clause and close its parent only after all clauses close.
basedefs/V1_chap03.html	tag_03_349	Shell Script	e082f9d978e853fee528d03252cf27a467ec6bf75bcf37d435aec25208efc6c0	open	missing:q35_ring3_base_definitions_clause_witness	Add an exact Q35 Ring 3 witness for this clause and close its parent only after all clauses close.
basedefs/V1_chap03.html	tag_03_350	Signal	e082f9d978e853fee528d03252cf27a467ec6bf75bcf37d435aec25208efc6c0	open	missing:q35_ring3_base_definitions_clause_witness	Add an exact Q35 Ring 3 witness for this clause and close its parent only after all clauses close.
basedefs/V1_chap03.html	tag_03_351	Signal Stack	e082f9d978e853fee528d03252cf27a467ec6bf75bcf37d435aec25208efc6c0	open	missing:q35_ring3_base_definitions_clause_witness	Add an exact Q35 Ring 3 witness for this clause and close its parent only after all clauses close.
basedefs/V1_chap03.html	tag_03_352	Single-Quote Character	e082f9d978e853fee528d03252cf27a467ec6bf75bcf37d435aec25208efc6c0	open	missing:q35_ring3_base_definitions_clause_witness	Add an exact Q35 Ring 3 witness for this clause and close its parent only after all clauses close.
basedefs/V1_chap03.html	tag_03_353	Single-Threaded Process	e082f9d978e853fee528d03252cf27a467ec6bf75bcf37d435aec25208efc6c0	open	missing:q35_ring3_base_definitions_clause_witness	Add an exact Q35 Ring 3 witness for this clause and close its parent only after all clauses close.
basedefs/V1_chap03.html	tag_03_354	Single-Threaded Program	e082f9d978e853fee528d03252cf27a467ec6bf75bcf37d435aec25208efc6c0	open	missing:q35_ring3_base_definitions_clause_witness	Add an exact Q35 Ring 3 witness for this clause and close its parent only after all clauses close.
basedefs/V1_chap03.html	tag_03_355	Slash Character (<slash>)	e082f9d978e853fee528d03252cf27a467ec6bf75bcf37d435aec25208efc6c0	open	missing:q35_ring3_base_definitions_clause_witness	Add an exact Q35 Ring 3 witness for this clause and close its parent only after all clauses close.
basedefs/V1_chap03.html	tag_03_356	Socket	e082f9d978e853fee528d03252cf27a467ec6bf75bcf37d435aec25208efc6c0	open	missing:q35_ring3_base_definitions_clause_witness	Add an exact Q35 Ring 3 witness for this clause and close its parent only after all clauses close.
basedefs/V1_chap03.html	tag_03_357	Socket Address	e082f9d978e853fee528d03252cf27a467ec6bf75bcf37d435aec25208efc6c0	open	missing:q35_ring3_base_definitions_clause_witness	Add an exact Q35 Ring 3 witness for this clause and close its parent only after all clauses close.
basedefs/V1_chap03.html	tag_03_358	Soft Limit	e082f9d978e853fee528d03252cf27a467ec6bf75bcf37d435aec25208efc6c0	open	missing:q35_ring3_base_definitions_clause_witness	Add an exact Q35 Ring 3 witness for this clause and close its parent only after all clauses close.
basedefs/V1_chap03.html	tag_03_359	Source Code	e082f9d978e853fee528d03252cf27a467ec6bf75bcf37d435aec25208efc6c0	open	missing:q35_ring3_base_definitions_clause_witness	Add an exact Q35 Ring 3 witness for this clause and close its parent only after all clauses close.
basedefs/V1_chap03.html	tag_03_360	Space Character (<space>)	e082f9d978e853fee528d03252cf27a467ec6bf75bcf37d435aec25208efc6c0	open	missing:q35_ring3_base_definitions_clause_witness	Add an exact Q35 Ring 3 witness for this clause and close its parent only after all clauses close.
basedefs/V1_chap03.html	tag_03_361	Spawn	e082f9d978e853fee528d03252cf27a467ec6bf75bcf37d435aec25208efc6c0	open	missing:q35_ring3_base_definitions_clause_witness	Add an exact Q35 Ring 3 witness for this clause and close its parent only after all clauses close.
basedefs/V1_chap03.html	tag_03_362	Special Built-In	e082f9d978e853fee528d03252cf27a467ec6bf75bcf37d435aec25208efc6c0	open	missing:q35_ring3_base_definitions_clause_witness	Add an exact Q35 Ring 3 witness for this clause and close its parent only after all clauses close.
basedefs/V1_chap03.html	tag_03_363	Special Parameter	e082f9d978e853fee528d03252cf27a467ec6bf75bcf37d435aec25208efc6c0	open	missing:q35_ring3_base_definitions_clause_witness	Add an exact Q35 Ring 3 witness for this clause and close its parent only after all clauses close.
basedefs/V1_chap03.html	tag_03_364	Spin Lock	e082f9d978e853fee528d03252cf27a467ec6bf75bcf37d435aec25208efc6c0	open	missing:q35_ring3_base_definitions_clause_witness	Add an exact Q35 Ring 3 witness for this clause and close its parent only after all clauses close.
basedefs/V1_chap03.html	tag_03_365	Sporadic Server	e082f9d978e853fee528d03252cf27a467ec6bf75bcf37d435aec25208efc6c0	open	missing:q35_ring3_base_definitions_clause_witness	Add an exact Q35 Ring 3 witness for this clause and close its parent only after all clauses close.
basedefs/V1_chap03.html	tag_03_366	Standard Error	e082f9d978e853fee528d03252cf27a467ec6bf75bcf37d435aec25208efc6c0	open	missing:q35_ring3_base_definitions_clause_witness	Add an exact Q35 Ring 3 witness for this clause and close its parent only after all clauses close.
basedefs/V1_chap03.html	tag_03_367	Standard Input	e082f9d978e853fee528d03252cf27a467ec6bf75bcf37d435aec25208efc6c0	open	missing:q35_ring3_base_definitions_clause_witness	Add an exact Q35 Ring 3 witness for this clause and close its parent only after all clauses close.
basedefs/V1_chap03.html	tag_03_368	Standard Output	e082f9d978e853fee528d03252cf27a467ec6bf75bcf37d435aec25208efc6c0	open	missing:q35_ring3_base_definitions_clause_witness	Add an exact Q35 Ring 3 witness for this clause and close its parent only after all clauses close.
basedefs/V1_chap03.html	tag_03_369	Standard Utilities	e082f9d978e853fee528d03252cf27a467ec6bf75bcf37d435aec25208efc6c0	open	missing:q35_ring3_base_definitions_clause_witness	Add an exact Q35 Ring 3 witness for this clause and close its parent only after all clauses close.
basedefs/V1_chap03.html	tag_03_370	Stream	e082f9d978e853fee528d03252cf27a467ec6bf75bcf37d435aec25208efc6c0	open	missing:q35_ring3_base_definitions_clause_witness	Add an exact Q35 Ring 3 witness for this clause and close its parent only after all clauses close.
basedefs/V1_chap03.html	tag_03_371	STREAM	e082f9d978e853fee528d03252cf27a467ec6bf75bcf37d435aec25208efc6c0	open	missing:q35_ring3_base_definitions_clause_witness	Add an exact Q35 Ring 3 witness for this clause and close its parent only after all clauses close.
basedefs/V1_chap03.html	tag_03_372	STREAM End	e082f9d978e853fee528d03252cf27a467ec6bf75bcf37d435aec25208efc6c0	open	missing:q35_ring3_base_definitions_clause_witness	Add an exact Q35 Ring 3 witness for this clause and close its parent only after all clauses close.
basedefs/V1_chap03.html	tag_03_373	STREAM Head	e082f9d978e853fee528d03252cf27a467ec6bf75bcf37d435aec25208efc6c0	open	missing:q35_ring3_base_definitions_clause_witness	Add an exact Q35 Ring 3 witness for this clause and close its parent only after all clauses close.
basedefs/V1_chap03.html	tag_03_374	STREAMS Multiplexor	e082f9d978e853fee528d03252cf27a467ec6bf75bcf37d435aec25208efc6c0	open	missing:q35_ring3_base_definitions_clause_witness	Add an exact Q35 Ring 3 witness for this clause and close its parent only after all clauses close.
basedefs/V1_chap03.html	tag_03_375	String	e082f9d978e853fee528d03252cf27a467ec6bf75bcf37d435aec25208efc6c0	open	missing:q35_ring3_base_definitions_clause_witness	Add an exact Q35 Ring 3 witness for this clause and close its parent only after all clauses close.
basedefs/V1_chap03.html	tag_03_376	Subshell	e082f9d978e853fee528d03252cf27a467ec6bf75bcf37d435aec25208efc6c0	open	missing:q35_ring3_base_definitions_clause_witness	Add an exact Q35 Ring 3 witness for this clause and close its parent only after all clauses close.
basedefs/V1_chap03.html	tag_03_377	Successfully Transferred	e082f9d978e853fee528d03252cf27a467ec6bf75bcf37d435aec25208efc6c0	open	missing:q35_ring3_base_definitions_clause_witness	Add an exact Q35 Ring 3 witness for this clause and close its parent only after all clauses close.
basedefs/V1_chap03.html	tag_03_378	Supplementary Group ID	e082f9d978e853fee528d03252cf27a467ec6bf75bcf37d435aec25208efc6c0	open	missing:q35_ring3_base_definitions_clause_witness	Add an exact Q35 Ring 3 witness for this clause and close its parent only after all clauses close.
basedefs/V1_chap03.html	tag_03_379	Suspended Job	e082f9d978e853fee528d03252cf27a467ec6bf75bcf37d435aec25208efc6c0	open	missing:q35_ring3_base_definitions_clause_witness	Add an exact Q35 Ring 3 witness for this clause and close its parent only after all clauses close.
basedefs/V1_chap03.html	tag_03_380	Symbolic Constant	e082f9d978e853fee528d03252cf27a467ec6bf75bcf37d435aec25208efc6c0	open	missing:q35_ring3_base_definitions_clause_witness	Add an exact Q35 Ring 3 witness for this clause and close its parent only after all clauses close.
basedefs/V1_chap03.html	tag_03_381	Symbolic Link	e082f9d978e853fee528d03252cf27a467ec6bf75bcf37d435aec25208efc6c0	open	missing:q35_ring3_base_definitions_clause_witness	Add an exact Q35 Ring 3 witness for this clause and close its parent only after all clauses close.
basedefs/V1_chap03.html	tag_03_382	Synchronized Input and Output	e082f9d978e853fee528d03252cf27a467ec6bf75bcf37d435aec25208efc6c0	open	missing:q35_ring3_base_definitions_clause_witness	Add an exact Q35 Ring 3 witness for this clause and close its parent only after all clauses close.
basedefs/V1_chap03.html	tag_03_383	Synchronized I/O Completion	e082f9d978e853fee528d03252cf27a467ec6bf75bcf37d435aec25208efc6c0	open	missing:q35_ring3_base_definitions_clause_witness	Add an exact Q35 Ring 3 witness for this clause and close its parent only after all clauses close.
basedefs/V1_chap03.html	tag_03_384	Synchronized I/O Data Integrity Completion	e082f9d978e853fee528d03252cf27a467ec6bf75bcf37d435aec25208efc6c0	open	missing:q35_ring3_base_definitions_clause_witness	Add an exact Q35 Ring 3 witness for this clause and close its parent only after all clauses close.
basedefs/V1_chap03.html	tag_03_385	Synchronized I/O File Integrity Completion	e082f9d978e853fee528d03252cf27a467ec6bf75bcf37d435aec25208efc6c0	open	missing:q35_ring3_base_definitions_clause_witness	Add an exact Q35 Ring 3 witness for this clause and close its parent only after all clauses close.
basedefs/V1_chap03.html	tag_03_386	Synchronized I/O Operation	e082f9d978e853fee528d03252cf27a467ec6bf75bcf37d435aec25208efc6c0	open	missing:q35_ring3_base_definitions_clause_witness	Add an exact Q35 Ring 3 witness for this clause and close its parent only after all clauses close.
basedefs/V1_chap03.html	tag_03_387	Synchronous I/O Operation	e082f9d978e853fee528d03252cf27a467ec6bf75bcf37d435aec25208efc6c0	open	missing:q35_ring3_base_definitions_clause_witness	Add an exact Q35 Ring 3 witness for this clause and close its parent only after all clauses close.
basedefs/V1_chap03.html	tag_03_388	Synchronously-Generated Signal	e082f9d978e853fee528d03252cf27a467ec6bf75bcf37d435aec25208efc6c0	open	missing:q35_ring3_base_definitions_clause_witness	Add an exact Q35 Ring 3 witness for this clause and close its parent only after all clauses close.
basedefs/V1_chap03.html	tag_03_389	System	e082f9d978e853fee528d03252cf27a467ec6bf75bcf37d435aec25208efc6c0	open	missing:q35_ring3_base_definitions_clause_witness	Add an exact Q35 Ring 3 witness for this clause and close its parent only after all clauses close.
basedefs/V1_chap03.html	tag_03_390	System Boot	e082f9d978e853fee528d03252cf27a467ec6bf75bcf37d435aec25208efc6c0	open	missing:q35_ring3_base_definitions_clause_witness	Add an exact Q35 Ring 3 witness for this clause and close its parent only after all clauses close.
basedefs/V1_chap03.html	tag_03_391	System Clock	e082f9d978e853fee528d03252cf27a467ec6bf75bcf37d435aec25208efc6c0	open	missing:q35_ring3_base_definitions_clause_witness	Add an exact Q35 Ring 3 witness for this clause and close its parent only after all clauses close.
basedefs/V1_chap03.html	tag_03_392	System Console	e082f9d978e853fee528d03252cf27a467ec6bf75bcf37d435aec25208efc6c0	open	missing:q35_ring3_base_definitions_clause_witness	Add an exact Q35 Ring 3 witness for this clause and close its parent only after all clauses close.
basedefs/V1_chap03.html	tag_03_393	System Crash	e082f9d978e853fee528d03252cf27a467ec6bf75bcf37d435aec25208efc6c0	open	missing:q35_ring3_base_definitions_clause_witness	Add an exact Q35 Ring 3 witness for this clause and close its parent only after all clauses close.
basedefs/V1_chap03.html	tag_03_394	System Databases	e082f9d978e853fee528d03252cf27a467ec6bf75bcf37d435aec25208efc6c0	open	missing:q35_ring3_base_definitions_clause_witness	Add an exact Q35 Ring 3 witness for this clause and close its parent only after all clauses close.
basedefs/V1_chap03.html	tag_03_395	System Documentation	e082f9d978e853fee528d03252cf27a467ec6bf75bcf37d435aec25208efc6c0	open	missing:q35_ring3_base_definitions_clause_witness	Add an exact Q35 Ring 3 witness for this clause and close its parent only after all clauses close.
basedefs/V1_chap03.html	tag_03_396	System Process	e082f9d978e853fee528d03252cf27a467ec6bf75bcf37d435aec25208efc6c0	open	missing:q35_ring3_base_definitions_clause_witness	Add an exact Q35 Ring 3 witness for this clause and close its parent only after all clauses close.
basedefs/V1_chap03.html	tag_03_397	System Reboot	e082f9d978e853fee528d03252cf27a467ec6bf75bcf37d435aec25208efc6c0	open	missing:q35_ring3_base_definitions_clause_witness	Add an exact Q35 Ring 3 witness for this clause and close its parent only after all clauses close.
basedefs/V1_chap03.html	tag_03_398	System Trace Event	e082f9d978e853fee528d03252cf27a467ec6bf75bcf37d435aec25208efc6c0	open	missing:q35_ring3_base_definitions_clause_witness	Add an exact Q35 Ring 3 witness for this clause and close its parent only after all clauses close.
basedefs/V1_chap03.html	tag_03_399	System-Wide	e082f9d978e853fee528d03252cf27a467ec6bf75bcf37d435aec25208efc6c0	open	missing:q35_ring3_base_definitions_clause_witness	Add an exact Q35 Ring 3 witness for this clause and close its parent only after all clauses close.
basedefs/V1_chap03.html	tag_03_400	Tab Character (<tab>)	e082f9d978e853fee528d03252cf27a467ec6bf75bcf37d435aec25208efc6c0	open	missing:q35_ring3_base_definitions_clause_witness	Add an exact Q35 Ring 3 witness for this clause and close its parent only after all clauses close.
basedefs/V1_chap03.html	tag_03_401	Terminal (or Terminal Device)	e082f9d978e853fee528d03252cf27a467ec6bf75bcf37d435aec25208efc6c0	open	missing:q35_ring3_base_definitions_clause_witness	Add an exact Q35 Ring 3 witness for this clause and close its parent only after all clauses close.
basedefs/V1_chap03.html	tag_03_402	Text Column	e082f9d978e853fee528d03252cf27a467ec6bf75bcf37d435aec25208efc6c0	open	missing:q35_ring3_base_definitions_clause_witness	Add an exact Q35 Ring 3 witness for this clause and close its parent only after all clauses close.
basedefs/V1_chap03.html	tag_03_403	Text File	e082f9d978e853fee528d03252cf27a467ec6bf75bcf37d435aec25208efc6c0	open	missing:q35_ring3_base_definitions_clause_witness	Add an exact Q35 Ring 3 witness for this clause and close its parent only after all clauses close.
basedefs/V1_chap03.html	tag_03_404	Thread	e082f9d978e853fee528d03252cf27a467ec6bf75bcf37d435aec25208efc6c0	open	missing:q35_ring3_base_definitions_clause_witness	Add an exact Q35 Ring 3 witness for this clause and close its parent only after all clauses close.
basedefs/V1_chap03.html	tag_03_405	Thread ID	e082f9d978e853fee528d03252cf27a467ec6bf75bcf37d435aec25208efc6c0	open	missing:q35_ring3_base_definitions_clause_witness	Add an exact Q35 Ring 3 witness for this clause and close its parent only after all clauses close.
basedefs/V1_chap03.html	tag_03_406	Thread List	e082f9d978e853fee528d03252cf27a467ec6bf75bcf37d435aec25208efc6c0	open	missing:q35_ring3_base_definitions_clause_witness	Add an exact Q35 Ring 3 witness for this clause and close its parent only after all clauses close.
basedefs/V1_chap03.html	tag_03_407	Thread-Safe	e082f9d978e853fee528d03252cf27a467ec6bf75bcf37d435aec25208efc6c0	open	missing:q35_ring3_base_definitions_clause_witness	Add an exact Q35 Ring 3 witness for this clause and close its parent only after all clauses close.
basedefs/V1_chap03.html	tag_03_408	Thread-Specific Data Key	e082f9d978e853fee528d03252cf27a467ec6bf75bcf37d435aec25208efc6c0	open	missing:q35_ring3_base_definitions_clause_witness	Add an exact Q35 Ring 3 witness for this clause and close its parent only after all clauses close.
basedefs/V1_chap03.html	tag_03_409	Tilde Character (<tilde>)	e082f9d978e853fee528d03252cf27a467ec6bf75bcf37d435aec25208efc6c0	open	missing:q35_ring3_base_definitions_clause_witness	Add an exact Q35 Ring 3 witness for this clause and close its parent only after all clauses close.
basedefs/V1_chap03.html	tag_03_410	Timeouts	e082f9d978e853fee528d03252cf27a467ec6bf75bcf37d435aec25208efc6c0	open	missing:q35_ring3_base_definitions_clause_witness	Add an exact Q35 Ring 3 witness for this clause and close its parent only after all clauses close.
basedefs/V1_chap03.html	tag_03_411	Timer	e082f9d978e853fee528d03252cf27a467ec6bf75bcf37d435aec25208efc6c0	open	missing:q35_ring3_base_definitions_clause_witness	Add an exact Q35 Ring 3 witness for this clause and close its parent only after all clauses close.
basedefs/V1_chap03.html	tag_03_412	Timer Overrun	e082f9d978e853fee528d03252cf27a467ec6bf75bcf37d435aec25208efc6c0	open	missing:q35_ring3_base_definitions_clause_witness	Add an exact Q35 Ring 3 witness for this clause and close its parent only after all clauses close.
basedefs/V1_chap03.html	tag_03_413	Token	e082f9d978e853fee528d03252cf27a467ec6bf75bcf37d435aec25208efc6c0	open	missing:q35_ring3_base_definitions_clause_witness	Add an exact Q35 Ring 3 witness for this clause and close its parent only after all clauses close.
basedefs/V1_chap03.html	tag_03_414	Trace Analyzer Process	e082f9d978e853fee528d03252cf27a467ec6bf75bcf37d435aec25208efc6c0	open	missing:q35_ring3_base_definitions_clause_witness	Add an exact Q35 Ring 3 witness for this clause and close its parent only after all clauses close.
basedefs/V1_chap03.html	tag_03_415	Trace Controller Process	e082f9d978e853fee528d03252cf27a467ec6bf75bcf37d435aec25208efc6c0	open	missing:q35_ring3_base_definitions_clause_witness	Add an exact Q35 Ring 3 witness for this clause and close its parent only after all clauses close.
basedefs/V1_chap03.html	tag_03_416	Trace Event	e082f9d978e853fee528d03252cf27a467ec6bf75bcf37d435aec25208efc6c0	open	missing:q35_ring3_base_definitions_clause_witness	Add an exact Q35 Ring 3 witness for this clause and close its parent only after all clauses close.
basedefs/V1_chap03.html	tag_03_417	Trace Event Type	e082f9d978e853fee528d03252cf27a467ec6bf75bcf37d435aec25208efc6c0	open	missing:q35_ring3_base_definitions_clause_witness	Add an exact Q35 Ring 3 witness for this clause and close its parent only after all clauses close.
basedefs/V1_chap03.html	tag_03_418	Trace Event Type Mapping	e082f9d978e853fee528d03252cf27a467ec6bf75bcf37d435aec25208efc6c0	open	missing:q35_ring3_base_definitions_clause_witness	Add an exact Q35 Ring 3 witness for this clause and close its parent only after all clauses close.
basedefs/V1_chap03.html	tag_03_419	Trace Filter	e082f9d978e853fee528d03252cf27a467ec6bf75bcf37d435aec25208efc6c0	open	missing:q35_ring3_base_definitions_clause_witness	Add an exact Q35 Ring 3 witness for this clause and close its parent only after all clauses close.
basedefs/V1_chap03.html	tag_03_420	Trace Generation Version	e082f9d978e853fee528d03252cf27a467ec6bf75bcf37d435aec25208efc6c0	open	missing:q35_ring3_base_definitions_clause_witness	Add an exact Q35 Ring 3 witness for this clause and close its parent only after all clauses close.
basedefs/V1_chap03.html	tag_03_421	Trace Log	e082f9d978e853fee528d03252cf27a467ec6bf75bcf37d435aec25208efc6c0	open	missing:q35_ring3_base_definitions_clause_witness	Add an exact Q35 Ring 3 witness for this clause and close its parent only after all clauses close.
basedefs/V1_chap03.html	tag_03_422	Trace Point	e082f9d978e853fee528d03252cf27a467ec6bf75bcf37d435aec25208efc6c0	open	missing:q35_ring3_base_definitions_clause_witness	Add an exact Q35 Ring 3 witness for this clause and close its parent only after all clauses close.
basedefs/V1_chap03.html	tag_03_423	Trace Stream	e082f9d978e853fee528d03252cf27a467ec6bf75bcf37d435aec25208efc6c0	open	missing:q35_ring3_base_definitions_clause_witness	Add an exact Q35 Ring 3 witness for this clause and close its parent only after all clauses close.
basedefs/V1_chap03.html	tag_03_424	Trace Stream Identifier	e082f9d978e853fee528d03252cf27a467ec6bf75bcf37d435aec25208efc6c0	open	missing:q35_ring3_base_definitions_clause_witness	Add an exact Q35 Ring 3 witness for this clause and close its parent only after all clauses close.
basedefs/V1_chap03.html	tag_03_425	Trace System	e082f9d978e853fee528d03252cf27a467ec6bf75bcf37d435aec25208efc6c0	open	missing:q35_ring3_base_definitions_clause_witness	Add an exact Q35 Ring 3 witness for this clause and close its parent only after all clauses close.
basedefs/V1_chap03.html	tag_03_426	Traced Process	e082f9d978e853fee528d03252cf27a467ec6bf75bcf37d435aec25208efc6c0	open	missing:q35_ring3_base_definitions_clause_witness	Add an exact Q35 Ring 3 witness for this clause and close its parent only after all clauses close.
basedefs/V1_chap03.html	tag_03_427	Tracing Status of a Trace Stream	e082f9d978e853fee528d03252cf27a467ec6bf75bcf37d435aec25208efc6c0	open	missing:q35_ring3_base_definitions_clause_witness	Add an exact Q35 Ring 3 witness for this clause and close its parent only after all clauses close.
basedefs/V1_chap03.html	tag_03_428	Typed Memory Name Space	e082f9d978e853fee528d03252cf27a467ec6bf75bcf37d435aec25208efc6c0	open	missing:q35_ring3_base_definitions_clause_witness	Add an exact Q35 Ring 3 witness for this clause and close its parent only after all clauses close.
basedefs/V1_chap03.html	tag_03_429	Typed Memory Object	e082f9d978e853fee528d03252cf27a467ec6bf75bcf37d435aec25208efc6c0	open	missing:q35_ring3_base_definitions_clause_witness	Add an exact Q35 Ring 3 witness for this clause and close its parent only after all clauses close.
basedefs/V1_chap03.html	tag_03_430	Typed Memory Pool	e082f9d978e853fee528d03252cf27a467ec6bf75bcf37d435aec25208efc6c0	open	missing:q35_ring3_base_definitions_clause_witness	Add an exact Q35 Ring 3 witness for this clause and close its parent only after all clauses close.
basedefs/V1_chap03.html	tag_03_431	Typed Memory Port	e082f9d978e853fee528d03252cf27a467ec6bf75bcf37d435aec25208efc6c0	open	missing:q35_ring3_base_definitions_clause_witness	Add an exact Q35 Ring 3 witness for this clause and close its parent only after all clauses close.
basedefs/V1_chap03.html	tag_03_432	Unbind	e082f9d978e853fee528d03252cf27a467ec6bf75bcf37d435aec25208efc6c0	open	missing:q35_ring3_base_definitions_clause_witness	Add an exact Q35 Ring 3 witness for this clause and close its parent only after all clauses close.
basedefs/V1_chap03.html	tag_03_433	Unit Data	e082f9d978e853fee528d03252cf27a467ec6bf75bcf37d435aec25208efc6c0	open	missing:q35_ring3_base_definitions_clause_witness	Add an exact Q35 Ring 3 witness for this clause and close its parent only after all clauses close.
basedefs/V1_chap03.html	tag_03_434	Upshifting	e082f9d978e853fee528d03252cf27a467ec6bf75bcf37d435aec25208efc6c0	open	missing:q35_ring3_base_definitions_clause_witness	Add an exact Q35 Ring 3 witness for this clause and close its parent only after all clauses close.
basedefs/V1_chap03.html	tag_03_435	User Database	e082f9d978e853fee528d03252cf27a467ec6bf75bcf37d435aec25208efc6c0	open	missing:q35_ring3_base_definitions_clause_witness	Add an exact Q35 Ring 3 witness for this clause and close its parent only after all clauses close.
basedefs/V1_chap03.html	tag_03_436	User ID	e082f9d978e853fee528d03252cf27a467ec6bf75bcf37d435aec25208efc6c0	open	missing:q35_ring3_base_definitions_clause_witness	Add an exact Q35 Ring 3 witness for this clause and close its parent only after all clauses close.
basedefs/V1_chap03.html	tag_03_437	User Name	e082f9d978e853fee528d03252cf27a467ec6bf75bcf37d435aec25208efc6c0	open	missing:q35_ring3_base_definitions_clause_witness	Add an exact Q35 Ring 3 witness for this clause and close its parent only after all clauses close.
basedefs/V1_chap03.html	tag_03_438	User Trace Event	e082f9d978e853fee528d03252cf27a467ec6bf75bcf37d435aec25208efc6c0	open	missing:q35_ring3_base_definitions_clause_witness	Add an exact Q35 Ring 3 witness for this clause and close its parent only after all clauses close.
basedefs/V1_chap03.html	tag_03_439	Utility	e082f9d978e853fee528d03252cf27a467ec6bf75bcf37d435aec25208efc6c0	open	missing:q35_ring3_base_definitions_clause_witness	Add an exact Q35 Ring 3 witness for this clause and close its parent only after all clauses close.
basedefs/V1_chap03.html	tag_03_440	Variable	e082f9d978e853fee528d03252cf27a467ec6bf75bcf37d435aec25208efc6c0	open	missing:q35_ring3_base_definitions_clause_witness	Add an exact Q35 Ring 3 witness for this clause and close its parent only after all clauses close.
basedefs/V1_chap03.html	tag_03_441	Vertical-Tab Character (<vertical-tab>)	e082f9d978e853fee528d03252cf27a467ec6bf75bcf37d435aec25208efc6c0	open	missing:q35_ring3_base_definitions_clause_witness	Add an exact Q35 Ring 3 witness for this clause and close its parent only after all clauses close.
basedefs/V1_chap03.html	tag_03_442	White Space	e082f9d978e853fee528d03252cf27a467ec6bf75bcf37d435aec25208efc6c0	open	missing:q35_ring3_base_definitions_clause_witness	Add an exact Q35 Ring 3 witness for this clause and close its parent only after all clauses close.
basedefs/V1_chap03.html	tag_03_443	Wide-Character Code (C Language)	e082f9d978e853fee528d03252cf27a467ec6bf75bcf37d435aec25208efc6c0	open	missing:q35_ring3_base_definitions_clause_witness	Add an exact Q35 Ring 3 witness for this clause and close its parent only after all clauses close.
basedefs/V1_chap03.html	tag_03_444	Wide-Character Input/Output Functions	e082f9d978e853fee528d03252cf27a467ec6bf75bcf37d435aec25208efc6c0	open	missing:q35_ring3_base_definitions_clause_witness	Add an exact Q35 Ring 3 witness for this clause and close its parent only after all clauses close.
basedefs/V1_chap03.html	tag_03_445	Wide-Character String	e082f9d978e853fee528d03252cf27a467ec6bf75bcf37d435aec25208efc6c0	open	missing:q35_ring3_base_definitions_clause_witness	Add an exact Q35 Ring 3 witness for this clause and close its parent only after all clauses close.
basedefs/V1_chap03.html	tag_03_446	Word	e082f9d978e853fee528d03252cf27a467ec6bf75bcf37d435aec25208efc6c0	open	missing:q35_ring3_base_definitions_clause_witness	Add an exact Q35 Ring 3 witness for this clause and close its parent only after all clauses close.
basedefs/V1_chap03.html	tag_03_447	Working Directory (or Current Working Directory)	e082f9d978e853fee528d03252cf27a467ec6bf75bcf37d435aec25208efc6c0	open	missing:q35_ring3_base_definitions_clause_witness	Add an exact Q35 Ring 3 witness for this clause and close its parent only after all clauses close.
basedefs/V1_chap03.html	tag_03_448	Worldwide Portability Interface	e082f9d978e853fee528d03252cf27a467ec6bf75bcf37d435aec25208efc6c0	open	missing:q35_ring3_base_definitions_clause_witness	Add an exact Q35 Ring 3 witness for this clause and close its parent only after all clauses close.
basedefs/V1_chap03.html	tag_03_449	Write	e082f9d978e853fee528d03252cf27a467ec6bf75bcf37d435aec25208efc6c0	open	missing:q35_ring3_base_definitions_clause_witness	Add an exact Q35 Ring 3 witness for this clause and close its parent only after all clauses close.
basedefs/V1_chap03.html	tag_03_450	XSI	e082f9d978e853fee528d03252cf27a467ec6bf75bcf37d435aec25208efc6c0	open	missing:q35_ring3_base_definitions_clause_witness	Add an exact Q35 Ring 3 witness for this clause and close its parent only after all clauses close.
basedefs/V1_chap03.html	tag_03_451	XSI-Conformant	e082f9d978e853fee528d03252cf27a467ec6bf75bcf37d435aec25208efc6c0	open	missing:q35_ring3_base_definitions_clause_witness	Add an exact Q35 Ring 3 witness for this clause and close its parent only after all clauses close.
basedefs/V1_chap03.html	tag_03_452	Zombie Process	e082f9d978e853fee528d03252cf27a467ec6bf75bcf37d435aec25208efc6c0	open	missing:q35_ring3_base_definitions_clause_witness	Add an exact Q35 Ring 3 witness for this clause and close its parent only after all clauses close.
basedefs/V1_chap03.html	tag_03_453	\xb10	e082f9d978e853fee528d03252cf27a467ec6bf75bcf37d435aec25208efc6c0	open	missing:q35_ring3_base_definitions_clause_witness	Add an exact Q35 Ring 3 witness for this clause and close its parent only after all clauses close.
basedefs/V1_chap04.html	tag_04	General Concepts	3a9aee84b8824ae5c0b140dbc5528a9d9cb02bfb5dbf5988852471140ea776fb	open	missing:q35_ring3_base_definitions_clause_witness	Add an exact Q35 Ring 3 witness for this clause and close its parent only after all clauses close.
basedefs/V1_chap04.html	tag_04_01	Concurrent Execution	3a9aee84b8824ae5c0b140dbc5528a9d9cb02bfb5dbf5988852471140ea776fb	open	missing:q35_ring3_base_definitions_clause_witness	Add an exact Q35 Ring 3 witness for this clause and close its parent only after all clauses close.
basedefs/V1_chap04.html	tag_04_02	Default Initialization	3a9aee84b8824ae5c0b140dbc5528a9d9cb02bfb5dbf5988852471140ea776fb	open	missing:q35_ring3_base_definitions_clause_witness	Add an exact Q35 Ring 3 witness for this clause and close its parent only after all clauses close.
basedefs/V1_chap04.html	tag_04_03	Directory Protection	3a9aee84b8824ae5c0b140dbc5528a9d9cb02bfb5dbf5988852471140ea776fb	open	missing:q35_ring3_base_definitions_clause_witness	Add an exact Q35 Ring 3 witness for this clause and close its parent only after all clauses close.
basedefs/V1_chap04.html	tag_04_04	Extended Security Controls	3a9aee84b8824ae5c0b140dbc5528a9d9cb02bfb5dbf5988852471140ea776fb	open	missing:q35_ring3_base_definitions_clause_witness	Add an exact Q35 Ring 3 witness for this clause and close its parent only after all clauses close.
basedefs/V1_chap04.html	tag_04_05	File Access Permissions	3a9aee84b8824ae5c0b140dbc5528a9d9cb02bfb5dbf5988852471140ea776fb	open	missing:q35_ring3_base_definitions_clause_witness	Add an exact Q35 Ring 3 witness for this clause and close its parent only after all clauses close.
basedefs/V1_chap04.html	tag_04_06	File Hierarchy	3a9aee84b8824ae5c0b140dbc5528a9d9cb02bfb5dbf5988852471140ea776fb	open	missing:q35_ring3_base_definitions_clause_witness	Add an exact Q35 Ring 3 witness for this clause and close its parent only after all clauses close.
basedefs/V1_chap04.html	tag_04_07	Filenames	3a9aee84b8824ae5c0b140dbc5528a9d9cb02bfb5dbf5988852471140ea776fb	open	missing:q35_ring3_base_definitions_clause_witness	Add an exact Q35 Ring 3 witness for this clause and close its parent only after all clauses close.
basedefs/V1_chap04.html	tag_04_08	Filename Portability	3a9aee84b8824ae5c0b140dbc5528a9d9cb02bfb5dbf5988852471140ea776fb	open	missing:q35_ring3_base_definitions_clause_witness	Add an exact Q35 Ring 3 witness for this clause and close its parent only after all clauses close.
basedefs/V1_chap04.html	tag_04_09	File Times Update	3a9aee84b8824ae5c0b140dbc5528a9d9cb02bfb5dbf5988852471140ea776fb	open	missing:q35_ring3_base_definitions_clause_witness	Add an exact Q35 Ring 3 witness for this clause and close its parent only after all clauses close.
basedefs/V1_chap04.html	tag_04_10	Host and Network Byte Orders	3a9aee84b8824ae5c0b140dbc5528a9d9cb02bfb5dbf5988852471140ea776fb	open	missing:q35_ring3_base_definitions_clause_witness	Add an exact Q35 Ring 3 witness for this clause and close its parent only after all clauses close.
basedefs/V1_chap04.html	tag_04_11	Measurement of Execution Time	3a9aee84b8824ae5c0b140dbc5528a9d9cb02bfb5dbf5988852471140ea776fb	open	missing:q35_ring3_base_definitions_clause_witness	Add an exact Q35 Ring 3 witness for this clause and close its parent only after all clauses close.
basedefs/V1_chap04.html	tag_04_12	Memory Synchronization	3a9aee84b8824ae5c0b140dbc5528a9d9cb02bfb5dbf5988852471140ea776fb	open	missing:q35_ring3_base_definitions_clause_witness	Add an exact Q35 Ring 3 witness for this clause and close its parent only after all clauses close.
basedefs/V1_chap04.html	tag_04_13	Pathname Resolution	3a9aee84b8824ae5c0b140dbc5528a9d9cb02bfb5dbf5988852471140ea776fb	open	missing:q35_ring3_base_definitions_clause_witness	Add an exact Q35 Ring 3 witness for this clause and close its parent only after all clauses close.
basedefs/V1_chap04.html	tag_04_14	Process ID Reuse	3a9aee84b8824ae5c0b140dbc5528a9d9cb02bfb5dbf5988852471140ea776fb	open	missing:q35_ring3_base_definitions_clause_witness	Add an exact Q35 Ring 3 witness for this clause and close its parent only after all clauses close.
basedefs/V1_chap04.html	tag_04_15	Scheduling Policy	3a9aee84b8824ae5c0b140dbc5528a9d9cb02bfb5dbf5988852471140ea776fb	open	missing:q35_ring3_base_definitions_clause_witness	Add an exact Q35 Ring 3 witness for this clause and close its parent only after all clauses close.
basedefs/V1_chap04.html	tag_04_16	Seconds Since the Epoch	3a9aee84b8824ae5c0b140dbc5528a9d9cb02bfb5dbf5988852471140ea776fb	open	missing:q35_ring3_base_definitions_clause_witness	Add an exact Q35 Ring 3 witness for this clause and close its parent only after all clauses close.
basedefs/V1_chap04.html	tag_04_17	Semaphore	3a9aee84b8824ae5c0b140dbc5528a9d9cb02bfb5dbf5988852471140ea776fb	open	missing:q35_ring3_base_definitions_clause_witness	Add an exact Q35 Ring 3 witness for this clause and close its parent only after all clauses close.
basedefs/V1_chap04.html	tag_04_17_00_01	Semaphore Lock Operation	3a9aee84b8824ae5c0b140dbc5528a9d9cb02bfb5dbf5988852471140ea776fb	open	missing:q35_ring3_base_definitions_clause_witness	Add an exact Q35 Ring 3 witness for this clause and close its parent only after all clauses close.
basedefs/V1_chap04.html	tag_04_17_00_02	Semaphore Unlock Operation	3a9aee84b8824ae5c0b140dbc5528a9d9cb02bfb5dbf5988852471140ea776fb	open	missing:q35_ring3_base_definitions_clause_witness	Add an exact Q35 Ring 3 witness for this clause and close its parent only after all clauses close.
basedefs/V1_chap04.html	tag_04_18	Thread-Safety	3a9aee84b8824ae5c0b140dbc5528a9d9cb02bfb5dbf5988852471140ea776fb	open	missing:q35_ring3_base_definitions_clause_witness	Add an exact Q35 Ring 3 witness for this clause and close its parent only after all clauses close.
basedefs/V1_chap04.html	tag_04_19	Tracing	3a9aee84b8824ae5c0b140dbc5528a9d9cb02bfb5dbf5988852471140ea776fb	open	missing:q35_ring3_base_definitions_clause_witness	Add an exact Q35 Ring 3 witness for this clause and close its parent only after all clauses close.
basedefs/V1_chap04.html	tag_04_20	Treatment of Error Conditions for Mathematical Functions	3a9aee84b8824ae5c0b140dbc5528a9d9cb02bfb5dbf5988852471140ea776fb	open	missing:q35_ring3_base_definitions_clause_witness	Add an exact Q35 Ring 3 witness for this clause and close its parent only after all clauses close.
basedefs/V1_chap04.html	tag_04_20_01	Domain Error	3a9aee84b8824ae5c0b140dbc5528a9d9cb02bfb5dbf5988852471140ea776fb	open	missing:q35_ring3_base_definitions_clause_witness	Add an exact Q35 Ring 3 witness for this clause and close its parent only after all clauses close.
basedefs/V1_chap04.html	tag_04_20_02	Pole Error	3a9aee84b8824ae5c0b140dbc5528a9d9cb02bfb5dbf5988852471140ea776fb	open	missing:q35_ring3_base_definitions_clause_witness	Add an exact Q35 Ring 3 witness for this clause and close its parent only after all clauses close.
basedefs/V1_chap04.html	tag_04_20_03	Range Error	3a9aee84b8824ae5c0b140dbc5528a9d9cb02bfb5dbf5988852471140ea776fb	open	missing:q35_ring3_base_definitions_clause_witness	Add an exact Q35 Ring 3 witness for this clause and close its parent only after all clauses close.
basedefs/V1_chap04.html	tag_04_20_03_01	Result Overflows	3a9aee84b8824ae5c0b140dbc5528a9d9cb02bfb5dbf5988852471140ea776fb	open	missing:q35_ring3_base_definitions_clause_witness	Add an exact Q35 Ring 3 witness for this clause and close its parent only after all clauses close.
basedefs/V1_chap04.html	tag_04_20_03_02	Result Underflows	3a9aee84b8824ae5c0b140dbc5528a9d9cb02bfb5dbf5988852471140ea776fb	open	missing:q35_ring3_base_definitions_clause_witness	Add an exact Q35 Ring 3 witness for this clause and close its parent only after all clauses close.
basedefs/V1_chap04.html	tag_04_21	Treatment of NaN Arguments for the Mathematical Functions	3a9aee84b8824ae5c0b140dbc5528a9d9cb02bfb5dbf5988852471140ea776fb	open	missing:q35_ring3_base_definitions_clause_witness	Add an exact Q35 Ring 3 witness for this clause and close its parent only after all clauses close.
basedefs/V1_chap04.html	tag_04_22	Utility	3a9aee84b8824ae5c0b140dbc5528a9d9cb02bfb5dbf5988852471140ea776fb	open	missing:q35_ring3_base_definitions_clause_witness	Add an exact Q35 Ring 3 witness for this clause and close its parent only after all clauses close.
basedefs/V1_chap04.html	tag_04_23	Variable Assignment	3a9aee84b8824ae5c0b140dbc5528a9d9cb02bfb5dbf5988852471140ea776fb	open	missing:q35_ring3_base_definitions_clause_witness	Add an exact Q35 Ring 3 witness for this clause and close its parent only after all clauses close.
basedefs/V1_chap04.html	tag_04_23_01	Footnotes	3a9aee84b8824ae5c0b140dbc5528a9d9cb02bfb5dbf5988852471140ea776fb	open	missing:q35_ring3_base_definitions_clause_witness	Add an exact Q35 Ring 3 witness for this clause and close its parent only after all clauses close.
basedefs/V1_chap05.html	tag_05	File Format Notation	5a60633657de479c9bc5c9d146748f18bf161381707491ff143072508fc4622d	open	missing:q35_ring3_base_definitions_clause_witness	Add an exact Q35 Ring 3 witness for this clause and close its parent only after all clauses close.
basedefs/V1_chap05.html	tag_05_00_00_01	Examples	5a60633657de479c9bc5c9d146748f18bf161381707491ff143072508fc4622d	open	missing:q35_ring3_base_definitions_clause_witness	Add an exact Q35 Ring 3 witness for this clause and close its parent only after all clauses close.
basedefs/V1_chap06.html	tag_06	Character Set	63c95469edc7c85db54a497104c10162775cb0b7572f2e7e0490c6acca626528	open	missing:q35_ring3_base_definitions_clause_witness	Add an exact Q35 Ring 3 witness for this clause and close its parent only after all clauses close.
basedefs/V1_chap06.html	tag_06_01	Portable Character Set	63c95469edc7c85db54a497104c10162775cb0b7572f2e7e0490c6acca626528	open	missing:q35_ring3_base_definitions_clause_witness	Add an exact Q35 Ring 3 witness for this clause and close its parent only after all clauses close.
basedefs/V1_chap06.html	tag_06_02	Character Encoding	63c95469edc7c85db54a497104c10162775cb0b7572f2e7e0490c6acca626528	open	missing:q35_ring3_base_definitions_clause_witness	Add an exact Q35 Ring 3 witness for this clause and close its parent only after all clauses close.
basedefs/V1_chap06.html	tag_06_03	C Language Wide-Character Codes	63c95469edc7c85db54a497104c10162775cb0b7572f2e7e0490c6acca626528	open	missing:q35_ring3_base_definitions_clause_witness	Add an exact Q35 Ring 3 witness for this clause and close its parent only after all clauses close.
basedefs/V1_chap06.html	tag_06_04	Character Set Description File	63c95469edc7c85db54a497104c10162775cb0b7572f2e7e0490c6acca626528	open	missing:q35_ring3_base_definitions_clause_witness	Add an exact Q35 Ring 3 witness for this clause and close its parent only after all clauses close.
basedefs/V1_chap06.html	tag_06_04_00_01	Example	63c95469edc7c85db54a497104c10162775cb0b7572f2e7e0490c6acca626528	open	missing:q35_ring3_base_definitions_clause_witness	Add an exact Q35 Ring 3 witness for this clause and close its parent only after all clauses close.
basedefs/V1_chap06.html	tag_06_04_01	State-Dependent Character Encodings	63c95469edc7c85db54a497104c10162775cb0b7572f2e7e0490c6acca626528	open	missing:q35_ring3_base_definitions_clause_witness	Add an exact Q35 Ring 3 witness for this clause and close its parent only after all clauses close.
basedefs/V1_chap07.html	tag_07	Locale	5d93599b1d34f0232bb51af16ab8b3217450c9447deb44ad260ea6ebbc4adb35	open	missing:q35_ring3_base_definitions_clause_witness	Add an exact Q35 Ring 3 witness for this clause and close its parent only after all clauses close.
basedefs/V1_chap07.html	tag_07_01	General	5d93599b1d34f0232bb51af16ab8b3217450c9447deb44ad260ea6ebbc4adb35	open	missing:q35_ring3_base_definitions_clause_witness	Add an exact Q35 Ring 3 witness for this clause and close its parent only after all clauses close.
basedefs/V1_chap07.html	tag_07_02	POSIX Locale	5d93599b1d34f0232bb51af16ab8b3217450c9447deb44ad260ea6ebbc4adb35	open	missing:q35_ring3_base_definitions_clause_witness	Add an exact Q35 Ring 3 witness for this clause and close its parent only after all clauses close.
basedefs/V1_chap07.html	tag_07_03	Locale Definition	5d93599b1d34f0232bb51af16ab8b3217450c9447deb44ad260ea6ebbc4adb35	open	missing:q35_ring3_base_definitions_clause_witness	Add an exact Q35 Ring 3 witness for this clause and close its parent only after all clauses close.
basedefs/V1_chap07.html	tag_07_03_01	LC_CTYPE	5d93599b1d34f0232bb51af16ab8b3217450c9447deb44ad260ea6ebbc4adb35	open	missing:q35_ring3_base_definitions_clause_witness	Add an exact Q35 Ring 3 witness for this clause and close its parent only after all clauses close.
basedefs/V1_chap07.html	tag_07_03_01_01	LC_CTYPE Category in the POSIX Locale	5d93599b1d34f0232bb51af16ab8b3217450c9447deb44ad260ea6ebbc4adb35	open	missing:q35_ring3_base_definitions_clause_witness	Add an exact Q35 Ring 3 witness for this clause and close its parent only after all clauses close.
basedefs/V1_chap07.html	tag_07_03_02	LC_COLLATE	5d93599b1d34f0232bb51af16ab8b3217450c9447deb44ad260ea6ebbc4adb35	open	missing:q35_ring3_base_definitions_clause_witness	Add an exact Q35 Ring 3 witness for this clause and close its parent only after all clauses close.
basedefs/V1_chap07.html	tag_07_03_02_01	The collating-element Keyword	5d93599b1d34f0232bb51af16ab8b3217450c9447deb44ad260ea6ebbc4adb35	open	missing:q35_ring3_base_definitions_clause_witness	Add an exact Q35 Ring 3 witness for this clause and close its parent only after all clauses close.
basedefs/V1_chap07.html	tag_07_03_02_02	The collating-symbol Keyword	5d93599b1d34f0232bb51af16ab8b3217450c9447deb44ad260ea6ebbc4adb35	open	missing:q35_ring3_base_definitions_clause_witness	Add an exact Q35 Ring 3 witness for this clause and close its parent only after all clauses close.
basedefs/V1_chap07.html	tag_07_03_02_03	The order_start Keyword	5d93599b1d34f0232bb51af16ab8b3217450c9447deb44ad260ea6ebbc4adb35	open	missing:q35_ring3_base_definitions_clause_witness	Add an exact Q35 Ring 3 witness for this clause and close its parent only after all clauses close.
basedefs/V1_chap07.html	tag_07_03_02_04	Collation Order	5d93599b1d34f0232bb51af16ab8b3217450c9447deb44ad260ea6ebbc4adb35	open	missing:q35_ring3_base_definitions_clause_witness	Add an exact Q35 Ring 3 witness for this clause and close its parent only after all clauses close.
basedefs/V1_chap07.html	tag_07_03_02_05	The order_end Keyword	5d93599b1d34f0232bb51af16ab8b3217450c9447deb44ad260ea6ebbc4adb35	open	missing:q35_ring3_base_definitions_clause_witness	Add an exact Q35 Ring 3 witness for this clause and close its parent only after all clauses close.
basedefs/V1_chap07.html	tag_07_03_02_06	LC_COLLATE Category in the POSIX Locale	5d93599b1d34f0232bb51af16ab8b3217450c9447deb44ad260ea6ebbc4adb35	open	missing:q35_ring3_base_definitions_clause_witness	Add an exact Q35 Ring 3 witness for this clause and close its parent only after all clauses close.
basedefs/V1_chap07.html	tag_07_03_03	LC_MONETARY	5d93599b1d34f0232bb51af16ab8b3217450c9447deb44ad260ea6ebbc4adb35	open	missing:q35_ring3_base_definitions_clause_witness	Add an exact Q35 Ring 3 witness for this clause and close its parent only after all clauses close.
basedefs/V1_chap07.html	tag_07_03_03_01	LC_MONETARY Category in the POSIX Locale	5d93599b1d34f0232bb51af16ab8b3217450c9447deb44ad260ea6ebbc4adb35	open	missing:q35_ring3_base_definitions_clause_witness	Add an exact Q35 Ring 3 witness for this clause and close its parent only after all clauses close.
basedefs/V1_chap07.html	tag_07_03_04	LC_NUMERIC	5d93599b1d34f0232bb51af16ab8b3217450c9447deb44ad260ea6ebbc4adb35	open	missing:q35_ring3_base_definitions_clause_witness	Add an exact Q35 Ring 3 witness for this clause and close its parent only after all clauses close.
basedefs/V1_chap07.html	tag_07_03_04_01	LC_NUMERIC Category in the POSIX Locale	5d93599b1d34f0232bb51af16ab8b3217450c9447deb44ad260ea6ebbc4adb35	open	missing:q35_ring3_base_definitions_clause_witness	Add an exact Q35 Ring 3 witness for this clause and close its parent only after all clauses close.
basedefs/V1_chap07.html	tag_07_03_05	LC_TIME	5d93599b1d34f0232bb51af16ab8b3217450c9447deb44ad260ea6ebbc4adb35	open	missing:q35_ring3_base_definitions_clause_witness	Add an exact Q35 Ring 3 witness for this clause and close its parent only after all clauses close.
basedefs/V1_chap07.html	tag_07_03_05_01	LC_TIME Locale Definition	5d93599b1d34f0232bb51af16ab8b3217450c9447deb44ad260ea6ebbc4adb35	open	missing:q35_ring3_base_definitions_clause_witness	Add an exact Q35 Ring 3 witness for this clause and close its parent only after all clauses close.
basedefs/V1_chap07.html	tag_07_03_05_02	LC_TIME C-Language Access	5d93599b1d34f0232bb51af16ab8b3217450c9447deb44ad260ea6ebbc4adb35	open	missing:q35_ring3_base_definitions_clause_witness	Add an exact Q35 Ring 3 witness for this clause and close its parent only after all clauses close.
basedefs/V1_chap07.html	tag_07_03_05_03	LC_TIME Category in the POSIX Locale	5d93599b1d34f0232bb51af16ab8b3217450c9447deb44ad260ea6ebbc4adb35	open	missing:q35_ring3_base_definitions_clause_witness	Add an exact Q35 Ring 3 witness for this clause and close its parent only after all clauses close.
basedefs/V1_chap07.html	tag_07_03_06	LC_MESSAGES	5d93599b1d34f0232bb51af16ab8b3217450c9447deb44ad260ea6ebbc4adb35	open	missing:q35_ring3_base_definitions_clause_witness	Add an exact Q35 Ring 3 witness for this clause and close its parent only after all clauses close.
basedefs/V1_chap07.html	tag_07_03_06_01	LC_MESSAGES Category in the POSIX Locale	5d93599b1d34f0232bb51af16ab8b3217450c9447deb44ad260ea6ebbc4adb35	open	missing:q35_ring3_base_definitions_clause_witness	Add an exact Q35 Ring 3 witness for this clause and close its parent only after all clauses close.
basedefs/V1_chap07.html	tag_07_04	Locale Definition Grammar	5d93599b1d34f0232bb51af16ab8b3217450c9447deb44ad260ea6ebbc4adb35	open	missing:q35_ring3_base_definitions_clause_witness	Add an exact Q35 Ring 3 witness for this clause and close its parent only after all clauses close.
basedefs/V1_chap07.html	tag_07_04_01	Locale Lexical Conventions	5d93599b1d34f0232bb51af16ab8b3217450c9447deb44ad260ea6ebbc4adb35	open	missing:q35_ring3_base_definitions_clause_witness	Add an exact Q35 Ring 3 witness for this clause and close its parent only after all clauses close.
basedefs/V1_chap07.html	tag_07_04_02	Locale Grammar	5d93599b1d34f0232bb51af16ab8b3217450c9447deb44ad260ea6ebbc4adb35	open	missing:q35_ring3_base_definitions_clause_witness	Add an exact Q35 Ring 3 witness for this clause and close its parent only after all clauses close.
basedefs/V1_chap08.html	tag_08	Environment Variables	26cf0acfee2dc96a5465a569508f37a474d4ce718f50f8de3fe22e24042b77a3	open	missing:q35_ring3_base_definitions_clause_witness	Add an exact Q35 Ring 3 witness for this clause and close its parent only after all clauses close.
basedefs/V1_chap08.html	tag_08_01	Environment Variable Definition	26cf0acfee2dc96a5465a569508f37a474d4ce718f50f8de3fe22e24042b77a3	open	missing:q35_ring3_base_definitions_clause_witness	Add an exact Q35 Ring 3 witness for this clause and close its parent only after all clauses close.
basedefs/V1_chap08.html	tag_08_02	Internationalization Variables	26cf0acfee2dc96a5465a569508f37a474d4ce718f50f8de3fe22e24042b77a3	open	missing:q35_ring3_base_definitions_clause_witness	Add an exact Q35 Ring 3 witness for this clause and close its parent only after all clauses close.
basedefs/V1_chap08.html	tag_08_03	Other Environment Variables	26cf0acfee2dc96a5465a569508f37a474d4ce718f50f8de3fe22e24042b77a3	open	missing:q35_ring3_base_definitions_clause_witness	Add an exact Q35 Ring 3 witness for this clause and close its parent only after all clauses close.
basedefs/V1_chap09.html	tag_09	Regular Expressions	641093966b603f3c330497e253ec5c37c032bc4a90b88663fe0e0a18458d5c20	open	missing:q35_ring3_base_definitions_clause_witness	Add an exact Q35 Ring 3 witness for this clause and close its parent only after all clauses close.
basedefs/V1_chap09.html	tag_09_01	Regular Expression Definitions	641093966b603f3c330497e253ec5c37c032bc4a90b88663fe0e0a18458d5c20	open	missing:q35_ring3_base_definitions_clause_witness	Add an exact Q35 Ring 3 witness for this clause and close its parent only after all clauses close.
basedefs/V1_chap09.html	tag_09_01_01	entire regular expression	641093966b603f3c330497e253ec5c37c032bc4a90b88663fe0e0a18458d5c20	open	missing:q35_ring3_base_definitions_clause_witness	Add an exact Q35 Ring 3 witness for this clause and close its parent only after all clauses close.
basedefs/V1_chap09.html	tag_09_01_02	matched	641093966b603f3c330497e253ec5c37c032bc4a90b88663fe0e0a18458d5c20	open	missing:q35_ring3_base_definitions_clause_witness	Add an exact Q35 Ring 3 witness for this clause and close its parent only after all clauses close.
basedefs/V1_chap09.html	tag_09_01_03	BRE (ERE) matching a single character	641093966b603f3c330497e253ec5c37c032bc4a90b88663fe0e0a18458d5c20	open	missing:q35_ring3_base_definitions_clause_witness	Add an exact Q35 Ring 3 witness for this clause and close its parent only after all clauses close.
basedefs/V1_chap09.html	tag_09_01_04	BRE (ERE) matching multiple characters	641093966b603f3c330497e253ec5c37c032bc4a90b88663fe0e0a18458d5c20	open	missing:q35_ring3_base_definitions_clause_witness	Add an exact Q35 Ring 3 witness for this clause and close its parent only after all clauses close.
basedefs/V1_chap09.html	tag_09_01_05	invalid	641093966b603f3c330497e253ec5c37c032bc4a90b88663fe0e0a18458d5c20	open	missing:q35_ring3_base_definitions_clause_witness	Add an exact Q35 Ring 3 witness for this clause and close its parent only after all clauses close.
basedefs/V1_chap09.html	tag_09_02	Regular Expression General Requirements	641093966b603f3c330497e253ec5c37c032bc4a90b88663fe0e0a18458d5c20	open	missing:q35_ring3_base_definitions_clause_witness	Add an exact Q35 Ring 3 witness for this clause and close its parent only after all clauses close.
basedefs/V1_chap09.html	tag_09_03	Basic Regular Expressions	641093966b603f3c330497e253ec5c37c032bc4a90b88663fe0e0a18458d5c20	open	missing:q35_ring3_base_definitions_clause_witness	Add an exact Q35 Ring 3 witness for this clause and close its parent only after all clauses close.
basedefs/V1_chap09.html	tag_09_03_01	BREs Matching a Single Character or Collating Element	641093966b603f3c330497e253ec5c37c032bc4a90b88663fe0e0a18458d5c20	open	missing:q35_ring3_base_definitions_clause_witness	Add an exact Q35 Ring 3 witness for this clause and close its parent only after all clauses close.
basedefs/V1_chap09.html	tag_09_03_02	BRE Ordinary Characters	641093966b603f3c330497e253ec5c37c032bc4a90b88663fe0e0a18458d5c20	open	missing:q35_ring3_base_definitions_clause_witness	Add an exact Q35 Ring 3 witness for this clause and close its parent only after all clauses close.
basedefs/V1_chap09.html	tag_09_03_03	BRE Special Characters	641093966b603f3c330497e253ec5c37c032bc4a90b88663fe0e0a18458d5c20	open	missing:q35_ring3_base_definitions_clause_witness	Add an exact Q35 Ring 3 witness for this clause and close its parent only after all clauses close.
basedefs/V1_chap09.html	tag_09_03_04	Periods in BREs	641093966b603f3c330497e253ec5c37c032bc4a90b88663fe0e0a18458d5c20	open	missing:q35_ring3_base_definitions_clause_witness	Add an exact Q35 Ring 3 witness for this clause and close its parent only after all clauses close.
basedefs/V1_chap09.html	tag_09_03_05	RE Bracket Expression	641093966b603f3c330497e253ec5c37c032bc4a90b88663fe0e0a18458d5c20	open	missing:q35_ring3_base_definitions_clause_witness	Add an exact Q35 Ring 3 witness for this clause and close its parent only after all clauses close.
basedefs/V1_chap09.html	tag_09_03_06	BREs Matching Multiple Characters	641093966b603f3c330497e253ec5c37c032bc4a90b88663fe0e0a18458d5c20	open	missing:q35_ring3_base_definitions_clause_witness	Add an exact Q35 Ring 3 witness for this clause and close its parent only after all clauses close.
basedefs/V1_chap09.html	tag_09_03_07	BRE Precedence	641093966b603f3c330497e253ec5c37c032bc4a90b88663fe0e0a18458d5c20	open	missing:q35_ring3_base_definitions_clause_witness	Add an exact Q35 Ring 3 witness for this clause and close its parent only after all clauses close.
basedefs/V1_chap09.html	tag_09_03_08	BRE Expression Anchoring	641093966b603f3c330497e253ec5c37c032bc4a90b88663fe0e0a18458d5c20	open	missing:q35_ring3_base_definitions_clause_witness	Add an exact Q35 Ring 3 witness for this clause and close its parent only after all clauses close.
basedefs/V1_chap09.html	tag_09_04	Extended Regular Expressions	641093966b603f3c330497e253ec5c37c032bc4a90b88663fe0e0a18458d5c20	open	missing:q35_ring3_base_definitions_clause_witness	Add an exact Q35 Ring 3 witness for this clause and close its parent only after all clauses close.
basedefs/V1_chap09.html	tag_09_04_01	EREs Matching a Single Character or Collating Element	641093966b603f3c330497e253ec5c37c032bc4a90b88663fe0e0a18458d5c20	open	missing:q35_ring3_base_definitions_clause_witness	Add an exact Q35 Ring 3 witness for this clause and close its parent only after all clauses close.
basedefs/V1_chap09.html	tag_09_04_02	ERE Ordinary Characters	641093966b603f3c330497e253ec5c37c032bc4a90b88663fe0e0a18458d5c20	open	missing:q35_ring3_base_definitions_clause_witness	Add an exact Q35 Ring 3 witness for this clause and close its parent only after all clauses close.
basedefs/V1_chap09.html	tag_09_04_03	ERE Special Characters	641093966b603f3c330497e253ec5c37c032bc4a90b88663fe0e0a18458d5c20	open	missing:q35_ring3_base_definitions_clause_witness	Add an exact Q35 Ring 3 witness for this clause and close its parent only after all clauses close.
basedefs/V1_chap09.html	tag_09_04_04	Periods in EREs	641093966b603f3c330497e253ec5c37c032bc4a90b88663fe0e0a18458d5c20	open	missing:q35_ring3_base_definitions_clause_witness	Add an exact Q35 Ring 3 witness for this clause and close its parent only after all clauses close.
basedefs/V1_chap09.html	tag_09_04_05	ERE Bracket Expression	641093966b603f3c330497e253ec5c37c032bc4a90b88663fe0e0a18458d5c20	open	missing:q35_ring3_base_definitions_clause_witness	Add an exact Q35 Ring 3 witness for this clause and close its parent only after all clauses close.
basedefs/V1_chap09.html	tag_09_04_06	EREs Matching Multiple Characters	641093966b603f3c330497e253ec5c37c032bc4a90b88663fe0e0a18458d5c20	open	missing:q35_ring3_base_definitions_clause_witness	Add an exact Q35 Ring 3 witness for this clause and close its parent only after all clauses close.
basedefs/V1_chap09.html	tag_09_04_07	ERE Alternation	641093966b603f3c330497e253ec5c37c032bc4a90b88663fe0e0a18458d5c20	open	missing:q35_ring3_base_definitions_clause_witness	Add an exact Q35 Ring 3 witness for this clause and close its parent only after all clauses close.
basedefs/V1_chap09.html	tag_09_04_08	ERE Precedence	641093966b603f3c330497e253ec5c37c032bc4a90b88663fe0e0a18458d5c20	open	missing:q35_ring3_base_definitions_clause_witness	Add an exact Q35 Ring 3 witness for this clause and close its parent only after all clauses close.
basedefs/V1_chap09.html	tag_09_04_09	ERE Expression Anchoring	641093966b603f3c330497e253ec5c37c032bc4a90b88663fe0e0a18458d5c20	open	missing:q35_ring3_base_definitions_clause_witness	Add an exact Q35 Ring 3 witness for this clause and close its parent only after all clauses close.
basedefs/V1_chap09.html	tag_09_05	Regular Expression Grammar	641093966b603f3c330497e253ec5c37c032bc4a90b88663fe0e0a18458d5c20	open	missing:q35_ring3_base_definitions_clause_witness	Add an exact Q35 Ring 3 witness for this clause and close its parent only after all clauses close.
basedefs/V1_chap09.html	tag_09_05_01	BRE/ERE Grammar Lexical Conventions	641093966b603f3c330497e253ec5c37c032bc4a90b88663fe0e0a18458d5c20	open	missing:q35_ring3_base_definitions_clause_witness	Add an exact Q35 Ring 3 witness for this clause and close its parent only after all clauses close.
basedefs/V1_chap09.html	tag_09_05_02	RE and Bracket Expression Grammar	641093966b603f3c330497e253ec5c37c032bc4a90b88663fe0e0a18458d5c20	open	missing:q35_ring3_base_definitions_clause_witness	Add an exact Q35 Ring 3 witness for this clause and close its parent only after all clauses close.
basedefs/V1_chap09.html	tag_09_05_03	ERE Grammar	641093966b603f3c330497e253ec5c37c032bc4a90b88663fe0e0a18458d5c20	open	missing:q35_ring3_base_definitions_clause_witness	Add an exact Q35 Ring 3 witness for this clause and close its parent only after all clauses close.
basedefs/V1_chap10.html	tag_10	Directory Structure and Devices	e97acd8fc5a1e2a00adf8d3a2dca3cb66872c8230ced37e70e59188a9667deba	open	missing:q35_ring3_base_definitions_clause_witness	Add an exact Q35 Ring 3 witness for this clause and close its parent only after all clauses close.
basedefs/V1_chap10.html	tag_10_01	Directory Structure and Files	e97acd8fc5a1e2a00adf8d3a2dca3cb66872c8230ced37e70e59188a9667deba	open	missing:q35_ring3_base_definitions_clause_witness	Add an exact Q35 Ring 3 witness for this clause and close its parent only after all clauses close.
basedefs/V1_chap10.html	tag_10_02	Output Devices and Terminal Types	e97acd8fc5a1e2a00adf8d3a2dca3cb66872c8230ced37e70e59188a9667deba	open	missing:q35_ring3_base_definitions_clause_witness	Add an exact Q35 Ring 3 witness for this clause and close its parent only after all clauses close.
basedefs/V1_chap11.html	tag_11	General Terminal Interface	c7ed95d008bb0bedb17d51f4e09c51c6d2ef0a9ee83d357e4e2c519db15e6a15	open	missing:q35_ring3_base_definitions_clause_witness	Add an exact Q35 Ring 3 witness for this clause and close its parent only after all clauses close.
basedefs/V1_chap11.html	tag_11_01	Interface Characteristics	c7ed95d008bb0bedb17d51f4e09c51c6d2ef0a9ee83d357e4e2c519db15e6a15	open	missing:q35_ring3_base_definitions_clause_witness	Add an exact Q35 Ring 3 witness for this clause and close its parent only after all clauses close.
basedefs/V1_chap11.html	tag_11_01_01	Opening a Terminal Device File	c7ed95d008bb0bedb17d51f4e09c51c6d2ef0a9ee83d357e4e2c519db15e6a15	open	missing:q35_ring3_base_definitions_clause_witness	Add an exact Q35 Ring 3 witness for this clause and close its parent only after all clauses close.
basedefs/V1_chap11.html	tag_11_01_02	Process Groups	c7ed95d008bb0bedb17d51f4e09c51c6d2ef0a9ee83d357e4e2c519db15e6a15	open	missing:q35_ring3_base_definitions_clause_witness	Add an exact Q35 Ring 3 witness for this clause and close its parent only after all clauses close.
basedefs/V1_chap11.html	tag_11_01_03	The Controlling Terminal	c7ed95d008bb0bedb17d51f4e09c51c6d2ef0a9ee83d357e4e2c519db15e6a15	open	missing:q35_ring3_base_definitions_clause_witness	Add an exact Q35 Ring 3 witness for this clause and close its parent only after all clauses close.
basedefs/V1_chap11.html	tag_11_01_04	Terminal Access Control	c7ed95d008bb0bedb17d51f4e09c51c6d2ef0a9ee83d357e4e2c519db15e6a15	open	missing:q35_ring3_base_definitions_clause_witness	Add an exact Q35 Ring 3 witness for this clause and close its parent only after all clauses close.
basedefs/V1_chap11.html	tag_11_01_05	Input Processing and Reading Data	c7ed95d008bb0bedb17d51f4e09c51c6d2ef0a9ee83d357e4e2c519db15e6a15	open	missing:q35_ring3_base_definitions_clause_witness	Add an exact Q35 Ring 3 witness for this clause and close its parent only after all clauses close.
basedefs/V1_chap11.html	tag_11_01_06	Canonical Mode Input Processing	c7ed95d008bb0bedb17d51f4e09c51c6d2ef0a9ee83d357e4e2c519db15e6a15	open	missing:q35_ring3_base_definitions_clause_witness	Add an exact Q35 Ring 3 witness for this clause and close its parent only after all clauses close.
basedefs/V1_chap11.html	tag_11_01_07	Non-Canonical Mode Input Processing	c7ed95d008bb0bedb17d51f4e09c51c6d2ef0a9ee83d357e4e2c519db15e6a15	open	missing:q35_ring3_base_definitions_clause_witness	Add an exact Q35 Ring 3 witness for this clause and close its parent only after all clauses close.
basedefs/V1_chap11.html	tag_11_01_07_01	Case A: MIN>0, TIME>0	c7ed95d008bb0bedb17d51f4e09c51c6d2ef0a9ee83d357e4e2c519db15e6a15	open	missing:q35_ring3_base_definitions_clause_witness	Add an exact Q35 Ring 3 witness for this clause and close its parent only after all clauses close.
basedefs/V1_chap11.html	tag_11_01_07_02	Case B: MIN>0, TIME=0	c7ed95d008bb0bedb17d51f4e09c51c6d2ef0a9ee83d357e4e2c519db15e6a15	open	missing:q35_ring3_base_definitions_clause_witness	Add an exact Q35 Ring 3 witness for this clause and close its parent only after all clauses close.
basedefs/V1_chap11.html	tag_11_01_07_03	Case C: MIN=0, TIME>0	c7ed95d008bb0bedb17d51f4e09c51c6d2ef0a9ee83d357e4e2c519db15e6a15	open	missing:q35_ring3_base_definitions_clause_witness	Add an exact Q35 Ring 3 witness for this clause and close its parent only after all clauses close.
basedefs/V1_chap11.html	tag_11_01_07_04	Case D: MIN=0, TIME=0	c7ed95d008bb0bedb17d51f4e09c51c6d2ef0a9ee83d357e4e2c519db15e6a15	open	missing:q35_ring3_base_definitions_clause_witness	Add an exact Q35 Ring 3 witness for this clause and close its parent only after all clauses close.
basedefs/V1_chap11.html	tag_11_01_08	Writing Data and Output Processing	c7ed95d008bb0bedb17d51f4e09c51c6d2ef0a9ee83d357e4e2c519db15e6a15	open	missing:q35_ring3_base_definitions_clause_witness	Add an exact Q35 Ring 3 witness for this clause and close its parent only after all clauses close.
basedefs/V1_chap11.html	tag_11_01_09	Special Characters	c7ed95d008bb0bedb17d51f4e09c51c6d2ef0a9ee83d357e4e2c519db15e6a15	open	missing:q35_ring3_base_definitions_clause_witness	Add an exact Q35 Ring 3 witness for this clause and close its parent only after all clauses close.
basedefs/V1_chap11.html	tag_11_01_10	Modem Disconnect	c7ed95d008bb0bedb17d51f4e09c51c6d2ef0a9ee83d357e4e2c519db15e6a15	open	missing:q35_ring3_base_definitions_clause_witness	Add an exact Q35 Ring 3 witness for this clause and close its parent only after all clauses close.
basedefs/V1_chap11.html	tag_11_01_11	Closing a Terminal Device File	c7ed95d008bb0bedb17d51f4e09c51c6d2ef0a9ee83d357e4e2c519db15e6a15	open	missing:q35_ring3_base_definitions_clause_witness	Add an exact Q35 Ring 3 witness for this clause and close its parent only after all clauses close.
basedefs/V1_chap11.html	tag_11_02	Parameters that Can be Set	c7ed95d008bb0bedb17d51f4e09c51c6d2ef0a9ee83d357e4e2c519db15e6a15	open	missing:q35_ring3_base_definitions_clause_witness	Add an exact Q35 Ring 3 witness for this clause and close its parent only after all clauses close.
basedefs/V1_chap11.html	tag_11_02_01	The termios Structure	c7ed95d008bb0bedb17d51f4e09c51c6d2ef0a9ee83d357e4e2c519db15e6a15	open	missing:q35_ring3_base_definitions_clause_witness	Add an exact Q35 Ring 3 witness for this clause and close its parent only after all clauses close.
basedefs/V1_chap11.html	tag_11_02_02	Input Modes	c7ed95d008bb0bedb17d51f4e09c51c6d2ef0a9ee83d357e4e2c519db15e6a15	open	missing:q35_ring3_base_definitions_clause_witness	Add an exact Q35 Ring 3 witness for this clause and close its parent only after all clauses close.
basedefs/V1_chap11.html	tag_11_02_03	Output Modes	c7ed95d008bb0bedb17d51f4e09c51c6d2ef0a9ee83d357e4e2c519db15e6a15	open	missing:q35_ring3_base_definitions_clause_witness	Add an exact Q35 Ring 3 witness for this clause and close its parent only after all clauses close.
basedefs/V1_chap11.html	tag_11_02_04	Control Modes	c7ed95d008bb0bedb17d51f4e09c51c6d2ef0a9ee83d357e4e2c519db15e6a15	open	missing:q35_ring3_base_definitions_clause_witness	Add an exact Q35 Ring 3 witness for this clause and close its parent only after all clauses close.
basedefs/V1_chap11.html	tag_11_02_05	Local Modes	c7ed95d008bb0bedb17d51f4e09c51c6d2ef0a9ee83d357e4e2c519db15e6a15	open	missing:q35_ring3_base_definitions_clause_witness	Add an exact Q35 Ring 3 witness for this clause and close its parent only after all clauses close.
basedefs/V1_chap11.html	tag_11_02_06	Special Control Characters	c7ed95d008bb0bedb17d51f4e09c51c6d2ef0a9ee83d357e4e2c519db15e6a15	open	missing:q35_ring3_base_definitions_clause_witness	Add an exact Q35 Ring 3 witness for this clause and close its parent only after all clauses close.
basedefs/V1_chap12.html	tag_12	Utility Conventions	6b4c84d727eec4ee5460e1c7e11981f6fa1a4e5bcd4766438175f067e483b2c4	open	missing:q35_ring3_base_definitions_clause_witness	Add an exact Q35 Ring 3 witness for this clause and close its parent only after all clauses close.
basedefs/V1_chap12.html	tag_12_01	Utility Argument Syntax	6b4c84d727eec4ee5460e1c7e11981f6fa1a4e5bcd4766438175f067e483b2c4	open	missing:q35_ring3_base_definitions_clause_witness	Add an exact Q35 Ring 3 witness for this clause and close its parent only after all clauses close.
basedefs/V1_chap12.html	tag_12_02	Utility Syntax Guidelines	6b4c84d727eec4ee5460e1c7e11981f6fa1a4e5bcd4766438175f067e483b2c4	open	missing:q35_ring3_base_definitions_clause_witness	Add an exact Q35 Ring 3 witness for this clause and close its parent only after all clauses close.
basedefs/V1_chap13.html	tag_13	Headers	a43ea259e67ca785f9a40ada3adc7f28fb9349a49e465001e3f18406ba1aa443	open	missing:q35_ring3_base_definitions_clause_witness	Add an exact Q35 Ring 3 witness for this clause and close its parent only after all clauses close.
basedefs/V1_chap13.html	tag_13_00_00_01	Format of Entries	a43ea259e67ca785f9a40ada3adc7f28fb9349a49e465001e3f18406ba1aa443	open	missing:q35_ring3_base_definitions_clause_witness	Add an exact Q35 Ring 3 witness for this clause and close its parent only after all clauses close.
basedefs/aio.h.html	tag_13_01_01	NAME	aae77ec986ba903d85a7f667ccb6c41ced3837c13881ed711120fd9caa7b5184	open	missing:q35_ring3_base_definitions_clause_witness	Add an exact Q35 Ring 3 witness for this clause and close its parent only after all clauses close.
basedefs/aio.h.html	tag_13_01_02	SYNOPSIS	aae77ec986ba903d85a7f667ccb6c41ced3837c13881ed711120fd9caa7b5184	open	missing:q35_ring3_base_definitions_clause_witness	Add an exact Q35 Ring 3 witness for this clause and close its parent only after all clauses close.
basedefs/aio.h.html	tag_13_01_03	DESCRIPTION	aae77ec986ba903d85a7f667ccb6c41ced3837c13881ed711120fd9caa7b5184	open	missing:q35_ring3_base_definitions_clause_witness	Add an exact Q35 Ring 3 witness for this clause and close its parent only after all clauses close.
basedefs/aio.h.html	tag_13_01_04	APPLICATION USAGE	aae77ec986ba903d85a7f667ccb6c41ced3837c13881ed711120fd9caa7b5184	open	missing:q35_ring3_base_definitions_clause_witness	Add an exact Q35 Ring 3 witness for this clause and close its parent only after all clauses close.
basedefs/aio.h.html	tag_13_01_05	RATIONALE	aae77ec986ba903d85a7f667ccb6c41ced3837c13881ed711120fd9caa7b5184	open	missing:q35_ring3_base_definitions_clause_witness	Add an exact Q35 Ring 3 witness for this clause and close its parent only after all clauses close.
basedefs/aio.h.html	tag_13_01_06	FUTURE DIRECTIONS	aae77ec986ba903d85a7f667ccb6c41ced3837c13881ed711120fd9caa7b5184	open	missing:q35_ring3_base_definitions_clause_witness	Add an exact Q35 Ring 3 witness for this clause and close its parent only after all clauses close.
basedefs/aio.h.html	tag_13_01_07	SEE ALSO	aae77ec986ba903d85a7f667ccb6c41ced3837c13881ed711120fd9caa7b5184	open	missing:q35_ring3_base_definitions_clause_witness	Add an exact Q35 Ring 3 witness for this clause and close its parent only after all clauses close.
basedefs/aio.h.html	tag_13_01_08	CHANGE HISTORY	aae77ec986ba903d85a7f667ccb6c41ced3837c13881ed711120fd9caa7b5184	open	missing:q35_ring3_base_definitions_clause_witness	Add an exact Q35 Ring 3 witness for this clause and close its parent only after all clauses close.
basedefs/aio.h.html	tag_13_01_09	Issue 6	aae77ec986ba903d85a7f667ccb6c41ced3837c13881ed711120fd9caa7b5184	open	missing:q35_ring3_base_definitions_clause_witness	Add an exact Q35 Ring 3 witness for this clause and close its parent only after all clauses close.
basedefs/aio.h.html	tag_13_01_10	Issue 7	aae77ec986ba903d85a7f667ccb6c41ced3837c13881ed711120fd9caa7b5184	open	missing:q35_ring3_base_definitions_clause_witness	Add an exact Q35 Ring 3 witness for this clause and close its parent only after all clauses close.
basedefs/arpa_inet.h.html	tag_13_02_01	NAME	c268cc4d2be62ce480a3dad449a854ee8ac945b15811721283918b5b89ae22c7	open	missing:q35_ring3_base_definitions_clause_witness	Add an exact Q35 Ring 3 witness for this clause and close its parent only after all clauses close.
basedefs/arpa_inet.h.html	tag_13_02_02	SYNOPSIS	c268cc4d2be62ce480a3dad449a854ee8ac945b15811721283918b5b89ae22c7	open	missing:q35_ring3_base_definitions_clause_witness	Add an exact Q35 Ring 3 witness for this clause and close its parent only after all clauses close.
basedefs/arpa_inet.h.html	tag_13_02_03	DESCRIPTION	c268cc4d2be62ce480a3dad449a854ee8ac945b15811721283918b5b89ae22c7	open	missing:q35_ring3_base_definitions_clause_witness	Add an exact Q35 Ring 3 witness for this clause and close its parent only after all clauses close.
basedefs/arpa_inet.h.html	tag_13_02_04	APPLICATION USAGE	c268cc4d2be62ce480a3dad449a854ee8ac945b15811721283918b5b89ae22c7	open	missing:q35_ring3_base_definitions_clause_witness	Add an exact Q35 Ring 3 witness for this clause and close its parent only after all clauses close.
basedefs/arpa_inet.h.html	tag_13_02_05	RATIONALE	c268cc4d2be62ce480a3dad449a854ee8ac945b15811721283918b5b89ae22c7	open	missing:q35_ring3_base_definitions_clause_witness	Add an exact Q35 Ring 3 witness for this clause and close its parent only after all clauses close.
basedefs/arpa_inet.h.html	tag_13_02_06	FUTURE DIRECTIONS	c268cc4d2be62ce480a3dad449a854ee8ac945b15811721283918b5b89ae22c7	open	missing:q35_ring3_base_definitions_clause_witness	Add an exact Q35 Ring 3 witness for this clause and close its parent only after all clauses close.
basedefs/arpa_inet.h.html	tag_13_02_07	SEE ALSO	c268cc4d2be62ce480a3dad449a854ee8ac945b15811721283918b5b89ae22c7	open	missing:q35_ring3_base_definitions_clause_witness	Add an exact Q35 Ring 3 witness for this clause and close its parent only after all clauses close.
basedefs/arpa_inet.h.html	tag_13_02_08	CHANGE HISTORY	c268cc4d2be62ce480a3dad449a854ee8ac945b15811721283918b5b89ae22c7	open	missing:q35_ring3_base_definitions_clause_witness	Add an exact Q35 Ring 3 witness for this clause and close its parent only after all clauses close.
basedefs/arpa_inet.h.html	tag_13_02_09	Issue 7	c268cc4d2be62ce480a3dad449a854ee8ac945b15811721283918b5b89ae22c7	open	missing:q35_ring3_base_definitions_clause_witness	Add an exact Q35 Ring 3 witness for this clause and close its parent only after all clauses close.
basedefs/assert.h.html	tag_13_03_01	NAME	53492c60a13aa5dd4c83e9587fc18b33c4cb8bab4e159807ba799c4f6ff0c4d7	open	missing:q35_ring3_base_definitions_clause_witness	Add an exact Q35 Ring 3 witness for this clause and close its parent only after all clauses close.
basedefs/assert.h.html	tag_13_03_02	SYNOPSIS	53492c60a13aa5dd4c83e9587fc18b33c4cb8bab4e159807ba799c4f6ff0c4d7	open	missing:q35_ring3_base_definitions_clause_witness	Add an exact Q35 Ring 3 witness for this clause and close its parent only after all clauses close.
basedefs/assert.h.html	tag_13_03_03	DESCRIPTION	53492c60a13aa5dd4c83e9587fc18b33c4cb8bab4e159807ba799c4f6ff0c4d7	open	missing:q35_ring3_base_definitions_clause_witness	Add an exact Q35 Ring 3 witness for this clause and close its parent only after all clauses close.
basedefs/assert.h.html	tag_13_03_04	APPLICATION USAGE	53492c60a13aa5dd4c83e9587fc18b33c4cb8bab4e159807ba799c4f6ff0c4d7	open	missing:q35_ring3_base_definitions_clause_witness	Add an exact Q35 Ring 3 witness for this clause and close its parent only after all clauses close.
basedefs/assert.h.html	tag_13_03_05	RATIONALE	53492c60a13aa5dd4c83e9587fc18b33c4cb8bab4e159807ba799c4f6ff0c4d7	open	missing:q35_ring3_base_definitions_clause_witness	Add an exact Q35 Ring 3 witness for this clause and close its parent only after all clauses close.
basedefs/assert.h.html	tag_13_03_06	FUTURE DIRECTIONS	53492c60a13aa5dd4c83e9587fc18b33c4cb8bab4e159807ba799c4f6ff0c4d7	open	missing:q35_ring3_base_definitions_clause_witness	Add an exact Q35 Ring 3 witness for this clause and close its parent only after all clauses close.
basedefs/assert.h.html	tag_13_03_07	SEE ALSO	53492c60a13aa5dd4c83e9587fc18b33c4cb8bab4e159807ba799c4f6ff0c4d7	open	missing:q35_ring3_base_definitions_clause_witness	Add an exact Q35 Ring 3 witness for this clause and close its parent only after all clauses close.
basedefs/assert.h.html	tag_13_03_08	CHANGE HISTORY	53492c60a13aa5dd4c83e9587fc18b33c4cb8bab4e159807ba799c4f6ff0c4d7	open	missing:q35_ring3_base_definitions_clause_witness	Add an exact Q35 Ring 3 witness for this clause and close its parent only after all clauses close.
basedefs/assert.h.html	tag_13_03_09	Issue 6	53492c60a13aa5dd4c83e9587fc18b33c4cb8bab4e159807ba799c4f6ff0c4d7	open	missing:q35_ring3_base_definitions_clause_witness	Add an exact Q35 Ring 3 witness for this clause and close its parent only after all clauses close.
basedefs/complex.h.html	tag_13_04_01	NAME	4ebb746912ab624b0fe88d90bf18c39e7de191c3baa7f0e3af289d867b69e67c	open	missing:q35_ring3_base_definitions_clause_witness	Add an exact Q35 Ring 3 witness for this clause and close its parent only after all clauses close.
basedefs/complex.h.html	tag_13_04_02	SYNOPSIS	4ebb746912ab624b0fe88d90bf18c39e7de191c3baa7f0e3af289d867b69e67c	open	missing:q35_ring3_base_definitions_clause_witness	Add an exact Q35 Ring 3 witness for this clause and close its parent only after all clauses close.
basedefs/complex.h.html	tag_13_04_03	DESCRIPTION	4ebb746912ab624b0fe88d90bf18c39e7de191c3baa7f0e3af289d867b69e67c	open	missing:q35_ring3_base_definitions_clause_witness	Add an exact Q35 Ring 3 witness for this clause and close its parent only after all clauses close.
basedefs/complex.h.html	tag_13_04_04	APPLICATION USAGE	4ebb746912ab624b0fe88d90bf18c39e7de191c3baa7f0e3af289d867b69e67c	open	missing:q35_ring3_base_definitions_clause_witness	Add an exact Q35 Ring 3 witness for this clause and close its parent only after all clauses close.
basedefs/complex.h.html	tag_13_04_05	RATIONALE	4ebb746912ab624b0fe88d90bf18c39e7de191c3baa7f0e3af289d867b69e67c	open	missing:q35_ring3_base_definitions_clause_witness	Add an exact Q35 Ring 3 witness for this clause and close its parent only after all clauses close.
basedefs/complex.h.html	tag_13_04_06	FUTURE DIRECTIONS	4ebb746912ab624b0fe88d90bf18c39e7de191c3baa7f0e3af289d867b69e67c	open	missing:q35_ring3_base_definitions_clause_witness	Add an exact Q35 Ring 3 witness for this clause and close its parent only after all clauses close.
basedefs/complex.h.html	tag_13_04_07	SEE ALSO	4ebb746912ab624b0fe88d90bf18c39e7de191c3baa7f0e3af289d867b69e67c	open	missing:q35_ring3_base_definitions_clause_witness	Add an exact Q35 Ring 3 witness for this clause and close its parent only after all clauses close.
basedefs/complex.h.html	tag_13_04_08	CHANGE HISTORY	4ebb746912ab624b0fe88d90bf18c39e7de191c3baa7f0e3af289d867b69e67c	open	missing:q35_ring3_base_definitions_clause_witness	Add an exact Q35 Ring 3 witness for this clause and close its parent only after all clauses close.
basedefs/cpio.h.html	tag_13_05_01	NAME	ff5961a32b39fc607591b10f3268c12d13a9e7195918a536a5aedb06324741ea	open	missing:q35_ring3_base_definitions_clause_witness	Add an exact Q35 Ring 3 witness for this clause and close its parent only after all clauses close.
basedefs/cpio.h.html	tag_13_05_02	SYNOPSIS	ff5961a32b39fc607591b10f3268c12d13a9e7195918a536a5aedb06324741ea	open	missing:q35_ring3_base_definitions_clause_witness	Add an exact Q35 Ring 3 witness for this clause and close its parent only after all clauses close.
basedefs/cpio.h.html	tag_13_05_03	DESCRIPTION	ff5961a32b39fc607591b10f3268c12d13a9e7195918a536a5aedb06324741ea	open	missing:q35_ring3_base_definitions_clause_witness	Add an exact Q35 Ring 3 witness for this clause and close its parent only after all clauses close.
basedefs/cpio.h.html	tag_13_05_04	APPLICATION USAGE	ff5961a32b39fc607591b10f3268c12d13a9e7195918a536a5aedb06324741ea	open	missing:q35_ring3_base_definitions_clause_witness	Add an exact Q35 Ring 3 witness for this clause and close its parent only after all clauses close.
basedefs/cpio.h.html	tag_13_05_05	RATIONALE	ff5961a32b39fc607591b10f3268c12d13a9e7195918a536a5aedb06324741ea	open	missing:q35_ring3_base_definitions_clause_witness	Add an exact Q35 Ring 3 witness for this clause and close its parent only after all clauses close.
basedefs/cpio.h.html	tag_13_05_06	FUTURE DIRECTIONS	ff5961a32b39fc607591b10f3268c12d13a9e7195918a536a5aedb06324741ea	open	missing:q35_ring3_base_definitions_clause_witness	Add an exact Q35 Ring 3 witness for this clause and close its parent only after all clauses close.
basedefs/cpio.h.html	tag_13_05_07	SEE ALSO	ff5961a32b39fc607591b10f3268c12d13a9e7195918a536a5aedb06324741ea	open	missing:q35_ring3_base_definitions_clause_witness	Add an exact Q35 Ring 3 witness for this clause and close its parent only after all clauses close.
basedefs/cpio.h.html	tag_13_05_08	CHANGE HISTORY	ff5961a32b39fc607591b10f3268c12d13a9e7195918a536a5aedb06324741ea	open	missing:q35_ring3_base_definitions_clause_witness	Add an exact Q35 Ring 3 witness for this clause and close its parent only after all clauses close.
basedefs/cpio.h.html	tag_13_05_09	Issue 6	ff5961a32b39fc607591b10f3268c12d13a9e7195918a536a5aedb06324741ea	open	missing:q35_ring3_base_definitions_clause_witness	Add an exact Q35 Ring 3 witness for this clause and close its parent only after all clauses close.
basedefs/cpio.h.html	tag_13_05_10	Issue 7	ff5961a32b39fc607591b10f3268c12d13a9e7195918a536a5aedb06324741ea	open	missing:q35_ring3_base_definitions_clause_witness	Add an exact Q35 Ring 3 witness for this clause and close its parent only after all clauses close.
basedefs/ctype.h.html	tag_13_06_01	NAME	1ce6b713ffa1a480f2be59ff0af56a9d6d2057b53aa38bd388235ff12d2f223d	open	missing:q35_ring3_base_definitions_clause_witness	Add an exact Q35 Ring 3 witness for this clause and close its parent only after all clauses close.
basedefs/ctype.h.html	tag_13_06_02	SYNOPSIS	1ce6b713ffa1a480f2be59ff0af56a9d6d2057b53aa38bd388235ff12d2f223d	open	missing:q35_ring3_base_definitions_clause_witness	Add an exact Q35 Ring 3 witness for this clause and close its parent only after all clauses close.
basedefs/ctype.h.html	tag_13_06_03	DESCRIPTION	1ce6b713ffa1a480f2be59ff0af56a9d6d2057b53aa38bd388235ff12d2f223d	open	missing:q35_ring3_base_definitions_clause_witness	Add an exact Q35 Ring 3 witness for this clause and close its parent only after all clauses close.
basedefs/ctype.h.html	tag_13_06_04	APPLICATION USAGE	1ce6b713ffa1a480f2be59ff0af56a9d6d2057b53aa38bd388235ff12d2f223d	open	missing:q35_ring3_base_definitions_clause_witness	Add an exact Q35 Ring 3 witness for this clause and close its parent only after all clauses close.
basedefs/ctype.h.html	tag_13_06_05	RATIONALE	1ce6b713ffa1a480f2be59ff0af56a9d6d2057b53aa38bd388235ff12d2f223d	open	missing:q35_ring3_base_definitions_clause_witness	Add an exact Q35 Ring 3 witness for this clause and close its parent only after all clauses close.
basedefs/ctype.h.html	tag_13_06_06	FUTURE DIRECTIONS	1ce6b713ffa1a480f2be59ff0af56a9d6d2057b53aa38bd388235ff12d2f223d	open	missing:q35_ring3_base_definitions_clause_witness	Add an exact Q35 Ring 3 witness for this clause and close its parent only after all clauses close.
basedefs/ctype.h.html	tag_13_06_07	SEE ALSO	1ce6b713ffa1a480f2be59ff0af56a9d6d2057b53aa38bd388235ff12d2f223d	open	missing:q35_ring3_base_definitions_clause_witness	Add an exact Q35 Ring 3 witness for this clause and close its parent only after all clauses close.
basedefs/ctype.h.html	tag_13_06_08	CHANGE HISTORY	1ce6b713ffa1a480f2be59ff0af56a9d6d2057b53aa38bd388235ff12d2f223d	open	missing:q35_ring3_base_definitions_clause_witness	Add an exact Q35 Ring 3 witness for this clause and close its parent only after all clauses close.
basedefs/ctype.h.html	tag_13_06_09	Issue 6	1ce6b713ffa1a480f2be59ff0af56a9d6d2057b53aa38bd388235ff12d2f223d	open	missing:q35_ring3_base_definitions_clause_witness	Add an exact Q35 Ring 3 witness for this clause and close its parent only after all clauses close.
basedefs/ctype.h.html	tag_13_06_10	Issue 7	1ce6b713ffa1a480f2be59ff0af56a9d6d2057b53aa38bd388235ff12d2f223d	open	missing:q35_ring3_base_definitions_clause_witness	Add an exact Q35 Ring 3 witness for this clause and close its parent only after all clauses close.
basedefs/dirent.h.html	tag_13_07_01	NAME	cc19e3c6b248935c1da64e5425d4d3a4299f39777556965de5e5777de81a491c	open	missing:q35_ring3_base_definitions_clause_witness	Add an exact Q35 Ring 3 witness for this clause and close its parent only after all clauses close.
basedefs/dirent.h.html	tag_13_07_02	SYNOPSIS	cc19e3c6b248935c1da64e5425d4d3a4299f39777556965de5e5777de81a491c	open	missing:q35_ring3_base_definitions_clause_witness	Add an exact Q35 Ring 3 witness for this clause and close its parent only after all clauses close.
basedefs/dirent.h.html	tag_13_07_03	DESCRIPTION	cc19e3c6b248935c1da64e5425d4d3a4299f39777556965de5e5777de81a491c	open	missing:q35_ring3_base_definitions_clause_witness	Add an exact Q35 Ring 3 witness for this clause and close its parent only after all clauses close.
basedefs/dirent.h.html	tag_13_07_04	APPLICATION USAGE	cc19e3c6b248935c1da64e5425d4d3a4299f39777556965de5e5777de81a491c	open	missing:q35_ring3_base_definitions_clause_witness	Add an exact Q35 Ring 3 witness for this clause and close its parent only after all clauses close.
basedefs/dirent.h.html	tag_13_07_05	RATIONALE	cc19e3c6b248935c1da64e5425d4d3a4299f39777556965de5e5777de81a491c	open	missing:q35_ring3_base_definitions_clause_witness	Add an exact Q35 Ring 3 witness for this clause and close its parent only after all clauses close.
basedefs/dirent.h.html	tag_13_07_06	FUTURE DIRECTIONS	cc19e3c6b248935c1da64e5425d4d3a4299f39777556965de5e5777de81a491c	open	missing:q35_ring3_base_definitions_clause_witness	Add an exact Q35 Ring 3 witness for this clause and close its parent only after all clauses close.
basedefs/dirent.h.html	tag_13_07_07	SEE ALSO	cc19e3c6b248935c1da64e5425d4d3a4299f39777556965de5e5777de81a491c	open	missing:q35_ring3_base_definitions_clause_witness	Add an exact Q35 Ring 3 witness for this clause and close its parent only after all clauses close.
basedefs/dirent.h.html	tag_13_07_08	CHANGE HISTORY	cc19e3c6b248935c1da64e5425d4d3a4299f39777556965de5e5777de81a491c	open	missing:q35_ring3_base_definitions_clause_witness	Add an exact Q35 Ring 3 witness for this clause and close its parent only after all clauses close.
basedefs/dirent.h.html	tag_13_07_09	Issue 5	cc19e3c6b248935c1da64e5425d4d3a4299f39777556965de5e5777de81a491c	open	missing:q35_ring3_base_definitions_clause_witness	Add an exact Q35 Ring 3 witness for this clause and close its parent only after all clauses close.
basedefs/dirent.h.html	tag_13_07_10	Issue 6	cc19e3c6b248935c1da64e5425d4d3a4299f39777556965de5e5777de81a491c	open	missing:q35_ring3_base_definitions_clause_witness	Add an exact Q35 Ring 3 witness for this clause and close its parent only after all clauses close.
basedefs/dirent.h.html	tag_13_07_11	Issue 7	cc19e3c6b248935c1da64e5425d4d3a4299f39777556965de5e5777de81a491c	open	missing:q35_ring3_base_definitions_clause_witness	Add an exact Q35 Ring 3 witness for this clause and close its parent only after all clauses close.
basedefs/dlfcn.h.html	tag_13_08_01	NAME	48e398210e31e87744f40699e310d72c1105f9be38911414c33da9a5a55c7b27	open	missing:q35_ring3_base_definitions_clause_witness	Add an exact Q35 Ring 3 witness for this clause and close its parent only after all clauses close.
basedefs/dlfcn.h.html	tag_13_08_02	SYNOPSIS	48e398210e31e87744f40699e310d72c1105f9be38911414c33da9a5a55c7b27	open	missing:q35_ring3_base_definitions_clause_witness	Add an exact Q35 Ring 3 witness for this clause and close its parent only after all clauses close.
basedefs/dlfcn.h.html	tag_13_08_03	DESCRIPTION	48e398210e31e87744f40699e310d72c1105f9be38911414c33da9a5a55c7b27	open	missing:q35_ring3_base_definitions_clause_witness	Add an exact Q35 Ring 3 witness for this clause and close its parent only after all clauses close.
basedefs/dlfcn.h.html	tag_13_08_04	APPLICATION USAGE	48e398210e31e87744f40699e310d72c1105f9be38911414c33da9a5a55c7b27	open	missing:q35_ring3_base_definitions_clause_witness	Add an exact Q35 Ring 3 witness for this clause and close its parent only after all clauses close.
basedefs/dlfcn.h.html	tag_13_08_05	RATIONALE	48e398210e31e87744f40699e310d72c1105f9be38911414c33da9a5a55c7b27	open	missing:q35_ring3_base_definitions_clause_witness	Add an exact Q35 Ring 3 witness for this clause and close its parent only after all clauses close.
basedefs/dlfcn.h.html	tag_13_08_06	FUTURE DIRECTIONS	48e398210e31e87744f40699e310d72c1105f9be38911414c33da9a5a55c7b27	open	missing:q35_ring3_base_definitions_clause_witness	Add an exact Q35 Ring 3 witness for this clause and close its parent only after all clauses close.
basedefs/dlfcn.h.html	tag_13_08_07	SEE ALSO	48e398210e31e87744f40699e310d72c1105f9be38911414c33da9a5a55c7b27	open	missing:q35_ring3_base_definitions_clause_witness	Add an exact Q35 Ring 3 witness for this clause and close its parent only after all clauses close.
basedefs/dlfcn.h.html	tag_13_08_08	CHANGE HISTORY	48e398210e31e87744f40699e310d72c1105f9be38911414c33da9a5a55c7b27	open	missing:q35_ring3_base_definitions_clause_witness	Add an exact Q35 Ring 3 witness for this clause and close its parent only after all clauses close.
basedefs/dlfcn.h.html	tag_13_08_09	Issue 6	48e398210e31e87744f40699e310d72c1105f9be38911414c33da9a5a55c7b27	open	missing:q35_ring3_base_definitions_clause_witness	Add an exact Q35 Ring 3 witness for this clause and close its parent only after all clauses close.
basedefs/dlfcn.h.html	tag_13_08_10	Issue 7	48e398210e31e87744f40699e310d72c1105f9be38911414c33da9a5a55c7b27	open	missing:q35_ring3_base_definitions_clause_witness	Add an exact Q35 Ring 3 witness for this clause and close its parent only after all clauses close.
basedefs/errno.h.html	tag_13_09_01	NAME	af6e59b26fc4ef6e1fe65f54ffff4cc93cbd9942f3db14e402d9dc0500220848	open	missing:q35_ring3_base_definitions_clause_witness	Add an exact Q35 Ring 3 witness for this clause and close its parent only after all clauses close.
basedefs/errno.h.html	tag_13_09_02	SYNOPSIS	af6e59b26fc4ef6e1fe65f54ffff4cc93cbd9942f3db14e402d9dc0500220848	open	missing:q35_ring3_base_definitions_clause_witness	Add an exact Q35 Ring 3 witness for this clause and close its parent only after all clauses close.
basedefs/errno.h.html	tag_13_09_03	DESCRIPTION	af6e59b26fc4ef6e1fe65f54ffff4cc93cbd9942f3db14e402d9dc0500220848	open	missing:q35_ring3_base_definitions_clause_witness	Add an exact Q35 Ring 3 witness for this clause and close its parent only after all clauses close.
basedefs/errno.h.html	tag_13_09_04	APPLICATION USAGE	af6e59b26fc4ef6e1fe65f54ffff4cc93cbd9942f3db14e402d9dc0500220848	open	missing:q35_ring3_base_definitions_clause_witness	Add an exact Q35 Ring 3 witness for this clause and close its parent only after all clauses close.
basedefs/errno.h.html	tag_13_09_05	RATIONALE	af6e59b26fc4ef6e1fe65f54ffff4cc93cbd9942f3db14e402d9dc0500220848	open	missing:q35_ring3_base_definitions_clause_witness	Add an exact Q35 Ring 3 witness for this clause and close its parent only after all clauses close.
basedefs/errno.h.html	tag_13_09_06	FUTURE DIRECTIONS	af6e59b26fc4ef6e1fe65f54ffff4cc93cbd9942f3db14e402d9dc0500220848	open	missing:q35_ring3_base_definitions_clause_witness	Add an exact Q35 Ring 3 witness for this clause and close its parent only after all clauses close.
basedefs/errno.h.html	tag_13_09_07	SEE ALSO	af6e59b26fc4ef6e1fe65f54ffff4cc93cbd9942f3db14e402d9dc0500220848	open	missing:q35_ring3_base_definitions_clause_witness	Add an exact Q35 Ring 3 witness for this clause and close its parent only after all clauses close.
basedefs/errno.h.html	tag_13_09_08	CHANGE HISTORY	af6e59b26fc4ef6e1fe65f54ffff4cc93cbd9942f3db14e402d9dc0500220848	open	missing:q35_ring3_base_definitions_clause_witness	Add an exact Q35 Ring 3 witness for this clause and close its parent only after all clauses close.
basedefs/errno.h.html	tag_13_09_09	Issue 5	af6e59b26fc4ef6e1fe65f54ffff4cc93cbd9942f3db14e402d9dc0500220848	open	missing:q35_ring3_base_definitions_clause_witness	Add an exact Q35 Ring 3 witness for this clause and close its parent only after all clauses close.
basedefs/errno.h.html	tag_13_09_10	Issue 6	af6e59b26fc4ef6e1fe65f54ffff4cc93cbd9942f3db14e402d9dc0500220848	open	missing:q35_ring3_base_definitions_clause_witness	Add an exact Q35 Ring 3 witness for this clause and close its parent only after all clauses close.
basedefs/errno.h.html	tag_13_09_11	Issue 7	af6e59b26fc4ef6e1fe65f54ffff4cc93cbd9942f3db14e402d9dc0500220848	open	missing:q35_ring3_base_definitions_clause_witness	Add an exact Q35 Ring 3 witness for this clause and close its parent only after all clauses close.
basedefs/fcntl.h.html	tag_13_10_01	NAME	ffd6d1968a506c1a013f0e0bc1d38b1b86466633bbd351f74ed9b1fee2c96eaf	open	missing:q35_ring3_base_definitions_clause_witness	Add an exact Q35 Ring 3 witness for this clause and close its parent only after all clauses close.
basedefs/fcntl.h.html	tag_13_10_02	SYNOPSIS	ffd6d1968a506c1a013f0e0bc1d38b1b86466633bbd351f74ed9b1fee2c96eaf	open	missing:q35_ring3_base_definitions_clause_witness	Add an exact Q35 Ring 3 witness for this clause and close its parent only after all clauses close.
basedefs/fcntl.h.html	tag_13_10_03	DESCRIPTION	ffd6d1968a506c1a013f0e0bc1d38b1b86466633bbd351f74ed9b1fee2c96eaf	open	missing:q35_ring3_base_definitions_clause_witness	Add an exact Q35 Ring 3 witness for this clause and close its parent only after all clauses close.
basedefs/fcntl.h.html	tag_13_10_04	APPLICATION USAGE	ffd6d1968a506c1a013f0e0bc1d38b1b86466633bbd351f74ed9b1fee2c96eaf	open	missing:q35_ring3_base_definitions_clause_witness	Add an exact Q35 Ring 3 witness for this clause and close its parent only after all clauses close.
basedefs/fcntl.h.html	tag_13_10_05	RATIONALE	ffd6d1968a506c1a013f0e0bc1d38b1b86466633bbd351f74ed9b1fee2c96eaf	open	missing:q35_ring3_base_definitions_clause_witness	Add an exact Q35 Ring 3 witness for this clause and close its parent only after all clauses close.
basedefs/fcntl.h.html	tag_13_10_06	FUTURE DIRECTIONS	ffd6d1968a506c1a013f0e0bc1d38b1b86466633bbd351f74ed9b1fee2c96eaf	open	missing:q35_ring3_base_definitions_clause_witness	Add an exact Q35 Ring 3 witness for this clause and close its parent only after all clauses close.
basedefs/fcntl.h.html	tag_13_10_07	SEE ALSO	ffd6d1968a506c1a013f0e0bc1d38b1b86466633bbd351f74ed9b1fee2c96eaf	open	missing:q35_ring3_base_definitions_clause_witness	Add an exact Q35 Ring 3 witness for this clause and close its parent only after all clauses close.
basedefs/fcntl.h.html	tag_13_10_08	CHANGE HISTORY	ffd6d1968a506c1a013f0e0bc1d38b1b86466633bbd351f74ed9b1fee2c96eaf	open	missing:q35_ring3_base_definitions_clause_witness	Add an exact Q35 Ring 3 witness for this clause and close its parent only after all clauses close.
basedefs/fcntl.h.html	tag_13_10_09	Issue 5	ffd6d1968a506c1a013f0e0bc1d38b1b86466633bbd351f74ed9b1fee2c96eaf	open	missing:q35_ring3_base_definitions_clause_witness	Add an exact Q35 Ring 3 witness for this clause and close its parent only after all clauses close.
basedefs/fcntl.h.html	tag_13_10_10	Issue 6	ffd6d1968a506c1a013f0e0bc1d38b1b86466633bbd351f74ed9b1fee2c96eaf	open	missing:q35_ring3_base_definitions_clause_witness	Add an exact Q35 Ring 3 witness for this clause and close its parent only after all clauses close.
basedefs/fcntl.h.html	tag_13_10_11	Issue 7	ffd6d1968a506c1a013f0e0bc1d38b1b86466633bbd351f74ed9b1fee2c96eaf	open	missing:q35_ring3_base_definitions_clause_witness	Add an exact Q35 Ring 3 witness for this clause and close its parent only after all clauses close.
basedefs/fenv.h.html	tag_13_11_01	NAME	f89ce22b33336eae905f9b8aa535668396897d7d465785f353ce58298e2e925f	open	missing:q35_ring3_base_definitions_clause_witness	Add an exact Q35 Ring 3 witness for this clause and close its parent only after all clauses close.
basedefs/fenv.h.html	tag_13_11_02	SYNOPSIS	f89ce22b33336eae905f9b8aa535668396897d7d465785f353ce58298e2e925f	open	missing:q35_ring3_base_definitions_clause_witness	Add an exact Q35 Ring 3 witness for this clause and close its parent only after all clauses close.
basedefs/fenv.h.html	tag_13_11_03	DESCRIPTION	f89ce22b33336eae905f9b8aa535668396897d7d465785f353ce58298e2e925f	open	missing:q35_ring3_base_definitions_clause_witness	Add an exact Q35 Ring 3 witness for this clause and close its parent only after all clauses close.
basedefs/fenv.h.html	tag_13_11_04	APPLICATION USAGE	f89ce22b33336eae905f9b8aa535668396897d7d465785f353ce58298e2e925f	open	missing:q35_ring3_base_definitions_clause_witness	Add an exact Q35 Ring 3 witness for this clause and close its parent only after all clauses close.
basedefs/fenv.h.html	tag_13_11_05	RATIONALE	f89ce22b33336eae905f9b8aa535668396897d7d465785f353ce58298e2e925f	open	missing:q35_ring3_base_definitions_clause_witness	Add an exact Q35 Ring 3 witness for this clause and close its parent only after all clauses close.
basedefs/fenv.h.html	tag_13_11_05_01	The fexcept_t Type	f89ce22b33336eae905f9b8aa535668396897d7d465785f353ce58298e2e925f	open	missing:q35_ring3_base_definitions_clause_witness	Add an exact Q35 Ring 3 witness for this clause and close its parent only after all clauses close.
basedefs/fenv.h.html	tag_13_11_05_02	Exception and Rounding Macros	f89ce22b33336eae905f9b8aa535668396897d7d465785f353ce58298e2e925f	open	missing:q35_ring3_base_definitions_clause_witness	Add an exact Q35 Ring 3 witness for this clause and close its parent only after all clauses close.
basedefs/fenv.h.html	tag_13_11_06	FUTURE DIRECTIONS	f89ce22b33336eae905f9b8aa535668396897d7d465785f353ce58298e2e925f	open	missing:q35_ring3_base_definitions_clause_witness	Add an exact Q35 Ring 3 witness for this clause and close its parent only after all clauses close.
basedefs/fenv.h.html	tag_13_11_07	SEE ALSO	f89ce22b33336eae905f9b8aa535668396897d7d465785f353ce58298e2e925f	open	missing:q35_ring3_base_definitions_clause_witness	Add an exact Q35 Ring 3 witness for this clause and close its parent only after all clauses close.
basedefs/fenv.h.html	tag_13_11_08	CHANGE HISTORY	f89ce22b33336eae905f9b8aa535668396897d7d465785f353ce58298e2e925f	open	missing:q35_ring3_base_definitions_clause_witness	Add an exact Q35 Ring 3 witness for this clause and close its parent only after all clauses close.
basedefs/fenv.h.html	tag_13_11_09	Issue 7	f89ce22b33336eae905f9b8aa535668396897d7d465785f353ce58298e2e925f	open	missing:q35_ring3_base_definitions_clause_witness	Add an exact Q35 Ring 3 witness for this clause and close its parent only after all clauses close.
basedefs/float.h.html	tag_13_12_01	NAME	32b932d5323692bb8fd9caa0bcdeff9b00b3b2604a3ccdca3fa4184a308453c7	open	missing:q35_ring3_base_definitions_clause_witness	Add an exact Q35 Ring 3 witness for this clause and close its parent only after all clauses close.
basedefs/float.h.html	tag_13_12_02	SYNOPSIS	32b932d5323692bb8fd9caa0bcdeff9b00b3b2604a3ccdca3fa4184a308453c7	open	missing:q35_ring3_base_definitions_clause_witness	Add an exact Q35 Ring 3 witness for this clause and close its parent only after all clauses close.
basedefs/float.h.html	tag_13_12_03	DESCRIPTION	32b932d5323692bb8fd9caa0bcdeff9b00b3b2604a3ccdca3fa4184a308453c7	open	missing:q35_ring3_base_definitions_clause_witness	Add an exact Q35 Ring 3 witness for this clause and close its parent only after all clauses close.
basedefs/float.h.html	tag_13_12_04	APPLICATION USAGE	32b932d5323692bb8fd9caa0bcdeff9b00b3b2604a3ccdca3fa4184a308453c7	open	missing:q35_ring3_base_definitions_clause_witness	Add an exact Q35 Ring 3 witness for this clause and close its parent only after all clauses close.
basedefs/float.h.html	tag_13_12_05	RATIONALE	32b932d5323692bb8fd9caa0bcdeff9b00b3b2604a3ccdca3fa4184a308453c7	open	missing:q35_ring3_base_definitions_clause_witness	Add an exact Q35 Ring 3 witness for this clause and close its parent only after all clauses close.
basedefs/float.h.html	tag_13_12_06	FUTURE DIRECTIONS	32b932d5323692bb8fd9caa0bcdeff9b00b3b2604a3ccdca3fa4184a308453c7	open	missing:q35_ring3_base_definitions_clause_witness	Add an exact Q35 Ring 3 witness for this clause and close its parent only after all clauses close.
basedefs/float.h.html	tag_13_12_07	SEE ALSO	32b932d5323692bb8fd9caa0bcdeff9b00b3b2604a3ccdca3fa4184a308453c7	open	missing:q35_ring3_base_definitions_clause_witness	Add an exact Q35 Ring 3 witness for this clause and close its parent only after all clauses close.
basedefs/float.h.html	tag_13_12_08	CHANGE HISTORY	32b932d5323692bb8fd9caa0bcdeff9b00b3b2604a3ccdca3fa4184a308453c7	open	missing:q35_ring3_base_definitions_clause_witness	Add an exact Q35 Ring 3 witness for this clause and close its parent only after all clauses close.
basedefs/float.h.html	tag_13_12_09	Issue 6	32b932d5323692bb8fd9caa0bcdeff9b00b3b2604a3ccdca3fa4184a308453c7	open	missing:q35_ring3_base_definitions_clause_witness	Add an exact Q35 Ring 3 witness for this clause and close its parent only after all clauses close.
basedefs/float.h.html	tag_13_12_10	Issue 7	32b932d5323692bb8fd9caa0bcdeff9b00b3b2604a3ccdca3fa4184a308453c7	open	missing:q35_ring3_base_definitions_clause_witness	Add an exact Q35 Ring 3 witness for this clause and close its parent only after all clauses close.
basedefs/fmtmsg.h.html	tag_13_13_01	NAME	eb0c0270c31b3ce7e4db6ca4a90b33fcdbc3be7658ebcfcba40a7577b27e95dd	open	missing:q35_ring3_base_definitions_clause_witness	Add an exact Q35 Ring 3 witness for this clause and close its parent only after all clauses close.
basedefs/fmtmsg.h.html	tag_13_13_02	SYNOPSIS	eb0c0270c31b3ce7e4db6ca4a90b33fcdbc3be7658ebcfcba40a7577b27e95dd	open	missing:q35_ring3_base_definitions_clause_witness	Add an exact Q35 Ring 3 witness for this clause and close its parent only after all clauses close.
basedefs/fmtmsg.h.html	tag_13_13_03	DESCRIPTION	eb0c0270c31b3ce7e4db6ca4a90b33fcdbc3be7658ebcfcba40a7577b27e95dd	open	missing:q35_ring3_base_definitions_clause_witness	Add an exact Q35 Ring 3 witness for this clause and close its parent only after all clauses close.
basedefs/fmtmsg.h.html	tag_13_13_04	APPLICATION USAGE	eb0c0270c31b3ce7e4db6ca4a90b33fcdbc3be7658ebcfcba40a7577b27e95dd	open	missing:q35_ring3_base_definitions_clause_witness	Add an exact Q35 Ring 3 witness for this clause and close its parent only after all clauses close.
basedefs/fmtmsg.h.html	tag_13_13_05	RATIONALE	eb0c0270c31b3ce7e4db6ca4a90b33fcdbc3be7658ebcfcba40a7577b27e95dd	open	missing:q35_ring3_base_definitions_clause_witness	Add an exact Q35 Ring 3 witness for this clause and close its parent only after all clauses close.
basedefs/fmtmsg.h.html	tag_13_13_06	FUTURE DIRECTIONS	eb0c0270c31b3ce7e4db6ca4a90b33fcdbc3be7658ebcfcba40a7577b27e95dd	open	missing:q35_ring3_base_definitions_clause_witness	Add an exact Q35 Ring 3 witness for this clause and close its parent only after all clauses close.
basedefs/fmtmsg.h.html	tag_13_13_07	SEE ALSO	eb0c0270c31b3ce7e4db6ca4a90b33fcdbc3be7658ebcfcba40a7577b27e95dd	open	missing:q35_ring3_base_definitions_clause_witness	Add an exact Q35 Ring 3 witness for this clause and close its parent only after all clauses close.
basedefs/fmtmsg.h.html	tag_13_13_08	CHANGE HISTORY	eb0c0270c31b3ce7e4db6ca4a90b33fcdbc3be7658ebcfcba40a7577b27e95dd	open	missing:q35_ring3_base_definitions_clause_witness	Add an exact Q35 Ring 3 witness for this clause and close its parent only after all clauses close.
basedefs/fmtmsg.h.html	tag_13_13_09	Issue 7	eb0c0270c31b3ce7e4db6ca4a90b33fcdbc3be7658ebcfcba40a7577b27e95dd	open	missing:q35_ring3_base_definitions_clause_witness	Add an exact Q35 Ring 3 witness for this clause and close its parent only after all clauses close.
basedefs/fnmatch.h.html	tag_13_14_01	NAME	5838b853579bf5f1f43505ea6a82558694774a2672871fd3eb35a61e09b588aa	open	missing:q35_ring3_base_definitions_clause_witness	Add an exact Q35 Ring 3 witness for this clause and close its parent only after all clauses close.
basedefs/fnmatch.h.html	tag_13_14_02	SYNOPSIS	5838b853579bf5f1f43505ea6a82558694774a2672871fd3eb35a61e09b588aa	open	missing:q35_ring3_base_definitions_clause_witness	Add an exact Q35 Ring 3 witness for this clause and close its parent only after all clauses close.
basedefs/fnmatch.h.html	tag_13_14_03	DESCRIPTION	5838b853579bf5f1f43505ea6a82558694774a2672871fd3eb35a61e09b588aa	open	missing:q35_ring3_base_definitions_clause_witness	Add an exact Q35 Ring 3 witness for this clause and close its parent only after all clauses close.
basedefs/fnmatch.h.html	tag_13_14_04	APPLICATION USAGE	5838b853579bf5f1f43505ea6a82558694774a2672871fd3eb35a61e09b588aa	open	missing:q35_ring3_base_definitions_clause_witness	Add an exact Q35 Ring 3 witness for this clause and close its parent only after all clauses close.
basedefs/fnmatch.h.html	tag_13_14_05	RATIONALE	5838b853579bf5f1f43505ea6a82558694774a2672871fd3eb35a61e09b588aa	open	missing:q35_ring3_base_definitions_clause_witness	Add an exact Q35 Ring 3 witness for this clause and close its parent only after all clauses close.
basedefs/fnmatch.h.html	tag_13_14_06	FUTURE DIRECTIONS	5838b853579bf5f1f43505ea6a82558694774a2672871fd3eb35a61e09b588aa	open	missing:q35_ring3_base_definitions_clause_witness	Add an exact Q35 Ring 3 witness for this clause and close its parent only after all clauses close.
basedefs/fnmatch.h.html	tag_13_14_07	SEE ALSO	5838b853579bf5f1f43505ea6a82558694774a2672871fd3eb35a61e09b588aa	open	missing:q35_ring3_base_definitions_clause_witness	Add an exact Q35 Ring 3 witness for this clause and close its parent only after all clauses close.
basedefs/fnmatch.h.html	tag_13_14_08	CHANGE HISTORY	5838b853579bf5f1f43505ea6a82558694774a2672871fd3eb35a61e09b588aa	open	missing:q35_ring3_base_definitions_clause_witness	Add an exact Q35 Ring 3 witness for this clause and close its parent only after all clauses close.
basedefs/fnmatch.h.html	tag_13_14_09	Issue 6	5838b853579bf5f1f43505ea6a82558694774a2672871fd3eb35a61e09b588aa	open	missing:q35_ring3_base_definitions_clause_witness	Add an exact Q35 Ring 3 witness for this clause and close its parent only after all clauses close.
basedefs/fnmatch.h.html	tag_13_14_10	Issue 7	5838b853579bf5f1f43505ea6a82558694774a2672871fd3eb35a61e09b588aa	open	missing:q35_ring3_base_definitions_clause_witness	Add an exact Q35 Ring 3 witness for this clause and close its parent only after all clauses close.
basedefs/ftw.h.html	tag_13_15_01	NAME	7a4eb693d0d33759f6022792a73d9f157fecc59da50b8be44a38dd67e82ecc49	open	missing:q35_ring3_base_definitions_clause_witness	Add an exact Q35 Ring 3 witness for this clause and close its parent only after all clauses close.
basedefs/ftw.h.html	tag_13_15_02	SYNOPSIS	7a4eb693d0d33759f6022792a73d9f157fecc59da50b8be44a38dd67e82ecc49	open	missing:q35_ring3_base_definitions_clause_witness	Add an exact Q35 Ring 3 witness for this clause and close its parent only after all clauses close.
basedefs/ftw.h.html	tag_13_15_03	DESCRIPTION	7a4eb693d0d33759f6022792a73d9f157fecc59da50b8be44a38dd67e82ecc49	open	missing:q35_ring3_base_definitions_clause_witness	Add an exact Q35 Ring 3 witness for this clause and close its parent only after all clauses close.
basedefs/ftw.h.html	tag_13_15_04	APPLICATION USAGE	7a4eb693d0d33759f6022792a73d9f157fecc59da50b8be44a38dd67e82ecc49	open	missing:q35_ring3_base_definitions_clause_witness	Add an exact Q35 Ring 3 witness for this clause and close its parent only after all clauses close.
basedefs/ftw.h.html	tag_13_15_05	RATIONALE	7a4eb693d0d33759f6022792a73d9f157fecc59da50b8be44a38dd67e82ecc49	open	missing:q35_ring3_base_definitions_clause_witness	Add an exact Q35 Ring 3 witness for this clause and close its parent only after all clauses close.
basedefs/ftw.h.html	tag_13_15_06	FUTURE DIRECTIONS	7a4eb693d0d33759f6022792a73d9f157fecc59da50b8be44a38dd67e82ecc49	open	missing:q35_ring3_base_definitions_clause_witness	Add an exact Q35 Ring 3 witness for this clause and close its parent only after all clauses close.
basedefs/ftw.h.html	tag_13_15_07	SEE ALSO	7a4eb693d0d33759f6022792a73d9f157fecc59da50b8be44a38dd67e82ecc49	open	missing:q35_ring3_base_definitions_clause_witness	Add an exact Q35 Ring 3 witness for this clause and close its parent only after all clauses close.
basedefs/ftw.h.html	tag_13_15_08	CHANGE HISTORY	7a4eb693d0d33759f6022792a73d9f157fecc59da50b8be44a38dd67e82ecc49	open	missing:q35_ring3_base_definitions_clause_witness	Add an exact Q35 Ring 3 witness for this clause and close its parent only after all clauses close.
basedefs/ftw.h.html	tag_13_15_09	Issue 5	7a4eb693d0d33759f6022792a73d9f157fecc59da50b8be44a38dd67e82ecc49	open	missing:q35_ring3_base_definitions_clause_witness	Add an exact Q35 Ring 3 witness for this clause and close its parent only after all clauses close.
basedefs/ftw.h.html	tag_13_15_10	Issue 7	7a4eb693d0d33759f6022792a73d9f157fecc59da50b8be44a38dd67e82ecc49	open	missing:q35_ring3_base_definitions_clause_witness	Add an exact Q35 Ring 3 witness for this clause and close its parent only after all clauses close.
basedefs/glob.h.html	tag_13_16_01	NAME	15f9202477bbe59f6bfc1896ab936aaed41c649e9028e96df30fca2478740d6e	open	missing:q35_ring3_base_definitions_clause_witness	Add an exact Q35 Ring 3 witness for this clause and close its parent only after all clauses close.
basedefs/glob.h.html	tag_13_16_02	SYNOPSIS	15f9202477bbe59f6bfc1896ab936aaed41c649e9028e96df30fca2478740d6e	open	missing:q35_ring3_base_definitions_clause_witness	Add an exact Q35 Ring 3 witness for this clause and close its parent only after all clauses close.
basedefs/glob.h.html	tag_13_16_03	DESCRIPTION	15f9202477bbe59f6bfc1896ab936aaed41c649e9028e96df30fca2478740d6e	open	missing:q35_ring3_base_definitions_clause_witness	Add an exact Q35 Ring 3 witness for this clause and close its parent only after all clauses close.
basedefs/glob.h.html	tag_13_16_04	APPLICATION USAGE	15f9202477bbe59f6bfc1896ab936aaed41c649e9028e96df30fca2478740d6e	open	missing:q35_ring3_base_definitions_clause_witness	Add an exact Q35 Ring 3 witness for this clause and close its parent only after all clauses close.
basedefs/glob.h.html	tag_13_16_05	RATIONALE	15f9202477bbe59f6bfc1896ab936aaed41c649e9028e96df30fca2478740d6e	open	missing:q35_ring3_base_definitions_clause_witness	Add an exact Q35 Ring 3 witness for this clause and close its parent only after all clauses close.
basedefs/glob.h.html	tag_13_16_06	FUTURE DIRECTIONS	15f9202477bbe59f6bfc1896ab936aaed41c649e9028e96df30fca2478740d6e	open	missing:q35_ring3_base_definitions_clause_witness	Add an exact Q35 Ring 3 witness for this clause and close its parent only after all clauses close.
basedefs/glob.h.html	tag_13_16_07	SEE ALSO	15f9202477bbe59f6bfc1896ab936aaed41c649e9028e96df30fca2478740d6e	open	missing:q35_ring3_base_definitions_clause_witness	Add an exact Q35 Ring 3 witness for this clause and close its parent only after all clauses close.
basedefs/glob.h.html	tag_13_16_08	CHANGE HISTORY	15f9202477bbe59f6bfc1896ab936aaed41c649e9028e96df30fca2478740d6e	open	missing:q35_ring3_base_definitions_clause_witness	Add an exact Q35 Ring 3 witness for this clause and close its parent only after all clauses close.
basedefs/glob.h.html	tag_13_16_09	Issue 6	15f9202477bbe59f6bfc1896ab936aaed41c649e9028e96df30fca2478740d6e	open	missing:q35_ring3_base_definitions_clause_witness	Add an exact Q35 Ring 3 witness for this clause and close its parent only after all clauses close.
basedefs/glob.h.html	tag_13_16_10	Issue 7	15f9202477bbe59f6bfc1896ab936aaed41c649e9028e96df30fca2478740d6e	open	missing:q35_ring3_base_definitions_clause_witness	Add an exact Q35 Ring 3 witness for this clause and close its parent only after all clauses close.
basedefs/grp.h.html	tag_13_17_01	NAME	140d916bacb61e6c523cf56bc75adebd7ac567bec72b00379212506f93e999c3	open	missing:q35_ring3_base_definitions_clause_witness	Add an exact Q35 Ring 3 witness for this clause and close its parent only after all clauses close.
basedefs/grp.h.html	tag_13_17_02	SYNOPSIS	140d916bacb61e6c523cf56bc75adebd7ac567bec72b00379212506f93e999c3	open	missing:q35_ring3_base_definitions_clause_witness	Add an exact Q35 Ring 3 witness for this clause and close its parent only after all clauses close.
basedefs/grp.h.html	tag_13_17_03	DESCRIPTION	140d916bacb61e6c523cf56bc75adebd7ac567bec72b00379212506f93e999c3	open	missing:q35_ring3_base_definitions_clause_witness	Add an exact Q35 Ring 3 witness for this clause and close its parent only after all clauses close.
basedefs/grp.h.html	tag_13_17_04	APPLICATION USAGE	140d916bacb61e6c523cf56bc75adebd7ac567bec72b00379212506f93e999c3	open	missing:q35_ring3_base_definitions_clause_witness	Add an exact Q35 Ring 3 witness for this clause and close its parent only after all clauses close.
basedefs/grp.h.html	tag_13_17_05	RATIONALE	140d916bacb61e6c523cf56bc75adebd7ac567bec72b00379212506f93e999c3	open	missing:q35_ring3_base_definitions_clause_witness	Add an exact Q35 Ring 3 witness for this clause and close its parent only after all clauses close.
basedefs/grp.h.html	tag_13_17_06	FUTURE DIRECTIONS	140d916bacb61e6c523cf56bc75adebd7ac567bec72b00379212506f93e999c3	open	missing:q35_ring3_base_definitions_clause_witness	Add an exact Q35 Ring 3 witness for this clause and close its parent only after all clauses close.
basedefs/grp.h.html	tag_13_17_07	SEE ALSO	140d916bacb61e6c523cf56bc75adebd7ac567bec72b00379212506f93e999c3	open	missing:q35_ring3_base_definitions_clause_witness	Add an exact Q35 Ring 3 witness for this clause and close its parent only after all clauses close.
basedefs/grp.h.html	tag_13_17_08	CHANGE HISTORY	140d916bacb61e6c523cf56bc75adebd7ac567bec72b00379212506f93e999c3	open	missing:q35_ring3_base_definitions_clause_witness	Add an exact Q35 Ring 3 witness for this clause and close its parent only after all clauses close.
basedefs/grp.h.html	tag_13_17_09	Issue 5	140d916bacb61e6c523cf56bc75adebd7ac567bec72b00379212506f93e999c3	open	missing:q35_ring3_base_definitions_clause_witness	Add an exact Q35 Ring 3 witness for this clause and close its parent only after all clauses close.
basedefs/grp.h.html	tag_13_17_10	Issue 6	140d916bacb61e6c523cf56bc75adebd7ac567bec72b00379212506f93e999c3	open	missing:q35_ring3_base_definitions_clause_witness	Add an exact Q35 Ring 3 witness for this clause and close its parent only after all clauses close.
basedefs/grp.h.html	tag_13_17_11	Issue 7	140d916bacb61e6c523cf56bc75adebd7ac567bec72b00379212506f93e999c3	open	missing:q35_ring3_base_definitions_clause_witness	Add an exact Q35 Ring 3 witness for this clause and close its parent only after all clauses close.
basedefs/iconv.h.html	tag_13_18_01	NAME	b5fdc216a330968b1089bf39e47a250a089ba60275351dd4c950afce7c6c08a7	open	missing:q35_ring3_base_definitions_clause_witness	Add an exact Q35 Ring 3 witness for this clause and close its parent only after all clauses close.
basedefs/iconv.h.html	tag_13_18_02	SYNOPSIS	b5fdc216a330968b1089bf39e47a250a089ba60275351dd4c950afce7c6c08a7	open	missing:q35_ring3_base_definitions_clause_witness	Add an exact Q35 Ring 3 witness for this clause and close its parent only after all clauses close.
basedefs/iconv.h.html	tag_13_18_03	DESCRIPTION	b5fdc216a330968b1089bf39e47a250a089ba60275351dd4c950afce7c6c08a7	open	missing:q35_ring3_base_definitions_clause_witness	Add an exact Q35 Ring 3 witness for this clause and close its parent only after all clauses close.
basedefs/iconv.h.html	tag_13_18_04	APPLICATION USAGE	b5fdc216a330968b1089bf39e47a250a089ba60275351dd4c950afce7c6c08a7	open	missing:q35_ring3_base_definitions_clause_witness	Add an exact Q35 Ring 3 witness for this clause and close its parent only after all clauses close.
basedefs/iconv.h.html	tag_13_18_05	RATIONALE	b5fdc216a330968b1089bf39e47a250a089ba60275351dd4c950afce7c6c08a7	open	missing:q35_ring3_base_definitions_clause_witness	Add an exact Q35 Ring 3 witness for this clause and close its parent only after all clauses close.
basedefs/iconv.h.html	tag_13_18_06	FUTURE DIRECTIONS	b5fdc216a330968b1089bf39e47a250a089ba60275351dd4c950afce7c6c08a7	open	missing:q35_ring3_base_definitions_clause_witness	Add an exact Q35 Ring 3 witness for this clause and close its parent only after all clauses close.
basedefs/iconv.h.html	tag_13_18_07	SEE ALSO	b5fdc216a330968b1089bf39e47a250a089ba60275351dd4c950afce7c6c08a7	open	missing:q35_ring3_base_definitions_clause_witness	Add an exact Q35 Ring 3 witness for this clause and close its parent only after all clauses close.
basedefs/iconv.h.html	tag_13_18_08	CHANGE HISTORY	b5fdc216a330968b1089bf39e47a250a089ba60275351dd4c950afce7c6c08a7	open	missing:q35_ring3_base_definitions_clause_witness	Add an exact Q35 Ring 3 witness for this clause and close its parent only after all clauses close.
basedefs/iconv.h.html	tag_13_18_09	Issue 6	b5fdc216a330968b1089bf39e47a250a089ba60275351dd4c950afce7c6c08a7	open	missing:q35_ring3_base_definitions_clause_witness	Add an exact Q35 Ring 3 witness for this clause and close its parent only after all clauses close.
basedefs/iconv.h.html	tag_13_18_10	Issue 7	b5fdc216a330968b1089bf39e47a250a089ba60275351dd4c950afce7c6c08a7	open	missing:q35_ring3_base_definitions_clause_witness	Add an exact Q35 Ring 3 witness for this clause and close its parent only after all clauses close.
basedefs/inttypes.h.html	tag_13_19_01	NAME	42d4ddeaef8181ab5bf988d33b0f2389011250ff0968e90eb25069e5d8b3785a	open	missing:q35_ring3_base_definitions_clause_witness	Add an exact Q35 Ring 3 witness for this clause and close its parent only after all clauses close.
basedefs/inttypes.h.html	tag_13_19_02	SYNOPSIS	42d4ddeaef8181ab5bf988d33b0f2389011250ff0968e90eb25069e5d8b3785a	open	missing:q35_ring3_base_definitions_clause_witness	Add an exact Q35 Ring 3 witness for this clause and close its parent only after all clauses close.
basedefs/inttypes.h.html	tag_13_19_03	DESCRIPTION	42d4ddeaef8181ab5bf988d33b0f2389011250ff0968e90eb25069e5d8b3785a	open	missing:q35_ring3_base_definitions_clause_witness	Add an exact Q35 Ring 3 witness for this clause and close its parent only after all clauses close.
basedefs/inttypes.h.html	tag_13_19_04	EXAMPLES	42d4ddeaef8181ab5bf988d33b0f2389011250ff0968e90eb25069e5d8b3785a	open	missing:q35_ring3_base_definitions_clause_witness	Add an exact Q35 Ring 3 witness for this clause and close its parent only after all clauses close.
basedefs/inttypes.h.html	tag_13_19_05	APPLICATION USAGE	42d4ddeaef8181ab5bf988d33b0f2389011250ff0968e90eb25069e5d8b3785a	open	missing:q35_ring3_base_definitions_clause_witness	Add an exact Q35 Ring 3 witness for this clause and close its parent only after all clauses close.
basedefs/inttypes.h.html	tag_13_19_06	RATIONALE	42d4ddeaef8181ab5bf988d33b0f2389011250ff0968e90eb25069e5d8b3785a	open	missing:q35_ring3_base_definitions_clause_witness	Add an exact Q35 Ring 3 witness for this clause and close its parent only after all clauses close.
basedefs/inttypes.h.html	tag_13_19_07	FUTURE DIRECTIONS	42d4ddeaef8181ab5bf988d33b0f2389011250ff0968e90eb25069e5d8b3785a	open	missing:q35_ring3_base_definitions_clause_witness	Add an exact Q35 Ring 3 witness for this clause and close its parent only after all clauses close.
basedefs/inttypes.h.html	tag_13_19_08	SEE ALSO	42d4ddeaef8181ab5bf988d33b0f2389011250ff0968e90eb25069e5d8b3785a	open	missing:q35_ring3_base_definitions_clause_witness	Add an exact Q35 Ring 3 witness for this clause and close its parent only after all clauses close.
basedefs/inttypes.h.html	tag_13_19_09	CHANGE HISTORY	42d4ddeaef8181ab5bf988d33b0f2389011250ff0968e90eb25069e5d8b3785a	open	missing:q35_ring3_base_definitions_clause_witness	Add an exact Q35 Ring 3 witness for this clause and close its parent only after all clauses close.
basedefs/inttypes.h.html	tag_13_19_10	Issue 6	42d4ddeaef8181ab5bf988d33b0f2389011250ff0968e90eb25069e5d8b3785a	open	missing:q35_ring3_base_definitions_clause_witness	Add an exact Q35 Ring 3 witness for this clause and close its parent only after all clauses close.
basedefs/inttypes.h.html	tag_13_19_11	Issue 7	42d4ddeaef8181ab5bf988d33b0f2389011250ff0968e90eb25069e5d8b3785a	open	missing:q35_ring3_base_definitions_clause_witness	Add an exact Q35 Ring 3 witness for this clause and close its parent only after all clauses close.
basedefs/iso646.h.html	tag_13_20_01	NAME	ff96ff5f8a96f0fc6db4da50bbac998600ca0dda647f8e17f356b47de4eb1454	open	missing:q35_ring3_base_definitions_clause_witness	Add an exact Q35 Ring 3 witness for this clause and close its parent only after all clauses close.
basedefs/iso646.h.html	tag_13_20_02	SYNOPSIS	ff96ff5f8a96f0fc6db4da50bbac998600ca0dda647f8e17f356b47de4eb1454	open	missing:q35_ring3_base_definitions_clause_witness	Add an exact Q35 Ring 3 witness for this clause and close its parent only after all clauses close.
basedefs/iso646.h.html	tag_13_20_03	DESCRIPTION	ff96ff5f8a96f0fc6db4da50bbac998600ca0dda647f8e17f356b47de4eb1454	open	missing:q35_ring3_base_definitions_clause_witness	Add an exact Q35 Ring 3 witness for this clause and close its parent only after all clauses close.
basedefs/iso646.h.html	tag_13_20_04	APPLICATION USAGE	ff96ff5f8a96f0fc6db4da50bbac998600ca0dda647f8e17f356b47de4eb1454	open	missing:q35_ring3_base_definitions_clause_witness	Add an exact Q35 Ring 3 witness for this clause and close its parent only after all clauses close.
basedefs/iso646.h.html	tag_13_20_05	RATIONALE	ff96ff5f8a96f0fc6db4da50bbac998600ca0dda647f8e17f356b47de4eb1454	open	missing:q35_ring3_base_definitions_clause_witness	Add an exact Q35 Ring 3 witness for this clause and close its parent only after all clauses close.
basedefs/iso646.h.html	tag_13_20_06	FUTURE DIRECTIONS	ff96ff5f8a96f0fc6db4da50bbac998600ca0dda647f8e17f356b47de4eb1454	open	missing:q35_ring3_base_definitions_clause_witness	Add an exact Q35 Ring 3 witness for this clause and close its parent only after all clauses close.
basedefs/iso646.h.html	tag_13_20_07	SEE ALSO	ff96ff5f8a96f0fc6db4da50bbac998600ca0dda647f8e17f356b47de4eb1454	open	missing:q35_ring3_base_definitions_clause_witness	Add an exact Q35 Ring 3 witness for this clause and close its parent only after all clauses close.
basedefs/iso646.h.html	tag_13_20_08	CHANGE HISTORY	ff96ff5f8a96f0fc6db4da50bbac998600ca0dda647f8e17f356b47de4eb1454	open	missing:q35_ring3_base_definitions_clause_witness	Add an exact Q35 Ring 3 witness for this clause and close its parent only after all clauses close.
basedefs/langinfo.h.html	tag_13_21_01	NAME	d1ffd9c2077c9267dac1a82600009cff28f2ed01fc71ad933e73cd17db1278f9	open	missing:q35_ring3_base_definitions_clause_witness	Add an exact Q35 Ring 3 witness for this clause and close its parent only after all clauses close.
basedefs/langinfo.h.html	tag_13_21_02	SYNOPSIS	d1ffd9c2077c9267dac1a82600009cff28f2ed01fc71ad933e73cd17db1278f9	open	missing:q35_ring3_base_definitions_clause_witness	Add an exact Q35 Ring 3 witness for this clause and close its parent only after all clauses close.
basedefs/langinfo.h.html	tag_13_21_03	DESCRIPTION	d1ffd9c2077c9267dac1a82600009cff28f2ed01fc71ad933e73cd17db1278f9	open	missing:q35_ring3_base_definitions_clause_witness	Add an exact Q35 Ring 3 witness for this clause and close its parent only after all clauses close.
basedefs/langinfo.h.html	tag_13_21_04	APPLICATION USAGE	d1ffd9c2077c9267dac1a82600009cff28f2ed01fc71ad933e73cd17db1278f9	open	missing:q35_ring3_base_definitions_clause_witness	Add an exact Q35 Ring 3 witness for this clause and close its parent only after all clauses close.
basedefs/langinfo.h.html	tag_13_21_05	RATIONALE	d1ffd9c2077c9267dac1a82600009cff28f2ed01fc71ad933e73cd17db1278f9	open	missing:q35_ring3_base_definitions_clause_witness	Add an exact Q35 Ring 3 witness for this clause and close its parent only after all clauses close.
basedefs/langinfo.h.html	tag_13_21_06	FUTURE DIRECTIONS	d1ffd9c2077c9267dac1a82600009cff28f2ed01fc71ad933e73cd17db1278f9	open	missing:q35_ring3_base_definitions_clause_witness	Add an exact Q35 Ring 3 witness for this clause and close its parent only after all clauses close.
basedefs/langinfo.h.html	tag_13_21_07	SEE ALSO	d1ffd9c2077c9267dac1a82600009cff28f2ed01fc71ad933e73cd17db1278f9	open	missing:q35_ring3_base_definitions_clause_witness	Add an exact Q35 Ring 3 witness for this clause and close its parent only after all clauses close.
basedefs/langinfo.h.html	tag_13_21_08	CHANGE HISTORY	d1ffd9c2077c9267dac1a82600009cff28f2ed01fc71ad933e73cd17db1278f9	open	missing:q35_ring3_base_definitions_clause_witness	Add an exact Q35 Ring 3 witness for this clause and close its parent only after all clauses close.
basedefs/langinfo.h.html	tag_13_21_09	Issue 5	d1ffd9c2077c9267dac1a82600009cff28f2ed01fc71ad933e73cd17db1278f9	open	missing:q35_ring3_base_definitions_clause_witness	Add an exact Q35 Ring 3 witness for this clause and close its parent only after all clauses close.
basedefs/langinfo.h.html	tag_13_21_10	Issue 6	d1ffd9c2077c9267dac1a82600009cff28f2ed01fc71ad933e73cd17db1278f9	open	missing:q35_ring3_base_definitions_clause_witness	Add an exact Q35 Ring 3 witness for this clause and close its parent only after all clauses close.
basedefs/langinfo.h.html	tag_13_21_11	Issue 7	d1ffd9c2077c9267dac1a82600009cff28f2ed01fc71ad933e73cd17db1278f9	open	missing:q35_ring3_base_definitions_clause_witness	Add an exact Q35 Ring 3 witness for this clause and close its parent only after all clauses close.
basedefs/libgen.h.html	tag_13_22_01	NAME	e78cd06633920ef0e6f74c9a37a0b69b5bf5d067032cd31124f21011aca047ee	open	missing:q35_ring3_base_definitions_clause_witness	Add an exact Q35 Ring 3 witness for this clause and close its parent only after all clauses close.
basedefs/libgen.h.html	tag_13_22_02	SYNOPSIS	e78cd06633920ef0e6f74c9a37a0b69b5bf5d067032cd31124f21011aca047ee	open	missing:q35_ring3_base_definitions_clause_witness	Add an exact Q35 Ring 3 witness for this clause and close its parent only after all clauses close.
basedefs/libgen.h.html	tag_13_22_03	DESCRIPTION	e78cd06633920ef0e6f74c9a37a0b69b5bf5d067032cd31124f21011aca047ee	open	missing:q35_ring3_base_definitions_clause_witness	Add an exact Q35 Ring 3 witness for this clause and close its parent only after all clauses close.
basedefs/libgen.h.html	tag_13_22_04	APPLICATION USAGE	e78cd06633920ef0e6f74c9a37a0b69b5bf5d067032cd31124f21011aca047ee	open	missing:q35_ring3_base_definitions_clause_witness	Add an exact Q35 Ring 3 witness for this clause and close its parent only after all clauses close.
basedefs/libgen.h.html	tag_13_22_05	RATIONALE	e78cd06633920ef0e6f74c9a37a0b69b5bf5d067032cd31124f21011aca047ee	open	missing:q35_ring3_base_definitions_clause_witness	Add an exact Q35 Ring 3 witness for this clause and close its parent only after all clauses close.
basedefs/libgen.h.html	tag_13_22_06	FUTURE DIRECTIONS	e78cd06633920ef0e6f74c9a37a0b69b5bf5d067032cd31124f21011aca047ee	open	missing:q35_ring3_base_definitions_clause_witness	Add an exact Q35 Ring 3 witness for this clause and close its parent only after all clauses close.
basedefs/libgen.h.html	tag_13_22_07	SEE ALSO	e78cd06633920ef0e6f74c9a37a0b69b5bf5d067032cd31124f21011aca047ee	open	missing:q35_ring3_base_definitions_clause_witness	Add an exact Q35 Ring 3 witness for this clause and close its parent only after all clauses close.
basedefs/libgen.h.html	tag_13_22_08	CHANGE HISTORY	e78cd06633920ef0e6f74c9a37a0b69b5bf5d067032cd31124f21011aca047ee	open	missing:q35_ring3_base_definitions_clause_witness	Add an exact Q35 Ring 3 witness for this clause and close its parent only after all clauses close.
basedefs/libgen.h.html	tag_13_22_09	Issue 5	e78cd06633920ef0e6f74c9a37a0b69b5bf5d067032cd31124f21011aca047ee	open	missing:q35_ring3_base_definitions_clause_witness	Add an exact Q35 Ring 3 witness for this clause and close its parent only after all clauses close.
basedefs/libgen.h.html	tag_13_22_10	Issue 6	e78cd06633920ef0e6f74c9a37a0b69b5bf5d067032cd31124f21011aca047ee	open	missing:q35_ring3_base_definitions_clause_witness	Add an exact Q35 Ring 3 witness for this clause and close its parent only after all clauses close.
basedefs/limits.h.html	tag_13_23_01	NAME	b81fd3c70682fbb80751d19020248537b580349e52ac8b65cef56628881ca58e	open	missing:q35_ring3_base_definitions_clause_witness	Add an exact Q35 Ring 3 witness for this clause and close its parent only after all clauses close.
basedefs/limits.h.html	tag_13_23_02	SYNOPSIS	b81fd3c70682fbb80751d19020248537b580349e52ac8b65cef56628881ca58e	open	missing:q35_ring3_base_definitions_clause_witness	Add an exact Q35 Ring 3 witness for this clause and close its parent only after all clauses close.
basedefs/limits.h.html	tag_13_23_03	DESCRIPTION	b81fd3c70682fbb80751d19020248537b580349e52ac8b65cef56628881ca58e	open	missing:q35_ring3_base_definitions_clause_witness	Add an exact Q35 Ring 3 witness for this clause and close its parent only after all clauses close.
basedefs/limits.h.html	tag_13_23_03_01	Runtime Invariant Values (Possibly Indeterminate)	b81fd3c70682fbb80751d19020248537b580349e52ac8b65cef56628881ca58e	open	missing:q35_ring3_base_definitions_clause_witness	Add an exact Q35 Ring 3 witness for this clause and close its parent only after all clauses close.
basedefs/limits.h.html	tag_13_23_03_02	Pathname Variable Values	b81fd3c70682fbb80751d19020248537b580349e52ac8b65cef56628881ca58e	open	missing:q35_ring3_base_definitions_clause_witness	Add an exact Q35 Ring 3 witness for this clause and close its parent only after all clauses close.
basedefs/limits.h.html	tag_13_23_03_03	Runtime Increasable Values	b81fd3c70682fbb80751d19020248537b580349e52ac8b65cef56628881ca58e	open	missing:q35_ring3_base_definitions_clause_witness	Add an exact Q35 Ring 3 witness for this clause and close its parent only after all clauses close.
basedefs/limits.h.html	tag_13_23_03_04	Maximum Values	b81fd3c70682fbb80751d19020248537b580349e52ac8b65cef56628881ca58e	open	missing:q35_ring3_base_definitions_clause_witness	Add an exact Q35 Ring 3 witness for this clause and close its parent only after all clauses close.
basedefs/limits.h.html	tag_13_23_03_05	Minimum Values	b81fd3c70682fbb80751d19020248537b580349e52ac8b65cef56628881ca58e	open	missing:q35_ring3_base_definitions_clause_witness	Add an exact Q35 Ring 3 witness for this clause and close its parent only after all clauses close.
basedefs/limits.h.html	tag_13_23_03_06	Numerical Limits	b81fd3c70682fbb80751d19020248537b580349e52ac8b65cef56628881ca58e	open	missing:q35_ring3_base_definitions_clause_witness	Add an exact Q35 Ring 3 witness for this clause and close its parent only after all clauses close.
basedefs/limits.h.html	tag_13_23_03_07	Other Invariant Values	b81fd3c70682fbb80751d19020248537b580349e52ac8b65cef56628881ca58e	open	missing:q35_ring3_base_definitions_clause_witness	Add an exact Q35 Ring 3 witness for this clause and close its parent only after all clauses close.
basedefs/limits.h.html	tag_13_23_04	APPLICATION USAGE	b81fd3c70682fbb80751d19020248537b580349e52ac8b65cef56628881ca58e	open	missing:q35_ring3_base_definitions_clause_witness	Add an exact Q35 Ring 3 witness for this clause and close its parent only after all clauses close.
basedefs/limits.h.html	tag_13_23_05	RATIONALE	b81fd3c70682fbb80751d19020248537b580349e52ac8b65cef56628881ca58e	open	missing:q35_ring3_base_definitions_clause_witness	Add an exact Q35 Ring 3 witness for this clause and close its parent only after all clauses close.
basedefs/limits.h.html	tag_13_23_06	FUTURE DIRECTIONS	b81fd3c70682fbb80751d19020248537b580349e52ac8b65cef56628881ca58e	open	missing:q35_ring3_base_definitions_clause_witness	Add an exact Q35 Ring 3 witness for this clause and close its parent only after all clauses close.
basedefs/limits.h.html	tag_13_23_07	SEE ALSO	b81fd3c70682fbb80751d19020248537b580349e52ac8b65cef56628881ca58e	open	missing:q35_ring3_base_definitions_clause_witness	Add an exact Q35 Ring 3 witness for this clause and close its parent only after all clauses close.
basedefs/limits.h.html	tag_13_23_08	CHANGE HISTORY	b81fd3c70682fbb80751d19020248537b580349e52ac8b65cef56628881ca58e	open	missing:q35_ring3_base_definitions_clause_witness	Add an exact Q35 Ring 3 witness for this clause and close its parent only after all clauses close.
basedefs/limits.h.html	tag_13_23_09	Issue 5	b81fd3c70682fbb80751d19020248537b580349e52ac8b65cef56628881ca58e	open	missing:q35_ring3_base_definitions_clause_witness	Add an exact Q35 Ring 3 witness for this clause and close its parent only after all clauses close.
basedefs/limits.h.html	tag_13_23_10	Issue 6	b81fd3c70682fbb80751d19020248537b580349e52ac8b65cef56628881ca58e	open	missing:q35_ring3_base_definitions_clause_witness	Add an exact Q35 Ring 3 witness for this clause and close its parent only after all clauses close.
basedefs/limits.h.html	tag_13_23_11	Issue 7	b81fd3c70682fbb80751d19020248537b580349e52ac8b65cef56628881ca58e	open	missing:q35_ring3_base_definitions_clause_witness	Add an exact Q35 Ring 3 witness for this clause and close its parent only after all clauses close.
basedefs/locale.h.html	tag_13_24_01	NAME	7ab14f77390b1f271efe77ea8f9ba0b2f5cef871348c87e653776a80edd9c64f	open	missing:q35_ring3_base_definitions_clause_witness	Add an exact Q35 Ring 3 witness for this clause and close its parent only after all clauses close.
basedefs/locale.h.html	tag_13_24_02	SYNOPSIS	7ab14f77390b1f271efe77ea8f9ba0b2f5cef871348c87e653776a80edd9c64f	open	missing:q35_ring3_base_definitions_clause_witness	Add an exact Q35 Ring 3 witness for this clause and close its parent only after all clauses close.
basedefs/locale.h.html	tag_13_24_03	DESCRIPTION	7ab14f77390b1f271efe77ea8f9ba0b2f5cef871348c87e653776a80edd9c64f	open	missing:q35_ring3_base_definitions_clause_witness	Add an exact Q35 Ring 3 witness for this clause and close its parent only after all clauses close.
basedefs/locale.h.html	tag_13_24_04	APPLICATION USAGE	7ab14f77390b1f271efe77ea8f9ba0b2f5cef871348c87e653776a80edd9c64f	open	missing:q35_ring3_base_definitions_clause_witness	Add an exact Q35 Ring 3 witness for this clause and close its parent only after all clauses close.
basedefs/locale.h.html	tag_13_24_05	RATIONALE	7ab14f77390b1f271efe77ea8f9ba0b2f5cef871348c87e653776a80edd9c64f	open	missing:q35_ring3_base_definitions_clause_witness	Add an exact Q35 Ring 3 witness for this clause and close its parent only after all clauses close.
basedefs/locale.h.html	tag_13_24_06	FUTURE DIRECTIONS	7ab14f77390b1f271efe77ea8f9ba0b2f5cef871348c87e653776a80edd9c64f	open	missing:q35_ring3_base_definitions_clause_witness	Add an exact Q35 Ring 3 witness for this clause and close its parent only after all clauses close.
basedefs/locale.h.html	tag_13_24_07	SEE ALSO	7ab14f77390b1f271efe77ea8f9ba0b2f5cef871348c87e653776a80edd9c64f	open	missing:q35_ring3_base_definitions_clause_witness	Add an exact Q35 Ring 3 witness for this clause and close its parent only after all clauses close.
basedefs/locale.h.html	tag_13_24_08	CHANGE HISTORY	7ab14f77390b1f271efe77ea8f9ba0b2f5cef871348c87e653776a80edd9c64f	open	missing:q35_ring3_base_definitions_clause_witness	Add an exact Q35 Ring 3 witness for this clause and close its parent only after all clauses close.
basedefs/locale.h.html	tag_13_24_09	Issue 6	7ab14f77390b1f271efe77ea8f9ba0b2f5cef871348c87e653776a80edd9c64f	open	missing:q35_ring3_base_definitions_clause_witness	Add an exact Q35 Ring 3 witness for this clause and close its parent only after all clauses close.
basedefs/locale.h.html	tag_13_24_10	Issue 7	7ab14f77390b1f271efe77ea8f9ba0b2f5cef871348c87e653776a80edd9c64f	open	missing:q35_ring3_base_definitions_clause_witness	Add an exact Q35 Ring 3 witness for this clause and close its parent only after all clauses close.
basedefs/math.h.html	tag_13_25_01	NAME	a724f7c2827ce22899f4843a7e032bdac61b0c8f43ecffda1eb6699f9f160959	open	missing:q35_ring3_base_definitions_clause_witness	Add an exact Q35 Ring 3 witness for this clause and close its parent only after all clauses close.
basedefs/math.h.html	tag_13_25_02	SYNOPSIS	a724f7c2827ce22899f4843a7e032bdac61b0c8f43ecffda1eb6699f9f160959	open	missing:q35_ring3_base_definitions_clause_witness	Add an exact Q35 Ring 3 witness for this clause and close its parent only after all clauses close.
basedefs/math.h.html	tag_13_25_03	DESCRIPTION	a724f7c2827ce22899f4843a7e032bdac61b0c8f43ecffda1eb6699f9f160959	open	missing:q35_ring3_base_definitions_clause_witness	Add an exact Q35 Ring 3 witness for this clause and close its parent only after all clauses close.
basedefs/math.h.html	tag_13_25_04	APPLICATION USAGE	a724f7c2827ce22899f4843a7e032bdac61b0c8f43ecffda1eb6699f9f160959	open	missing:q35_ring3_base_definitions_clause_witness	Add an exact Q35 Ring 3 witness for this clause and close its parent only after all clauses close.
basedefs/math.h.html	tag_13_25_05	RATIONALE	a724f7c2827ce22899f4843a7e032bdac61b0c8f43ecffda1eb6699f9f160959	open	missing:q35_ring3_base_definitions_clause_witness	Add an exact Q35 Ring 3 witness for this clause and close its parent only after all clauses close.
basedefs/math.h.html	tag_13_25_06	FUTURE DIRECTIONS	a724f7c2827ce22899f4843a7e032bdac61b0c8f43ecffda1eb6699f9f160959	open	missing:q35_ring3_base_definitions_clause_witness	Add an exact Q35 Ring 3 witness for this clause and close its parent only after all clauses close.
basedefs/math.h.html	tag_13_25_07	SEE ALSO	a724f7c2827ce22899f4843a7e032bdac61b0c8f43ecffda1eb6699f9f160959	open	missing:q35_ring3_base_definitions_clause_witness	Add an exact Q35 Ring 3 witness for this clause and close its parent only after all clauses close.
basedefs/math.h.html	tag_13_25_08	CHANGE HISTORY	a724f7c2827ce22899f4843a7e032bdac61b0c8f43ecffda1eb6699f9f160959	open	missing:q35_ring3_base_definitions_clause_witness	Add an exact Q35 Ring 3 witness for this clause and close its parent only after all clauses close.
basedefs/math.h.html	tag_13_25_09	Issue 6	a724f7c2827ce22899f4843a7e032bdac61b0c8f43ecffda1eb6699f9f160959	open	missing:q35_ring3_base_definitions_clause_witness	Add an exact Q35 Ring 3 witness for this clause and close its parent only after all clauses close.
basedefs/math.h.html	tag_13_25_10	Issue 7	a724f7c2827ce22899f4843a7e032bdac61b0c8f43ecffda1eb6699f9f160959	open	missing:q35_ring3_base_definitions_clause_witness	Add an exact Q35 Ring 3 witness for this clause and close its parent only after all clauses close.
basedefs/monetary.h.html	tag_13_26_01	NAME	9d33834af38aeae053447858b36096d18f0b6fea32d9b6af79a61091bcda4e7f	open	missing:q35_ring3_base_definitions_clause_witness	Add an exact Q35 Ring 3 witness for this clause and close its parent only after all clauses close.
basedefs/monetary.h.html	tag_13_26_02	SYNOPSIS	9d33834af38aeae053447858b36096d18f0b6fea32d9b6af79a61091bcda4e7f	open	missing:q35_ring3_base_definitions_clause_witness	Add an exact Q35 Ring 3 witness for this clause and close its parent only after all clauses close.
basedefs/monetary.h.html	tag_13_26_03	DESCRIPTION	9d33834af38aeae053447858b36096d18f0b6fea32d9b6af79a61091bcda4e7f	open	missing:q35_ring3_base_definitions_clause_witness	Add an exact Q35 Ring 3 witness for this clause and close its parent only after all clauses close.
basedefs/monetary.h.html	tag_13_26_04	APPLICATION USAGE	9d33834af38aeae053447858b36096d18f0b6fea32d9b6af79a61091bcda4e7f	open	missing:q35_ring3_base_definitions_clause_witness	Add an exact Q35 Ring 3 witness for this clause and close its parent only after all clauses close.
basedefs/monetary.h.html	tag_13_26_05	RATIONALE	9d33834af38aeae053447858b36096d18f0b6fea32d9b6af79a61091bcda4e7f	open	missing:q35_ring3_base_definitions_clause_witness	Add an exact Q35 Ring 3 witness for this clause and close its parent only after all clauses close.
basedefs/monetary.h.html	tag_13_26_06	FUTURE DIRECTIONS	9d33834af38aeae053447858b36096d18f0b6fea32d9b6af79a61091bcda4e7f	open	missing:q35_ring3_base_definitions_clause_witness	Add an exact Q35 Ring 3 witness for this clause and close its parent only after all clauses close.
basedefs/monetary.h.html	tag_13_26_07	SEE ALSO	9d33834af38aeae053447858b36096d18f0b6fea32d9b6af79a61091bcda4e7f	open	missing:q35_ring3_base_definitions_clause_witness	Add an exact Q35 Ring 3 witness for this clause and close its parent only after all clauses close.
basedefs/monetary.h.html	tag_13_26_08	CHANGE HISTORY	9d33834af38aeae053447858b36096d18f0b6fea32d9b6af79a61091bcda4e7f	open	missing:q35_ring3_base_definitions_clause_witness	Add an exact Q35 Ring 3 witness for this clause and close its parent only after all clauses close.
basedefs/monetary.h.html	tag_13_26_09	Issue 6	9d33834af38aeae053447858b36096d18f0b6fea32d9b6af79a61091bcda4e7f	open	missing:q35_ring3_base_definitions_clause_witness	Add an exact Q35 Ring 3 witness for this clause and close its parent only after all clauses close.
basedefs/monetary.h.html	tag_13_26_10	Issue 7	9d33834af38aeae053447858b36096d18f0b6fea32d9b6af79a61091bcda4e7f	open	missing:q35_ring3_base_definitions_clause_witness	Add an exact Q35 Ring 3 witness for this clause and close its parent only after all clauses close.
basedefs/mqueue.h.html	tag_13_27_01	NAME	dcf9d8c38dc179e9fcc2fe9a071f65aa36f1df7e1412d0336b8dc55b04281b9f	open	missing:q35_ring3_base_definitions_clause_witness	Add an exact Q35 Ring 3 witness for this clause and close its parent only after all clauses close.
basedefs/mqueue.h.html	tag_13_27_02	SYNOPSIS	dcf9d8c38dc179e9fcc2fe9a071f65aa36f1df7e1412d0336b8dc55b04281b9f	open	missing:q35_ring3_base_definitions_clause_witness	Add an exact Q35 Ring 3 witness for this clause and close its parent only after all clauses close.
basedefs/mqueue.h.html	tag_13_27_03	DESCRIPTION	dcf9d8c38dc179e9fcc2fe9a071f65aa36f1df7e1412d0336b8dc55b04281b9f	open	missing:q35_ring3_base_definitions_clause_witness	Add an exact Q35 Ring 3 witness for this clause and close its parent only after all clauses close.
basedefs/mqueue.h.html	tag_13_27_04	APPLICATION USAGE	dcf9d8c38dc179e9fcc2fe9a071f65aa36f1df7e1412d0336b8dc55b04281b9f	open	missing:q35_ring3_base_definitions_clause_witness	Add an exact Q35 Ring 3 witness for this clause and close its parent only after all clauses close.
basedefs/mqueue.h.html	tag_13_27_05	RATIONALE	dcf9d8c38dc179e9fcc2fe9a071f65aa36f1df7e1412d0336b8dc55b04281b9f	open	missing:q35_ring3_base_definitions_clause_witness	Add an exact Q35 Ring 3 witness for this clause and close its parent only after all clauses close.
basedefs/mqueue.h.html	tag_13_27_06	FUTURE DIRECTIONS	dcf9d8c38dc179e9fcc2fe9a071f65aa36f1df7e1412d0336b8dc55b04281b9f	open	missing:q35_ring3_base_definitions_clause_witness	Add an exact Q35 Ring 3 witness for this clause and close its parent only after all clauses close.
basedefs/mqueue.h.html	tag_13_27_07	SEE ALSO	dcf9d8c38dc179e9fcc2fe9a071f65aa36f1df7e1412d0336b8dc55b04281b9f	open	missing:q35_ring3_base_definitions_clause_witness	Add an exact Q35 Ring 3 witness for this clause and close its parent only after all clauses close.
basedefs/mqueue.h.html	tag_13_27_08	CHANGE HISTORY	dcf9d8c38dc179e9fcc2fe9a071f65aa36f1df7e1412d0336b8dc55b04281b9f	open	missing:q35_ring3_base_definitions_clause_witness	Add an exact Q35 Ring 3 witness for this clause and close its parent only after all clauses close.
basedefs/mqueue.h.html	tag_13_27_09	Issue 6	dcf9d8c38dc179e9fcc2fe9a071f65aa36f1df7e1412d0336b8dc55b04281b9f	open	missing:q35_ring3_base_definitions_clause_witness	Add an exact Q35 Ring 3 witness for this clause and close its parent only after all clauses close.
basedefs/mqueue.h.html	tag_13_27_10	Issue 7	dcf9d8c38dc179e9fcc2fe9a071f65aa36f1df7e1412d0336b8dc55b04281b9f	open	missing:q35_ring3_base_definitions_clause_witness	Add an exact Q35 Ring 3 witness for this clause and close its parent only after all clauses close.
basedefs/ndbm.h.html	tag_13_28_01	NAME	506bf2bd21feafb1a4d416ff6498a58f979ef464a220ab0ad5972dac102113c1	open	missing:q35_ring3_base_definitions_clause_witness	Add an exact Q35 Ring 3 witness for this clause and close its parent only after all clauses close.
basedefs/ndbm.h.html	tag_13_28_02	SYNOPSIS	506bf2bd21feafb1a4d416ff6498a58f979ef464a220ab0ad5972dac102113c1	open	missing:q35_ring3_base_definitions_clause_witness	Add an exact Q35 Ring 3 witness for this clause and close its parent only after all clauses close.
basedefs/ndbm.h.html	tag_13_28_03	DESCRIPTION	506bf2bd21feafb1a4d416ff6498a58f979ef464a220ab0ad5972dac102113c1	open	missing:q35_ring3_base_definitions_clause_witness	Add an exact Q35 Ring 3 witness for this clause and close its parent only after all clauses close.
basedefs/ndbm.h.html	tag_13_28_04	APPLICATION USAGE	506bf2bd21feafb1a4d416ff6498a58f979ef464a220ab0ad5972dac102113c1	open	missing:q35_ring3_base_definitions_clause_witness	Add an exact Q35 Ring 3 witness for this clause and close its parent only after all clauses close.
basedefs/ndbm.h.html	tag_13_28_05	RATIONALE	506bf2bd21feafb1a4d416ff6498a58f979ef464a220ab0ad5972dac102113c1	open	missing:q35_ring3_base_definitions_clause_witness	Add an exact Q35 Ring 3 witness for this clause and close its parent only after all clauses close.
basedefs/ndbm.h.html	tag_13_28_06	FUTURE DIRECTIONS	506bf2bd21feafb1a4d416ff6498a58f979ef464a220ab0ad5972dac102113c1	open	missing:q35_ring3_base_definitions_clause_witness	Add an exact Q35 Ring 3 witness for this clause and close its parent only after all clauses close.
basedefs/ndbm.h.html	tag_13_28_07	SEE ALSO	506bf2bd21feafb1a4d416ff6498a58f979ef464a220ab0ad5972dac102113c1	open	missing:q35_ring3_base_definitions_clause_witness	Add an exact Q35 Ring 3 witness for this clause and close its parent only after all clauses close.
basedefs/ndbm.h.html	tag_13_28_08	CHANGE HISTORY	506bf2bd21feafb1a4d416ff6498a58f979ef464a220ab0ad5972dac102113c1	open	missing:q35_ring3_base_definitions_clause_witness	Add an exact Q35 Ring 3 witness for this clause and close its parent only after all clauses close.
basedefs/ndbm.h.html	tag_13_28_09	Issue 5	506bf2bd21feafb1a4d416ff6498a58f979ef464a220ab0ad5972dac102113c1	open	missing:q35_ring3_base_definitions_clause_witness	Add an exact Q35 Ring 3 witness for this clause and close its parent only after all clauses close.
basedefs/ndbm.h.html	tag_13_28_10	Issue 7	506bf2bd21feafb1a4d416ff6498a58f979ef464a220ab0ad5972dac102113c1	open	missing:q35_ring3_base_definitions_clause_witness	Add an exact Q35 Ring 3 witness for this clause and close its parent only after all clauses close.
basedefs/net_if.h.html	tag_13_29_01	NAME	5e14dc718b8ad94d9eeb972583918b091723a6b6b9f6b739108eec1c8c166cd8	open	missing:q35_ring3_base_definitions_clause_witness	Add an exact Q35 Ring 3 witness for this clause and close its parent only after all clauses close.
basedefs/net_if.h.html	tag_13_29_02	SYNOPSIS	5e14dc718b8ad94d9eeb972583918b091723a6b6b9f6b739108eec1c8c166cd8	open	missing:q35_ring3_base_definitions_clause_witness	Add an exact Q35 Ring 3 witness for this clause and close its parent only after all clauses close.
basedefs/net_if.h.html	tag_13_29_03	DESCRIPTION	5e14dc718b8ad94d9eeb972583918b091723a6b6b9f6b739108eec1c8c166cd8	open	missing:q35_ring3_base_definitions_clause_witness	Add an exact Q35 Ring 3 witness for this clause and close its parent only after all clauses close.
basedefs/net_if.h.html	tag_13_29_04	APPLICATION USAGE	5e14dc718b8ad94d9eeb972583918b091723a6b6b9f6b739108eec1c8c166cd8	open	missing:q35_ring3_base_definitions_clause_witness	Add an exact Q35 Ring 3 witness for this clause and close its parent only after all clauses close.
basedefs/net_if.h.html	tag_13_29_05	RATIONALE	5e14dc718b8ad94d9eeb972583918b091723a6b6b9f6b739108eec1c8c166cd8	open	missing:q35_ring3_base_definitions_clause_witness	Add an exact Q35 Ring 3 witness for this clause and close its parent only after all clauses close.
basedefs/net_if.h.html	tag_13_29_06	FUTURE DIRECTIONS	5e14dc718b8ad94d9eeb972583918b091723a6b6b9f6b739108eec1c8c166cd8	open	missing:q35_ring3_base_definitions_clause_witness	Add an exact Q35 Ring 3 witness for this clause and close its parent only after all clauses close.
basedefs/net_if.h.html	tag_13_29_07	SEE ALSO	5e14dc718b8ad94d9eeb972583918b091723a6b6b9f6b739108eec1c8c166cd8	open	missing:q35_ring3_base_definitions_clause_witness	Add an exact Q35 Ring 3 witness for this clause and close its parent only after all clauses close.
basedefs/net_if.h.html	tag_13_29_08	CHANGE HISTORY	5e14dc718b8ad94d9eeb972583918b091723a6b6b9f6b739108eec1c8c166cd8	open	missing:q35_ring3_base_definitions_clause_witness	Add an exact Q35 Ring 3 witness for this clause and close its parent only after all clauses close.
basedefs/net_if.h.html	tag_13_29_09	Issue 7	5e14dc718b8ad94d9eeb972583918b091723a6b6b9f6b739108eec1c8c166cd8	open	missing:q35_ring3_base_definitions_clause_witness	Add an exact Q35 Ring 3 witness for this clause and close its parent only after all clauses close.
basedefs/netdb.h.html	tag_13_30_01	NAME	e518341135520334c3c7cc4ecb26a114bca7ba86039ac6aef260fd99036f5ed9	open	missing:q35_ring3_base_definitions_clause_witness	Add an exact Q35 Ring 3 witness for this clause and close its parent only after all clauses close.
basedefs/netdb.h.html	tag_13_30_02	SYNOPSIS	e518341135520334c3c7cc4ecb26a114bca7ba86039ac6aef260fd99036f5ed9	open	missing:q35_ring3_base_definitions_clause_witness	Add an exact Q35 Ring 3 witness for this clause and close its parent only after all clauses close.
basedefs/netdb.h.html	tag_13_30_03	DESCRIPTION	e518341135520334c3c7cc4ecb26a114bca7ba86039ac6aef260fd99036f5ed9	open	missing:q35_ring3_base_definitions_clause_witness	Add an exact Q35 Ring 3 witness for this clause and close its parent only after all clauses close.
basedefs/netdb.h.html	tag_13_30_03_01	Address Information Structure	e518341135520334c3c7cc4ecb26a114bca7ba86039ac6aef260fd99036f5ed9	open	missing:q35_ring3_base_definitions_clause_witness	Add an exact Q35 Ring 3 witness for this clause and close its parent only after all clauses close.
basedefs/netdb.h.html	tag_13_30_03_02	Address Information Errors	e518341135520334c3c7cc4ecb26a114bca7ba86039ac6aef260fd99036f5ed9	open	missing:q35_ring3_base_definitions_clause_witness	Add an exact Q35 Ring 3 witness for this clause and close its parent only after all clauses close.
basedefs/netdb.h.html	tag_13_30_04	APPLICATION USAGE	e518341135520334c3c7cc4ecb26a114bca7ba86039ac6aef260fd99036f5ed9	open	missing:q35_ring3_base_definitions_clause_witness	Add an exact Q35 Ring 3 witness for this clause and close its parent only after all clauses close.
basedefs/netdb.h.html	tag_13_30_05	RATIONALE	e518341135520334c3c7cc4ecb26a114bca7ba86039ac6aef260fd99036f5ed9	open	missing:q35_ring3_base_definitions_clause_witness	Add an exact Q35 Ring 3 witness for this clause and close its parent only after all clauses close.
basedefs/netdb.h.html	tag_13_30_06	FUTURE DIRECTIONS	e518341135520334c3c7cc4ecb26a114bca7ba86039ac6aef260fd99036f5ed9	open	missing:q35_ring3_base_definitions_clause_witness	Add an exact Q35 Ring 3 witness for this clause and close its parent only after all clauses close.
basedefs/netdb.h.html	tag_13_30_07	SEE ALSO	e518341135520334c3c7cc4ecb26a114bca7ba86039ac6aef260fd99036f5ed9	open	missing:q35_ring3_base_definitions_clause_witness	Add an exact Q35 Ring 3 witness for this clause and close its parent only after all clauses close.
basedefs/netdb.h.html	tag_13_30_08	CHANGE HISTORY	e518341135520334c3c7cc4ecb26a114bca7ba86039ac6aef260fd99036f5ed9	open	missing:q35_ring3_base_definitions_clause_witness	Add an exact Q35 Ring 3 witness for this clause and close its parent only after all clauses close.
basedefs/netdb.h.html	tag_13_30_09	Issue 7	e518341135520334c3c7cc4ecb26a114bca7ba86039ac6aef260fd99036f5ed9	open	missing:q35_ring3_base_definitions_clause_witness	Add an exact Q35 Ring 3 witness for this clause and close its parent only after all clauses close.
basedefs/netinet_in.h.html	tag_13_31_01	NAME	93a0080e7031997602d206ad83ed7d840c27339be28b67014b3865eefa9ccf9b	open	missing:q35_ring3_base_definitions_clause_witness	Add an exact Q35 Ring 3 witness for this clause and close its parent only after all clauses close.
basedefs/netinet_in.h.html	tag_13_31_02	SYNOPSIS	93a0080e7031997602d206ad83ed7d840c27339be28b67014b3865eefa9ccf9b	open	missing:q35_ring3_base_definitions_clause_witness	Add an exact Q35 Ring 3 witness for this clause and close its parent only after all clauses close.
basedefs/netinet_in.h.html	tag_13_31_03	DESCRIPTION	93a0080e7031997602d206ad83ed7d840c27339be28b67014b3865eefa9ccf9b	open	missing:q35_ring3_base_definitions_clause_witness	Add an exact Q35 Ring 3 witness for this clause and close its parent only after all clauses close.
basedefs/netinet_in.h.html	tag_13_31_04	APPLICATION USAGE	93a0080e7031997602d206ad83ed7d840c27339be28b67014b3865eefa9ccf9b	open	missing:q35_ring3_base_definitions_clause_witness	Add an exact Q35 Ring 3 witness for this clause and close its parent only after all clauses close.
basedefs/netinet_in.h.html	tag_13_31_05	RATIONALE	93a0080e7031997602d206ad83ed7d840c27339be28b67014b3865eefa9ccf9b	open	missing:q35_ring3_base_definitions_clause_witness	Add an exact Q35 Ring 3 witness for this clause and close its parent only after all clauses close.
basedefs/netinet_in.h.html	tag_13_31_06	FUTURE DIRECTIONS	93a0080e7031997602d206ad83ed7d840c27339be28b67014b3865eefa9ccf9b	open	missing:q35_ring3_base_definitions_clause_witness	Add an exact Q35 Ring 3 witness for this clause and close its parent only after all clauses close.
basedefs/netinet_in.h.html	tag_13_31_07	SEE ALSO	93a0080e7031997602d206ad83ed7d840c27339be28b67014b3865eefa9ccf9b	open	missing:q35_ring3_base_definitions_clause_witness	Add an exact Q35 Ring 3 witness for this clause and close its parent only after all clauses close.
basedefs/netinet_in.h.html	tag_13_31_08	CHANGE HISTORY	93a0080e7031997602d206ad83ed7d840c27339be28b67014b3865eefa9ccf9b	open	missing:q35_ring3_base_definitions_clause_witness	Add an exact Q35 Ring 3 witness for this clause and close its parent only after all clauses close.
basedefs/netinet_in.h.html	tag_13_31_09	Issue 7	93a0080e7031997602d206ad83ed7d840c27339be28b67014b3865eefa9ccf9b	open	missing:q35_ring3_base_definitions_clause_witness	Add an exact Q35 Ring 3 witness for this clause and close its parent only after all clauses close.
basedefs/netinet_tcp.h.html	tag_13_32_01	NAME	9ef7c1c48ebae07c1cd3a3191a6d91eed9caaabf694b114a217d7480527ce3b4	open	missing:q35_ring3_base_definitions_clause_witness	Add an exact Q35 Ring 3 witness for this clause and close its parent only after all clauses close.
basedefs/netinet_tcp.h.html	tag_13_32_02	SYNOPSIS	9ef7c1c48ebae07c1cd3a3191a6d91eed9caaabf694b114a217d7480527ce3b4	open	missing:q35_ring3_base_definitions_clause_witness	Add an exact Q35 Ring 3 witness for this clause and close its parent only after all clauses close.
basedefs/netinet_tcp.h.html	tag_13_32_03	DESCRIPTION	9ef7c1c48ebae07c1cd3a3191a6d91eed9caaabf694b114a217d7480527ce3b4	open	missing:q35_ring3_base_definitions_clause_witness	Add an exact Q35 Ring 3 witness for this clause and close its parent only after all clauses close.
basedefs/netinet_tcp.h.html	tag_13_32_04	APPLICATION USAGE	9ef7c1c48ebae07c1cd3a3191a6d91eed9caaabf694b114a217d7480527ce3b4	open	missing:q35_ring3_base_definitions_clause_witness	Add an exact Q35 Ring 3 witness for this clause and close its parent only after all clauses close.
basedefs/netinet_tcp.h.html	tag_13_32_05	RATIONALE	9ef7c1c48ebae07c1cd3a3191a6d91eed9caaabf694b114a217d7480527ce3b4	open	missing:q35_ring3_base_definitions_clause_witness	Add an exact Q35 Ring 3 witness for this clause and close its parent only after all clauses close.
basedefs/netinet_tcp.h.html	tag_13_32_06	FUTURE DIRECTIONS	9ef7c1c48ebae07c1cd3a3191a6d91eed9caaabf694b114a217d7480527ce3b4	open	missing:q35_ring3_base_definitions_clause_witness	Add an exact Q35 Ring 3 witness for this clause and close its parent only after all clauses close.
basedefs/netinet_tcp.h.html	tag_13_32_07	SEE ALSO	9ef7c1c48ebae07c1cd3a3191a6d91eed9caaabf694b114a217d7480527ce3b4	open	missing:q35_ring3_base_definitions_clause_witness	Add an exact Q35 Ring 3 witness for this clause and close its parent only after all clauses close.
basedefs/netinet_tcp.h.html	tag_13_32_08	CHANGE HISTORY	9ef7c1c48ebae07c1cd3a3191a6d91eed9caaabf694b114a217d7480527ce3b4	open	missing:q35_ring3_base_definitions_clause_witness	Add an exact Q35 Ring 3 witness for this clause and close its parent only after all clauses close.
basedefs/netinet_tcp.h.html	tag_13_32_09	Issue 7	9ef7c1c48ebae07c1cd3a3191a6d91eed9caaabf694b114a217d7480527ce3b4	open	missing:q35_ring3_base_definitions_clause_witness	Add an exact Q35 Ring 3 witness for this clause and close its parent only after all clauses close.
basedefs/nl_types.h.html	tag_13_33_01	NAME	c88865c99821869c58ecf78a47518fc7a1c059154cc7f4821ce9834ff75de06d	open	missing:q35_ring3_base_definitions_clause_witness	Add an exact Q35 Ring 3 witness for this clause and close its parent only after all clauses close.
basedefs/nl_types.h.html	tag_13_33_02	SYNOPSIS	c88865c99821869c58ecf78a47518fc7a1c059154cc7f4821ce9834ff75de06d	open	missing:q35_ring3_base_definitions_clause_witness	Add an exact Q35 Ring 3 witness for this clause and close its parent only after all clauses close.
basedefs/nl_types.h.html	tag_13_33_03	DESCRIPTION	c88865c99821869c58ecf78a47518fc7a1c059154cc7f4821ce9834ff75de06d	open	missing:q35_ring3_base_definitions_clause_witness	Add an exact Q35 Ring 3 witness for this clause and close its parent only after all clauses close.
basedefs/nl_types.h.html	tag_13_33_04	APPLICATION USAGE	c88865c99821869c58ecf78a47518fc7a1c059154cc7f4821ce9834ff75de06d	open	missing:q35_ring3_base_definitions_clause_witness	Add an exact Q35 Ring 3 witness for this clause and close its parent only after all clauses close.
basedefs/nl_types.h.html	tag_13_33_05	RATIONALE	c88865c99821869c58ecf78a47518fc7a1c059154cc7f4821ce9834ff75de06d	open	missing:q35_ring3_base_definitions_clause_witness	Add an exact Q35 Ring 3 witness for this clause and close its parent only after all clauses close.
basedefs/nl_types.h.html	tag_13_33_06	FUTURE DIRECTIONS	c88865c99821869c58ecf78a47518fc7a1c059154cc7f4821ce9834ff75de06d	open	missing:q35_ring3_base_definitions_clause_witness	Add an exact Q35 Ring 3 witness for this clause and close its parent only after all clauses close.
basedefs/nl_types.h.html	tag_13_33_07	SEE ALSO	c88865c99821869c58ecf78a47518fc7a1c059154cc7f4821ce9834ff75de06d	open	missing:q35_ring3_base_definitions_clause_witness	Add an exact Q35 Ring 3 witness for this clause and close its parent only after all clauses close.
basedefs/nl_types.h.html	tag_13_33_08	CHANGE HISTORY	c88865c99821869c58ecf78a47518fc7a1c059154cc7f4821ce9834ff75de06d	open	missing:q35_ring3_base_definitions_clause_witness	Add an exact Q35 Ring 3 witness for this clause and close its parent only after all clauses close.
basedefs/nl_types.h.html	tag_13_33_09	Issue 7	c88865c99821869c58ecf78a47518fc7a1c059154cc7f4821ce9834ff75de06d	open	missing:q35_ring3_base_definitions_clause_witness	Add an exact Q35 Ring 3 witness for this clause and close its parent only after all clauses close.
basedefs/poll.h.html	tag_13_34_01	NAME	78e7e7b5e10f07b7f64919f0d074e6a4dc9638529ac75c1b2d5acbbbf181c8dd	open	missing:q35_ring3_base_definitions_clause_witness	Add an exact Q35 Ring 3 witness for this clause and close its parent only after all clauses close.
basedefs/poll.h.html	tag_13_34_02	SYNOPSIS	78e7e7b5e10f07b7f64919f0d074e6a4dc9638529ac75c1b2d5acbbbf181c8dd	open	missing:q35_ring3_base_definitions_clause_witness	Add an exact Q35 Ring 3 witness for this clause and close its parent only after all clauses close.
basedefs/poll.h.html	tag_13_34_03	DESCRIPTION	78e7e7b5e10f07b7f64919f0d074e6a4dc9638529ac75c1b2d5acbbbf181c8dd	open	missing:q35_ring3_base_definitions_clause_witness	Add an exact Q35 Ring 3 witness for this clause and close its parent only after all clauses close.
basedefs/poll.h.html	tag_13_34_04	APPLICATION USAGE	78e7e7b5e10f07b7f64919f0d074e6a4dc9638529ac75c1b2d5acbbbf181c8dd	open	missing:q35_ring3_base_definitions_clause_witness	Add an exact Q35 Ring 3 witness for this clause and close its parent only after all clauses close.
basedefs/poll.h.html	tag_13_34_05	RATIONALE	78e7e7b5e10f07b7f64919f0d074e6a4dc9638529ac75c1b2d5acbbbf181c8dd	open	missing:q35_ring3_base_definitions_clause_witness	Add an exact Q35 Ring 3 witness for this clause and close its parent only after all clauses close.
basedefs/poll.h.html	tag_13_34_06	FUTURE DIRECTIONS	78e7e7b5e10f07b7f64919f0d074e6a4dc9638529ac75c1b2d5acbbbf181c8dd	open	missing:q35_ring3_base_definitions_clause_witness	Add an exact Q35 Ring 3 witness for this clause and close its parent only after all clauses close.
basedefs/poll.h.html	tag_13_34_07	SEE ALSO	78e7e7b5e10f07b7f64919f0d074e6a4dc9638529ac75c1b2d5acbbbf181c8dd	open	missing:q35_ring3_base_definitions_clause_witness	Add an exact Q35 Ring 3 witness for this clause and close its parent only after all clauses close.
basedefs/poll.h.html	tag_13_34_08	CHANGE HISTORY	78e7e7b5e10f07b7f64919f0d074e6a4dc9638529ac75c1b2d5acbbbf181c8dd	open	missing:q35_ring3_base_definitions_clause_witness	Add an exact Q35 Ring 3 witness for this clause and close its parent only after all clauses close.
basedefs/poll.h.html	tag_13_34_09	Issue 6	78e7e7b5e10f07b7f64919f0d074e6a4dc9638529ac75c1b2d5acbbbf181c8dd	open	missing:q35_ring3_base_definitions_clause_witness	Add an exact Q35 Ring 3 witness for this clause and close its parent only after all clauses close.
basedefs/poll.h.html	tag_13_34_10	Issue 7	78e7e7b5e10f07b7f64919f0d074e6a4dc9638529ac75c1b2d5acbbbf181c8dd	open	missing:q35_ring3_base_definitions_clause_witness	Add an exact Q35 Ring 3 witness for this clause and close its parent only after all clauses close.
basedefs/pthread.h.html	tag_13_35_01	NAME	dafdeea3e60243b22269a6c257628a16f0564e178742166a73bb53fe715c5589	open	missing:q35_ring3_base_definitions_clause_witness	Add an exact Q35 Ring 3 witness for this clause and close its parent only after all clauses close.
basedefs/pthread.h.html	tag_13_35_02	SYNOPSIS	dafdeea3e60243b22269a6c257628a16f0564e178742166a73bb53fe715c5589	open	missing:q35_ring3_base_definitions_clause_witness	Add an exact Q35 Ring 3 witness for this clause and close its parent only after all clauses close.
basedefs/pthread.h.html	tag_13_35_03	DESCRIPTION	dafdeea3e60243b22269a6c257628a16f0564e178742166a73bb53fe715c5589	open	missing:q35_ring3_base_definitions_clause_witness	Add an exact Q35 Ring 3 witness for this clause and close its parent only after all clauses close.
basedefs/pthread.h.html	tag_13_35_04	APPLICATION USAGE	dafdeea3e60243b22269a6c257628a16f0564e178742166a73bb53fe715c5589	open	missing:q35_ring3_base_definitions_clause_witness	Add an exact Q35 Ring 3 witness for this clause and close its parent only after all clauses close.
basedefs/pthread.h.html	tag_13_35_05	RATIONALE	dafdeea3e60243b22269a6c257628a16f0564e178742166a73bb53fe715c5589	open	missing:q35_ring3_base_definitions_clause_witness	Add an exact Q35 Ring 3 witness for this clause and close its parent only after all clauses close.
basedefs/pthread.h.html	tag_13_35_06	FUTURE DIRECTIONS	dafdeea3e60243b22269a6c257628a16f0564e178742166a73bb53fe715c5589	open	missing:q35_ring3_base_definitions_clause_witness	Add an exact Q35 Ring 3 witness for this clause and close its parent only after all clauses close.
basedefs/pthread.h.html	tag_13_35_07	SEE ALSO	dafdeea3e60243b22269a6c257628a16f0564e178742166a73bb53fe715c5589	open	missing:q35_ring3_base_definitions_clause_witness	Add an exact Q35 Ring 3 witness for this clause and close its parent only after all clauses close.
basedefs/pthread.h.html	tag_13_35_08	CHANGE HISTORY	dafdeea3e60243b22269a6c257628a16f0564e178742166a73bb53fe715c5589	open	missing:q35_ring3_base_definitions_clause_witness	Add an exact Q35 Ring 3 witness for this clause and close its parent only after all clauses close.
basedefs/pthread.h.html	tag_13_35_09	Issue 6	dafdeea3e60243b22269a6c257628a16f0564e178742166a73bb53fe715c5589	open	missing:q35_ring3_base_definitions_clause_witness	Add an exact Q35 Ring 3 witness for this clause and close its parent only after all clauses close.
basedefs/pthread.h.html	tag_13_35_10	Issue 7	dafdeea3e60243b22269a6c257628a16f0564e178742166a73bb53fe715c5589	open	missing:q35_ring3_base_definitions_clause_witness	Add an exact Q35 Ring 3 witness for this clause and close its parent only after all clauses close.
basedefs/pwd.h.html	tag_13_36_01	NAME	c754c274fbd0c12d86b5d7d3131c0671fb119211fdd571a23c9b01943c6ee142	open	missing:q35_ring3_base_definitions_clause_witness	Add an exact Q35 Ring 3 witness for this clause and close its parent only after all clauses close.
basedefs/pwd.h.html	tag_13_36_02	SYNOPSIS	c754c274fbd0c12d86b5d7d3131c0671fb119211fdd571a23c9b01943c6ee142	open	missing:q35_ring3_base_definitions_clause_witness	Add an exact Q35 Ring 3 witness for this clause and close its parent only after all clauses close.
basedefs/pwd.h.html	tag_13_36_03	DESCRIPTION	c754c274fbd0c12d86b5d7d3131c0671fb119211fdd571a23c9b01943c6ee142	open	missing:q35_ring3_base_definitions_clause_witness	Add an exact Q35 Ring 3 witness for this clause and close its parent only after all clauses close.
basedefs/pwd.h.html	tag_13_36_04	APPLICATION USAGE	c754c274fbd0c12d86b5d7d3131c0671fb119211fdd571a23c9b01943c6ee142	open	missing:q35_ring3_base_definitions_clause_witness	Add an exact Q35 Ring 3 witness for this clause and close its parent only after all clauses close.
basedefs/pwd.h.html	tag_13_36_05	RATIONALE	c754c274fbd0c12d86b5d7d3131c0671fb119211fdd571a23c9b01943c6ee142	open	missing:q35_ring3_base_definitions_clause_witness	Add an exact Q35 Ring 3 witness for this clause and close its parent only after all clauses close.
basedefs/pwd.h.html	tag_13_36_06	FUTURE DIRECTIONS	c754c274fbd0c12d86b5d7d3131c0671fb119211fdd571a23c9b01943c6ee142	open	missing:q35_ring3_base_definitions_clause_witness	Add an exact Q35 Ring 3 witness for this clause and close its parent only after all clauses close.
basedefs/pwd.h.html	tag_13_36_07	SEE ALSO	c754c274fbd0c12d86b5d7d3131c0671fb119211fdd571a23c9b01943c6ee142	open	missing:q35_ring3_base_definitions_clause_witness	Add an exact Q35 Ring 3 witness for this clause and close its parent only after all clauses close.
basedefs/pwd.h.html	tag_13_36_08	CHANGE HISTORY	c754c274fbd0c12d86b5d7d3131c0671fb119211fdd571a23c9b01943c6ee142	open	missing:q35_ring3_base_definitions_clause_witness	Add an exact Q35 Ring 3 witness for this clause and close its parent only after all clauses close.
basedefs/pwd.h.html	tag_13_36_09	Issue 5	c754c274fbd0c12d86b5d7d3131c0671fb119211fdd571a23c9b01943c6ee142	open	missing:q35_ring3_base_definitions_clause_witness	Add an exact Q35 Ring 3 witness for this clause and close its parent only after all clauses close.
basedefs/pwd.h.html	tag_13_36_10	Issue 6	c754c274fbd0c12d86b5d7d3131c0671fb119211fdd571a23c9b01943c6ee142	open	missing:q35_ring3_base_definitions_clause_witness	Add an exact Q35 Ring 3 witness for this clause and close its parent only after all clauses close.
basedefs/pwd.h.html	tag_13_36_11	Issue 7	c754c274fbd0c12d86b5d7d3131c0671fb119211fdd571a23c9b01943c6ee142	open	missing:q35_ring3_base_definitions_clause_witness	Add an exact Q35 Ring 3 witness for this clause and close its parent only after all clauses close.
basedefs/regex.h.html	tag_13_37_01	NAME	c74c76fedf38b467aeba147cde870397f895163b65bfb28105a2418a0b2a0970	open	missing:q35_ring3_base_definitions_clause_witness	Add an exact Q35 Ring 3 witness for this clause and close its parent only after all clauses close.
basedefs/regex.h.html	tag_13_37_02	SYNOPSIS	c74c76fedf38b467aeba147cde870397f895163b65bfb28105a2418a0b2a0970	open	missing:q35_ring3_base_definitions_clause_witness	Add an exact Q35 Ring 3 witness for this clause and close its parent only after all clauses close.
basedefs/regex.h.html	tag_13_37_03	DESCRIPTION	c74c76fedf38b467aeba147cde870397f895163b65bfb28105a2418a0b2a0970	open	missing:q35_ring3_base_definitions_clause_witness	Add an exact Q35 Ring 3 witness for this clause and close its parent only after all clauses close.
basedefs/regex.h.html	tag_13_37_04	APPLICATION USAGE	c74c76fedf38b467aeba147cde870397f895163b65bfb28105a2418a0b2a0970	open	missing:q35_ring3_base_definitions_clause_witness	Add an exact Q35 Ring 3 witness for this clause and close its parent only after all clauses close.
basedefs/regex.h.html	tag_13_37_05	RATIONALE	c74c76fedf38b467aeba147cde870397f895163b65bfb28105a2418a0b2a0970	open	missing:q35_ring3_base_definitions_clause_witness	Add an exact Q35 Ring 3 witness for this clause and close its parent only after all clauses close.
basedefs/regex.h.html	tag_13_37_06	FUTURE DIRECTIONS	c74c76fedf38b467aeba147cde870397f895163b65bfb28105a2418a0b2a0970	open	missing:q35_ring3_base_definitions_clause_witness	Add an exact Q35 Ring 3 witness for this clause and close its parent only after all clauses close.
basedefs/regex.h.html	tag_13_37_07	SEE ALSO	c74c76fedf38b467aeba147cde870397f895163b65bfb28105a2418a0b2a0970	open	missing:q35_ring3_base_definitions_clause_witness	Add an exact Q35 Ring 3 witness for this clause and close its parent only after all clauses close.
basedefs/regex.h.html	tag_13_37_08	CHANGE HISTORY	c74c76fedf38b467aeba147cde870397f895163b65bfb28105a2418a0b2a0970	open	missing:q35_ring3_base_definitions_clause_witness	Add an exact Q35 Ring 3 witness for this clause and close its parent only after all clauses close.
basedefs/regex.h.html	tag_13_37_09	Issue 6	c74c76fedf38b467aeba147cde870397f895163b65bfb28105a2418a0b2a0970	open	missing:q35_ring3_base_definitions_clause_witness	Add an exact Q35 Ring 3 witness for this clause and close its parent only after all clauses close.
basedefs/regex.h.html	tag_13_37_10	Issue 7	c74c76fedf38b467aeba147cde870397f895163b65bfb28105a2418a0b2a0970	open	missing:q35_ring3_base_definitions_clause_witness	Add an exact Q35 Ring 3 witness for this clause and close its parent only after all clauses close.
basedefs/sched.h.html	tag_13_38_01	NAME	8ad138024078ad45c93398fde96a0b9a91174d4567d8674b76e881e26afad5c9	open	missing:q35_ring3_base_definitions_clause_witness	Add an exact Q35 Ring 3 witness for this clause and close its parent only after all clauses close.
basedefs/sched.h.html	tag_13_38_02	SYNOPSIS	8ad138024078ad45c93398fde96a0b9a91174d4567d8674b76e881e26afad5c9	open	missing:q35_ring3_base_definitions_clause_witness	Add an exact Q35 Ring 3 witness for this clause and close its parent only after all clauses close.
basedefs/sched.h.html	tag_13_38_03	DESCRIPTION	8ad138024078ad45c93398fde96a0b9a91174d4567d8674b76e881e26afad5c9	open	missing:q35_ring3_base_definitions_clause_witness	Add an exact Q35 Ring 3 witness for this clause and close its parent only after all clauses close.
basedefs/sched.h.html	tag_13_38_04	APPLICATION USAGE	8ad138024078ad45c93398fde96a0b9a91174d4567d8674b76e881e26afad5c9	open	missing:q35_ring3_base_definitions_clause_witness	Add an exact Q35 Ring 3 witness for this clause and close its parent only after all clauses close.
basedefs/sched.h.html	tag_13_38_05	RATIONALE	8ad138024078ad45c93398fde96a0b9a91174d4567d8674b76e881e26afad5c9	open	missing:q35_ring3_base_definitions_clause_witness	Add an exact Q35 Ring 3 witness for this clause and close its parent only after all clauses close.
basedefs/sched.h.html	tag_13_38_06	FUTURE DIRECTIONS	8ad138024078ad45c93398fde96a0b9a91174d4567d8674b76e881e26afad5c9	open	missing:q35_ring3_base_definitions_clause_witness	Add an exact Q35 Ring 3 witness for this clause and close its parent only after all clauses close.
basedefs/sched.h.html	tag_13_38_07	SEE ALSO	8ad138024078ad45c93398fde96a0b9a91174d4567d8674b76e881e26afad5c9	open	missing:q35_ring3_base_definitions_clause_witness	Add an exact Q35 Ring 3 witness for this clause and close its parent only after all clauses close.
basedefs/sched.h.html	tag_13_38_08	CHANGE HISTORY	8ad138024078ad45c93398fde96a0b9a91174d4567d8674b76e881e26afad5c9	open	missing:q35_ring3_base_definitions_clause_witness	Add an exact Q35 Ring 3 witness for this clause and close its parent only after all clauses close.
basedefs/sched.h.html	tag_13_38_09	Issue 6	8ad138024078ad45c93398fde96a0b9a91174d4567d8674b76e881e26afad5c9	open	missing:q35_ring3_base_definitions_clause_witness	Add an exact Q35 Ring 3 witness for this clause and close its parent only after all clauses close.
basedefs/sched.h.html	tag_13_38_10	Issue 7	8ad138024078ad45c93398fde96a0b9a91174d4567d8674b76e881e26afad5c9	open	missing:q35_ring3_base_definitions_clause_witness	Add an exact Q35 Ring 3 witness for this clause and close its parent only after all clauses close.
basedefs/search.h.html	tag_13_39_01	NAME	9ea093de9753a0617c2a58a36efb4f62247dbee96aa1fa20e7fb60ed4c95088f	open	missing:q35_ring3_base_definitions_clause_witness	Add an exact Q35 Ring 3 witness for this clause and close its parent only after all clauses close.
basedefs/search.h.html	tag_13_39_02	SYNOPSIS	9ea093de9753a0617c2a58a36efb4f62247dbee96aa1fa20e7fb60ed4c95088f	open	missing:q35_ring3_base_definitions_clause_witness	Add an exact Q35 Ring 3 witness for this clause and close its parent only after all clauses close.
basedefs/search.h.html	tag_13_39_03	DESCRIPTION	9ea093de9753a0617c2a58a36efb4f62247dbee96aa1fa20e7fb60ed4c95088f	open	missing:q35_ring3_base_definitions_clause_witness	Add an exact Q35 Ring 3 witness for this clause and close its parent only after all clauses close.
basedefs/search.h.html	tag_13_39_04	APPLICATION USAGE	9ea093de9753a0617c2a58a36efb4f62247dbee96aa1fa20e7fb60ed4c95088f	open	missing:q35_ring3_base_definitions_clause_witness	Add an exact Q35 Ring 3 witness for this clause and close its parent only after all clauses close.
basedefs/search.h.html	tag_13_39_05	RATIONALE	9ea093de9753a0617c2a58a36efb4f62247dbee96aa1fa20e7fb60ed4c95088f	open	missing:q35_ring3_base_definitions_clause_witness	Add an exact Q35 Ring 3 witness for this clause and close its parent only after all clauses close.
basedefs/search.h.html	tag_13_39_06	FUTURE DIRECTIONS	9ea093de9753a0617c2a58a36efb4f62247dbee96aa1fa20e7fb60ed4c95088f	open	missing:q35_ring3_base_definitions_clause_witness	Add an exact Q35 Ring 3 witness for this clause and close its parent only after all clauses close.
basedefs/search.h.html	tag_13_39_07	SEE ALSO	9ea093de9753a0617c2a58a36efb4f62247dbee96aa1fa20e7fb60ed4c95088f	open	missing:q35_ring3_base_definitions_clause_witness	Add an exact Q35 Ring 3 witness for this clause and close its parent only after all clauses close.
basedefs/search.h.html	tag_13_39_08	CHANGE HISTORY	9ea093de9753a0617c2a58a36efb4f62247dbee96aa1fa20e7fb60ed4c95088f	open	missing:q35_ring3_base_definitions_clause_witness	Add an exact Q35 Ring 3 witness for this clause and close its parent only after all clauses close.
basedefs/search.h.html	tag_13_39_09	Issue 6	9ea093de9753a0617c2a58a36efb4f62247dbee96aa1fa20e7fb60ed4c95088f	open	missing:q35_ring3_base_definitions_clause_witness	Add an exact Q35 Ring 3 witness for this clause and close its parent only after all clauses close.
basedefs/semaphore.h.html	tag_13_40_01	NAME	f7ccca8437af263531b7dc3c23f98d7b243b7e7058aa88220659f195048b0279	open	missing:q35_ring3_base_definitions_clause_witness	Add an exact Q35 Ring 3 witness for this clause and close its parent only after all clauses close.
basedefs/semaphore.h.html	tag_13_40_02	SYNOPSIS	f7ccca8437af263531b7dc3c23f98d7b243b7e7058aa88220659f195048b0279	open	missing:q35_ring3_base_definitions_clause_witness	Add an exact Q35 Ring 3 witness for this clause and close its parent only after all clauses close.
basedefs/semaphore.h.html	tag_13_40_03	DESCRIPTION	f7ccca8437af263531b7dc3c23f98d7b243b7e7058aa88220659f195048b0279	open	missing:q35_ring3_base_definitions_clause_witness	Add an exact Q35 Ring 3 witness for this clause and close its parent only after all clauses close.
basedefs/semaphore.h.html	tag_13_40_04	APPLICATION USAGE	f7ccca8437af263531b7dc3c23f98d7b243b7e7058aa88220659f195048b0279	open	missing:q35_ring3_base_definitions_clause_witness	Add an exact Q35 Ring 3 witness for this clause and close its parent only after all clauses close.
basedefs/semaphore.h.html	tag_13_40_05	RATIONALE	f7ccca8437af263531b7dc3c23f98d7b243b7e7058aa88220659f195048b0279	open	missing:q35_ring3_base_definitions_clause_witness	Add an exact Q35 Ring 3 witness for this clause and close its parent only after all clauses close.
basedefs/semaphore.h.html	tag_13_40_06	FUTURE DIRECTIONS	f7ccca8437af263531b7dc3c23f98d7b243b7e7058aa88220659f195048b0279	open	missing:q35_ring3_base_definitions_clause_witness	Add an exact Q35 Ring 3 witness for this clause and close its parent only after all clauses close.
basedefs/semaphore.h.html	tag_13_40_07	SEE ALSO	f7ccca8437af263531b7dc3c23f98d7b243b7e7058aa88220659f195048b0279	open	missing:q35_ring3_base_definitions_clause_witness	Add an exact Q35 Ring 3 witness for this clause and close its parent only after all clauses close.
basedefs/semaphore.h.html	tag_13_40_08	CHANGE HISTORY	f7ccca8437af263531b7dc3c23f98d7b243b7e7058aa88220659f195048b0279	open	missing:q35_ring3_base_definitions_clause_witness	Add an exact Q35 Ring 3 witness for this clause and close its parent only after all clauses close.
basedefs/semaphore.h.html	tag_13_40_09	Issue 6	f7ccca8437af263531b7dc3c23f98d7b243b7e7058aa88220659f195048b0279	open	missing:q35_ring3_base_definitions_clause_witness	Add an exact Q35 Ring 3 witness for this clause and close its parent only after all clauses close.
basedefs/semaphore.h.html	tag_13_40_10	Issue 7	f7ccca8437af263531b7dc3c23f98d7b243b7e7058aa88220659f195048b0279	open	missing:q35_ring3_base_definitions_clause_witness	Add an exact Q35 Ring 3 witness for this clause and close its parent only after all clauses close.
basedefs/setjmp.h.html	tag_13_41_01	NAME	5f1f4c44cfb6009e53f3241cd89f26396bb8a02326057dd9aeaae515a71b7331	open	missing:q35_ring3_base_definitions_clause_witness	Add an exact Q35 Ring 3 witness for this clause and close its parent only after all clauses close.
basedefs/setjmp.h.html	tag_13_41_02	SYNOPSIS	5f1f4c44cfb6009e53f3241cd89f26396bb8a02326057dd9aeaae515a71b7331	open	missing:q35_ring3_base_definitions_clause_witness	Add an exact Q35 Ring 3 witness for this clause and close its parent only after all clauses close.
basedefs/setjmp.h.html	tag_13_41_03	DESCRIPTION	5f1f4c44cfb6009e53f3241cd89f26396bb8a02326057dd9aeaae515a71b7331	open	missing:q35_ring3_base_definitions_clause_witness	Add an exact Q35 Ring 3 witness for this clause and close its parent only after all clauses close.
basedefs/setjmp.h.html	tag_13_41_04	APPLICATION USAGE	5f1f4c44cfb6009e53f3241cd89f26396bb8a02326057dd9aeaae515a71b7331	open	missing:q35_ring3_base_definitions_clause_witness	Add an exact Q35 Ring 3 witness for this clause and close its parent only after all clauses close.
basedefs/setjmp.h.html	tag_13_41_05	RATIONALE	5f1f4c44cfb6009e53f3241cd89f26396bb8a02326057dd9aeaae515a71b7331	open	missing:q35_ring3_base_definitions_clause_witness	Add an exact Q35 Ring 3 witness for this clause and close its parent only after all clauses close.
basedefs/setjmp.h.html	tag_13_41_06	FUTURE DIRECTIONS	5f1f4c44cfb6009e53f3241cd89f26396bb8a02326057dd9aeaae515a71b7331	open	missing:q35_ring3_base_definitions_clause_witness	Add an exact Q35 Ring 3 witness for this clause and close its parent only after all clauses close.
basedefs/setjmp.h.html	tag_13_41_07	SEE ALSO	5f1f4c44cfb6009e53f3241cd89f26396bb8a02326057dd9aeaae515a71b7331	open	missing:q35_ring3_base_definitions_clause_witness	Add an exact Q35 Ring 3 witness for this clause and close its parent only after all clauses close.
basedefs/setjmp.h.html	tag_13_41_08	CHANGE HISTORY	5f1f4c44cfb6009e53f3241cd89f26396bb8a02326057dd9aeaae515a71b7331	open	missing:q35_ring3_base_definitions_clause_witness	Add an exact Q35 Ring 3 witness for this clause and close its parent only after all clauses close.
basedefs/setjmp.h.html	tag_13_41_09	Issue 6	5f1f4c44cfb6009e53f3241cd89f26396bb8a02326057dd9aeaae515a71b7331	open	missing:q35_ring3_base_definitions_clause_witness	Add an exact Q35 Ring 3 witness for this clause and close its parent only after all clauses close.
basedefs/setjmp.h.html	tag_13_41_10	Issue 7	5f1f4c44cfb6009e53f3241cd89f26396bb8a02326057dd9aeaae515a71b7331	open	missing:q35_ring3_base_definitions_clause_witness	Add an exact Q35 Ring 3 witness for this clause and close its parent only after all clauses close.
basedefs/signal.h.html	tag_13_42_01	NAME	e391fab90da3259709471779296e28f40c7c78389346d78e56623134fa897367	open	missing:q35_ring3_base_definitions_clause_witness	Add an exact Q35 Ring 3 witness for this clause and close its parent only after all clauses close.
basedefs/signal.h.html	tag_13_42_02	SYNOPSIS	e391fab90da3259709471779296e28f40c7c78389346d78e56623134fa897367	open	missing:q35_ring3_base_definitions_clause_witness	Add an exact Q35 Ring 3 witness for this clause and close its parent only after all clauses close.
basedefs/signal.h.html	tag_13_42_03	DESCRIPTION	e391fab90da3259709471779296e28f40c7c78389346d78e56623134fa897367	open	missing:q35_ring3_base_definitions_clause_witness	Add an exact Q35 Ring 3 witness for this clause and close its parent only after all clauses close.
basedefs/signal.h.html	tag_13_42_04	APPLICATION USAGE	e391fab90da3259709471779296e28f40c7c78389346d78e56623134fa897367	open	missing:q35_ring3_base_definitions_clause_witness	Add an exact Q35 Ring 3 witness for this clause and close its parent only after all clauses close.
basedefs/signal.h.html	tag_13_42_05	RATIONALE	e391fab90da3259709471779296e28f40c7c78389346d78e56623134fa897367	open	missing:q35_ring3_base_definitions_clause_witness	Add an exact Q35 Ring 3 witness for this clause and close its parent only after all clauses close.
basedefs/signal.h.html	tag_13_42_06	FUTURE DIRECTIONS	e391fab90da3259709471779296e28f40c7c78389346d78e56623134fa897367	open	missing:q35_ring3_base_definitions_clause_witness	Add an exact Q35 Ring 3 witness for this clause and close its parent only after all clauses close.
basedefs/signal.h.html	tag_13_42_07	SEE ALSO	e391fab90da3259709471779296e28f40c7c78389346d78e56623134fa897367	open	missing:q35_ring3_base_definitions_clause_witness	Add an exact Q35 Ring 3 witness for this clause and close its parent only after all clauses close.
basedefs/signal.h.html	tag_13_42_08	CHANGE HISTORY	e391fab90da3259709471779296e28f40c7c78389346d78e56623134fa897367	open	missing:q35_ring3_base_definitions_clause_witness	Add an exact Q35 Ring 3 witness for this clause and close its parent only after all clauses close.
basedefs/signal.h.html	tag_13_42_09	Issue 5	e391fab90da3259709471779296e28f40c7c78389346d78e56623134fa897367	open	missing:q35_ring3_base_definitions_clause_witness	Add an exact Q35 Ring 3 witness for this clause and close its parent only after all clauses close.
basedefs/signal.h.html	tag_13_42_10	Issue 6	e391fab90da3259709471779296e28f40c7c78389346d78e56623134fa897367	open	missing:q35_ring3_base_definitions_clause_witness	Add an exact Q35 Ring 3 witness for this clause and close its parent only after all clauses close.
basedefs/signal.h.html	tag_13_42_11	Issue 7	e391fab90da3259709471779296e28f40c7c78389346d78e56623134fa897367	open	missing:q35_ring3_base_definitions_clause_witness	Add an exact Q35 Ring 3 witness for this clause and close its parent only after all clauses close.
basedefs/spawn.h.html	tag_13_43_01	NAME	79594c1dbc2193fc864a039acf24421dbfd5706b28b2706efb5ec37478aa3af4	open	missing:q35_ring3_base_definitions_clause_witness	Add an exact Q35 Ring 3 witness for this clause and close its parent only after all clauses close.
basedefs/spawn.h.html	tag_13_43_02	SYNOPSIS	79594c1dbc2193fc864a039acf24421dbfd5706b28b2706efb5ec37478aa3af4	open	missing:q35_ring3_base_definitions_clause_witness	Add an exact Q35 Ring 3 witness for this clause and close its parent only after all clauses close.
basedefs/spawn.h.html	tag_13_43_03	DESCRIPTION	79594c1dbc2193fc864a039acf24421dbfd5706b28b2706efb5ec37478aa3af4	open	missing:q35_ring3_base_definitions_clause_witness	Add an exact Q35 Ring 3 witness for this clause and close its parent only after all clauses close.
basedefs/spawn.h.html	tag_13_43_04	APPLICATION USAGE	79594c1dbc2193fc864a039acf24421dbfd5706b28b2706efb5ec37478aa3af4	open	missing:q35_ring3_base_definitions_clause_witness	Add an exact Q35 Ring 3 witness for this clause and close its parent only after all clauses close.
basedefs/spawn.h.html	tag_13_43_05	RATIONALE	79594c1dbc2193fc864a039acf24421dbfd5706b28b2706efb5ec37478aa3af4	open	missing:q35_ring3_base_definitions_clause_witness	Add an exact Q35 Ring 3 witness for this clause and close its parent only after all clauses close.
basedefs/spawn.h.html	tag_13_43_06	FUTURE DIRECTIONS	79594c1dbc2193fc864a039acf24421dbfd5706b28b2706efb5ec37478aa3af4	open	missing:q35_ring3_base_definitions_clause_witness	Add an exact Q35 Ring 3 witness for this clause and close its parent only after all clauses close.
basedefs/spawn.h.html	tag_13_43_07	SEE ALSO	79594c1dbc2193fc864a039acf24421dbfd5706b28b2706efb5ec37478aa3af4	open	missing:q35_ring3_base_definitions_clause_witness	Add an exact Q35 Ring 3 witness for this clause and close its parent only after all clauses close.
basedefs/spawn.h.html	tag_13_43_08	CHANGE HISTORY	79594c1dbc2193fc864a039acf24421dbfd5706b28b2706efb5ec37478aa3af4	open	missing:q35_ring3_base_definitions_clause_witness	Add an exact Q35 Ring 3 witness for this clause and close its parent only after all clauses close.
basedefs/spawn.h.html	tag_13_43_09	Issue 7	79594c1dbc2193fc864a039acf24421dbfd5706b28b2706efb5ec37478aa3af4	open	missing:q35_ring3_base_definitions_clause_witness	Add an exact Q35 Ring 3 witness for this clause and close its parent only after all clauses close.
basedefs/stdarg.h.html	tag_13_44_01	NAME	35b42eae0f3ce2938bf0358adc1decb10dd0a867bdd0836b1a232843c787cf4b	open	missing:q35_ring3_base_definitions_clause_witness	Add an exact Q35 Ring 3 witness for this clause and close its parent only after all clauses close.
basedefs/stdarg.h.html	tag_13_44_02	SYNOPSIS	35b42eae0f3ce2938bf0358adc1decb10dd0a867bdd0836b1a232843c787cf4b	open	missing:q35_ring3_base_definitions_clause_witness	Add an exact Q35 Ring 3 witness for this clause and close its parent only after all clauses close.
basedefs/stdarg.h.html	tag_13_44_03	DESCRIPTION	35b42eae0f3ce2938bf0358adc1decb10dd0a867bdd0836b1a232843c787cf4b	open	missing:q35_ring3_base_definitions_clause_witness	Add an exact Q35 Ring 3 witness for this clause and close its parent only after all clauses close.
basedefs/stdarg.h.html	tag_13_44_04	EXAMPLES	35b42eae0f3ce2938bf0358adc1decb10dd0a867bdd0836b1a232843c787cf4b	open	missing:q35_ring3_base_definitions_clause_witness	Add an exact Q35 Ring 3 witness for this clause and close its parent only after all clauses close.
basedefs/stdarg.h.html	tag_13_44_05	APPLICATION USAGE	35b42eae0f3ce2938bf0358adc1decb10dd0a867bdd0836b1a232843c787cf4b	open	missing:q35_ring3_base_definitions_clause_witness	Add an exact Q35 Ring 3 witness for this clause and close its parent only after all clauses close.
basedefs/stdarg.h.html	tag_13_44_06	RATIONALE	35b42eae0f3ce2938bf0358adc1decb10dd0a867bdd0836b1a232843c787cf4b	open	missing:q35_ring3_base_definitions_clause_witness	Add an exact Q35 Ring 3 witness for this clause and close its parent only after all clauses close.
basedefs/stdarg.h.html	tag_13_44_07	FUTURE DIRECTIONS	35b42eae0f3ce2938bf0358adc1decb10dd0a867bdd0836b1a232843c787cf4b	open	missing:q35_ring3_base_definitions_clause_witness	Add an exact Q35 Ring 3 witness for this clause and close its parent only after all clauses close.
basedefs/stdarg.h.html	tag_13_44_08	SEE ALSO	35b42eae0f3ce2938bf0358adc1decb10dd0a867bdd0836b1a232843c787cf4b	open	missing:q35_ring3_base_definitions_clause_witness	Add an exact Q35 Ring 3 witness for this clause and close its parent only after all clauses close.
basedefs/stdarg.h.html	tag_13_44_09	CHANGE HISTORY	35b42eae0f3ce2938bf0358adc1decb10dd0a867bdd0836b1a232843c787cf4b	open	missing:q35_ring3_base_definitions_clause_witness	Add an exact Q35 Ring 3 witness for this clause and close its parent only after all clauses close.
basedefs/stdarg.h.html	tag_13_44_10	Issue 6	35b42eae0f3ce2938bf0358adc1decb10dd0a867bdd0836b1a232843c787cf4b	open	missing:q35_ring3_base_definitions_clause_witness	Add an exact Q35 Ring 3 witness for this clause and close its parent only after all clauses close.
basedefs/stdbool.h.html	tag_13_45_01	NAME	c79ee6a43f92389b2badc5d65b8795d88d19e25549f0f905ca8bae40be5ad57a	open	missing:q35_ring3_base_definitions_clause_witness	Add an exact Q35 Ring 3 witness for this clause and close its parent only after all clauses close.
basedefs/stdbool.h.html	tag_13_45_02	SYNOPSIS	c79ee6a43f92389b2badc5d65b8795d88d19e25549f0f905ca8bae40be5ad57a	open	missing:q35_ring3_base_definitions_clause_witness	Add an exact Q35 Ring 3 witness for this clause and close its parent only after all clauses close.
basedefs/stdbool.h.html	tag_13_45_03	DESCRIPTION	c79ee6a43f92389b2badc5d65b8795d88d19e25549f0f905ca8bae40be5ad57a	open	missing:q35_ring3_base_definitions_clause_witness	Add an exact Q35 Ring 3 witness for this clause and close its parent only after all clauses close.
basedefs/stdbool.h.html	tag_13_45_04	APPLICATION USAGE	c79ee6a43f92389b2badc5d65b8795d88d19e25549f0f905ca8bae40be5ad57a	open	missing:q35_ring3_base_definitions_clause_witness	Add an exact Q35 Ring 3 witness for this clause and close its parent only after all clauses close.
basedefs/stdbool.h.html	tag_13_45_05	RATIONALE	c79ee6a43f92389b2badc5d65b8795d88d19e25549f0f905ca8bae40be5ad57a	open	missing:q35_ring3_base_definitions_clause_witness	Add an exact Q35 Ring 3 witness for this clause and close its parent only after all clauses close.
basedefs/stdbool.h.html	tag_13_45_06	FUTURE DIRECTIONS	c79ee6a43f92389b2badc5d65b8795d88d19e25549f0f905ca8bae40be5ad57a	open	missing:q35_ring3_base_definitions_clause_witness	Add an exact Q35 Ring 3 witness for this clause and close its parent only after all clauses close.
basedefs/stdbool.h.html	tag_13_45_07	SEE ALSO	c79ee6a43f92389b2badc5d65b8795d88d19e25549f0f905ca8bae40be5ad57a	open	missing:q35_ring3_base_definitions_clause_witness	Add an exact Q35 Ring 3 witness for this clause and close its parent only after all clauses close.
basedefs/stdbool.h.html	tag_13_45_08	CHANGE HISTORY	c79ee6a43f92389b2badc5d65b8795d88d19e25549f0f905ca8bae40be5ad57a	open	missing:q35_ring3_base_definitions_clause_witness	Add an exact Q35 Ring 3 witness for this clause and close its parent only after all clauses close.
basedefs/stddef.h.html	tag_13_46_01	NAME	2b068051ceb18acc55467cc9c7e4c623aa078e728e077b39c9bfc16cf02bc549	open	missing:q35_ring3_base_definitions_clause_witness	Add an exact Q35 Ring 3 witness for this clause and close its parent only after all clauses close.
basedefs/stddef.h.html	tag_13_46_02	SYNOPSIS	2b068051ceb18acc55467cc9c7e4c623aa078e728e077b39c9bfc16cf02bc549	open	missing:q35_ring3_base_definitions_clause_witness	Add an exact Q35 Ring 3 witness for this clause and close its parent only after all clauses close.
basedefs/stddef.h.html	tag_13_46_03	DESCRIPTION	2b068051ceb18acc55467cc9c7e4c623aa078e728e077b39c9bfc16cf02bc549	open	missing:q35_ring3_base_definitions_clause_witness	Add an exact Q35 Ring 3 witness for this clause and close its parent only after all clauses close.
basedefs/stddef.h.html	tag_13_46_04	APPLICATION USAGE	2b068051ceb18acc55467cc9c7e4c623aa078e728e077b39c9bfc16cf02bc549	open	missing:q35_ring3_base_definitions_clause_witness	Add an exact Q35 Ring 3 witness for this clause and close its parent only after all clauses close.
basedefs/stddef.h.html	tag_13_46_05	RATIONALE	2b068051ceb18acc55467cc9c7e4c623aa078e728e077b39c9bfc16cf02bc549	open	missing:q35_ring3_base_definitions_clause_witness	Add an exact Q35 Ring 3 witness for this clause and close its parent only after all clauses close.
basedefs/stddef.h.html	tag_13_46_06	FUTURE DIRECTIONS	2b068051ceb18acc55467cc9c7e4c623aa078e728e077b39c9bfc16cf02bc549	open	missing:q35_ring3_base_definitions_clause_witness	Add an exact Q35 Ring 3 witness for this clause and close its parent only after all clauses close.
basedefs/stddef.h.html	tag_13_46_07	SEE ALSO	2b068051ceb18acc55467cc9c7e4c623aa078e728e077b39c9bfc16cf02bc549	open	missing:q35_ring3_base_definitions_clause_witness	Add an exact Q35 Ring 3 witness for this clause and close its parent only after all clauses close.
basedefs/stddef.h.html	tag_13_46_08	CHANGE HISTORY	2b068051ceb18acc55467cc9c7e4c623aa078e728e077b39c9bfc16cf02bc549	open	missing:q35_ring3_base_definitions_clause_witness	Add an exact Q35 Ring 3 witness for this clause and close its parent only after all clauses close.
basedefs/stddef.h.html	tag_13_46_09	Issue 7	2b068051ceb18acc55467cc9c7e4c623aa078e728e077b39c9bfc16cf02bc549	open	missing:q35_ring3_base_definitions_clause_witness	Add an exact Q35 Ring 3 witness for this clause and close its parent only after all clauses close.
basedefs/stdint.h.html	tag_13_47_01	NAME	bf063034ef141206f79c793e5b64e00c9a9bc62502a7e8870124cd21fab65320	open	missing:q35_ring3_base_definitions_clause_witness	Add an exact Q35 Ring 3 witness for this clause and close its parent only after all clauses close.
basedefs/stdint.h.html	tag_13_47_02	SYNOPSIS	bf063034ef141206f79c793e5b64e00c9a9bc62502a7e8870124cd21fab65320	open	missing:q35_ring3_base_definitions_clause_witness	Add an exact Q35 Ring 3 witness for this clause and close its parent only after all clauses close.
basedefs/stdint.h.html	tag_13_47_03	DESCRIPTION	bf063034ef141206f79c793e5b64e00c9a9bc62502a7e8870124cd21fab65320	open	missing:q35_ring3_base_definitions_clause_witness	Add an exact Q35 Ring 3 witness for this clause and close its parent only after all clauses close.
basedefs/stdint.h.html	tag_13_47_03_01	Integer Types	bf063034ef141206f79c793e5b64e00c9a9bc62502a7e8870124cd21fab65320	open	missing:q35_ring3_base_definitions_clause_witness	Add an exact Q35 Ring 3 witness for this clause and close its parent only after all clauses close.
basedefs/stdint.h.html	tag_13_47_03_02	Limits of Specified-Width Integer Types	bf063034ef141206f79c793e5b64e00c9a9bc62502a7e8870124cd21fab65320	open	missing:q35_ring3_base_definitions_clause_witness	Add an exact Q35 Ring 3 witness for this clause and close its parent only after all clauses close.
basedefs/stdint.h.html	tag_13_47_03_03	Limits of Other Integer Types	bf063034ef141206f79c793e5b64e00c9a9bc62502a7e8870124cd21fab65320	open	missing:q35_ring3_base_definitions_clause_witness	Add an exact Q35 Ring 3 witness for this clause and close its parent only after all clauses close.
basedefs/stdint.h.html	tag_13_47_03_04	Macros for Integer Constant Expressions	bf063034ef141206f79c793e5b64e00c9a9bc62502a7e8870124cd21fab65320	open	missing:q35_ring3_base_definitions_clause_witness	Add an exact Q35 Ring 3 witness for this clause and close its parent only after all clauses close.
basedefs/stdint.h.html	tag_13_47_04	APPLICATION USAGE	bf063034ef141206f79c793e5b64e00c9a9bc62502a7e8870124cd21fab65320	open	missing:q35_ring3_base_definitions_clause_witness	Add an exact Q35 Ring 3 witness for this clause and close its parent only after all clauses close.
basedefs/stdint.h.html	tag_13_47_05	RATIONALE	bf063034ef141206f79c793e5b64e00c9a9bc62502a7e8870124cd21fab65320	open	missing:q35_ring3_base_definitions_clause_witness	Add an exact Q35 Ring 3 witness for this clause and close its parent only after all clauses close.
basedefs/stdint.h.html	tag_13_47_06	FUTURE DIRECTIONS	bf063034ef141206f79c793e5b64e00c9a9bc62502a7e8870124cd21fab65320	open	missing:q35_ring3_base_definitions_clause_witness	Add an exact Q35 Ring 3 witness for this clause and close its parent only after all clauses close.
basedefs/stdint.h.html	tag_13_47_07	SEE ALSO	bf063034ef141206f79c793e5b64e00c9a9bc62502a7e8870124cd21fab65320	open	missing:q35_ring3_base_definitions_clause_witness	Add an exact Q35 Ring 3 witness for this clause and close its parent only after all clauses close.
basedefs/stdint.h.html	tag_13_47_08	CHANGE HISTORY	bf063034ef141206f79c793e5b64e00c9a9bc62502a7e8870124cd21fab65320	open	missing:q35_ring3_base_definitions_clause_witness	Add an exact Q35 Ring 3 witness for this clause and close its parent only after all clauses close.
basedefs/stdint.h.html	tag_13_47_09	Issue 7	bf063034ef141206f79c793e5b64e00c9a9bc62502a7e8870124cd21fab65320	open	missing:q35_ring3_base_definitions_clause_witness	Add an exact Q35 Ring 3 witness for this clause and close its parent only after all clauses close.
basedefs/stdio.h.html	tag_13_48_01	NAME	2421c7b3b395714427d4601187f7fa58198f2a69d8529872b3f4f23ce17ef141	open	missing:q35_ring3_base_definitions_clause_witness	Add an exact Q35 Ring 3 witness for this clause and close its parent only after all clauses close.
basedefs/stdio.h.html	tag_13_48_02	SYNOPSIS	2421c7b3b395714427d4601187f7fa58198f2a69d8529872b3f4f23ce17ef141	open	missing:q35_ring3_base_definitions_clause_witness	Add an exact Q35 Ring 3 witness for this clause and close its parent only after all clauses close.
basedefs/stdio.h.html	tag_13_48_03	DESCRIPTION	2421c7b3b395714427d4601187f7fa58198f2a69d8529872b3f4f23ce17ef141	open	missing:q35_ring3_base_definitions_clause_witness	Add an exact Q35 Ring 3 witness for this clause and close its parent only after all clauses close.
basedefs/stdio.h.html	tag_13_48_04	APPLICATION USAGE	2421c7b3b395714427d4601187f7fa58198f2a69d8529872b3f4f23ce17ef141	open	missing:q35_ring3_base_definitions_clause_witness	Add an exact Q35 Ring 3 witness for this clause and close its parent only after all clauses close.
basedefs/stdio.h.html	tag_13_48_05	RATIONALE	2421c7b3b395714427d4601187f7fa58198f2a69d8529872b3f4f23ce17ef141	open	missing:q35_ring3_base_definitions_clause_witness	Add an exact Q35 Ring 3 witness for this clause and close its parent only after all clauses close.
basedefs/stdio.h.html	tag_13_48_06	FUTURE DIRECTIONS	2421c7b3b395714427d4601187f7fa58198f2a69d8529872b3f4f23ce17ef141	open	missing:q35_ring3_base_definitions_clause_witness	Add an exact Q35 Ring 3 witness for this clause and close its parent only after all clauses close.
basedefs/stdio.h.html	tag_13_48_07	SEE ALSO	2421c7b3b395714427d4601187f7fa58198f2a69d8529872b3f4f23ce17ef141	open	missing:q35_ring3_base_definitions_clause_witness	Add an exact Q35 Ring 3 witness for this clause and close its parent only after all clauses close.
basedefs/stdio.h.html	tag_13_48_08	CHANGE HISTORY	2421c7b3b395714427d4601187f7fa58198f2a69d8529872b3f4f23ce17ef141	open	missing:q35_ring3_base_definitions_clause_witness	Add an exact Q35 Ring 3 witness for this clause and close its parent only after all clauses close.
basedefs/stdio.h.html	tag_13_48_09	Issue 5	2421c7b3b395714427d4601187f7fa58198f2a69d8529872b3f4f23ce17ef141	open	missing:q35_ring3_base_definitions_clause_witness	Add an exact Q35 Ring 3 witness for this clause and close its parent only after all clauses close.
basedefs/stdio.h.html	tag_13_48_10	Issue 6	2421c7b3b395714427d4601187f7fa58198f2a69d8529872b3f4f23ce17ef141	open	missing:q35_ring3_base_definitions_clause_witness	Add an exact Q35 Ring 3 witness for this clause and close its parent only after all clauses close.
basedefs/stdio.h.html	tag_13_48_11	Issue 7	2421c7b3b395714427d4601187f7fa58198f2a69d8529872b3f4f23ce17ef141	open	missing:q35_ring3_base_definitions_clause_witness	Add an exact Q35 Ring 3 witness for this clause and close its parent only after all clauses close.
basedefs/stdlib.h.html	tag_13_49_01	NAME	c5852d728199281f72138ba91b1ca6e1d73c5260dec83314b7603bb87fdd3889	open	missing:q35_ring3_base_definitions_clause_witness	Add an exact Q35 Ring 3 witness for this clause and close its parent only after all clauses close.
basedefs/stdlib.h.html	tag_13_49_02	SYNOPSIS	c5852d728199281f72138ba91b1ca6e1d73c5260dec83314b7603bb87fdd3889	open	missing:q35_ring3_base_definitions_clause_witness	Add an exact Q35 Ring 3 witness for this clause and close its parent only after all clauses close.
basedefs/stdlib.h.html	tag_13_49_03	DESCRIPTION	c5852d728199281f72138ba91b1ca6e1d73c5260dec83314b7603bb87fdd3889	open	missing:q35_ring3_base_definitions_clause_witness	Add an exact Q35 Ring 3 witness for this clause and close its parent only after all clauses close.
basedefs/stdlib.h.html	tag_13_49_04	APPLICATION USAGE	c5852d728199281f72138ba91b1ca6e1d73c5260dec83314b7603bb87fdd3889	open	missing:q35_ring3_base_definitions_clause_witness	Add an exact Q35 Ring 3 witness for this clause and close its parent only after all clauses close.
basedefs/stdlib.h.html	tag_13_49_05	RATIONALE	c5852d728199281f72138ba91b1ca6e1d73c5260dec83314b7603bb87fdd3889	open	missing:q35_ring3_base_definitions_clause_witness	Add an exact Q35 Ring 3 witness for this clause and close its parent only after all clauses close.
basedefs/stdlib.h.html	tag_13_49_06	FUTURE DIRECTIONS	c5852d728199281f72138ba91b1ca6e1d73c5260dec83314b7603bb87fdd3889	open	missing:q35_ring3_base_definitions_clause_witness	Add an exact Q35 Ring 3 witness for this clause and close its parent only after all clauses close.
basedefs/stdlib.h.html	tag_13_49_07	SEE ALSO	c5852d728199281f72138ba91b1ca6e1d73c5260dec83314b7603bb87fdd3889	open	missing:q35_ring3_base_definitions_clause_witness	Add an exact Q35 Ring 3 witness for this clause and close its parent only after all clauses close.
basedefs/stdlib.h.html	tag_13_49_08	CHANGE HISTORY	c5852d728199281f72138ba91b1ca6e1d73c5260dec83314b7603bb87fdd3889	open	missing:q35_ring3_base_definitions_clause_witness	Add an exact Q35 Ring 3 witness for this clause and close its parent only after all clauses close.
basedefs/stdlib.h.html	tag_13_49_09	Issue 5	c5852d728199281f72138ba91b1ca6e1d73c5260dec83314b7603bb87fdd3889	open	missing:q35_ring3_base_definitions_clause_witness	Add an exact Q35 Ring 3 witness for this clause and close its parent only after all clauses close.
basedefs/stdlib.h.html	tag_13_49_10	Issue 6	c5852d728199281f72138ba91b1ca6e1d73c5260dec83314b7603bb87fdd3889	open	missing:q35_ring3_base_definitions_clause_witness	Add an exact Q35 Ring 3 witness for this clause and close its parent only after all clauses close.
basedefs/stdlib.h.html	tag_13_49_11	Issue 7	c5852d728199281f72138ba91b1ca6e1d73c5260dec83314b7603bb87fdd3889	open	missing:q35_ring3_base_definitions_clause_witness	Add an exact Q35 Ring 3 witness for this clause and close its parent only after all clauses close.
basedefs/string.h.html	tag_13_50_01	NAME	7dd01bc6e462d3489bf204c805b5b4f690676c01684f6b6b6493ba4b40242d75	open	missing:q35_ring3_base_definitions_clause_witness	Add an exact Q35 Ring 3 witness for this clause and close its parent only after all clauses close.
basedefs/string.h.html	tag_13_50_02	SYNOPSIS	7dd01bc6e462d3489bf204c805b5b4f690676c01684f6b6b6493ba4b40242d75	open	missing:q35_ring3_base_definitions_clause_witness	Add an exact Q35 Ring 3 witness for this clause and close its parent only after all clauses close.
basedefs/string.h.html	tag_13_50_03	DESCRIPTION	7dd01bc6e462d3489bf204c805b5b4f690676c01684f6b6b6493ba4b40242d75	open	missing:q35_ring3_base_definitions_clause_witness	Add an exact Q35 Ring 3 witness for this clause and close its parent only after all clauses close.
basedefs/string.h.html	tag_13_50_04	APPLICATION USAGE	7dd01bc6e462d3489bf204c805b5b4f690676c01684f6b6b6493ba4b40242d75	open	missing:q35_ring3_base_definitions_clause_witness	Add an exact Q35 Ring 3 witness for this clause and close its parent only after all clauses close.
basedefs/string.h.html	tag_13_50_05	RATIONALE	7dd01bc6e462d3489bf204c805b5b4f690676c01684f6b6b6493ba4b40242d75	open	missing:q35_ring3_base_definitions_clause_witness	Add an exact Q35 Ring 3 witness for this clause and close its parent only after all clauses close.
basedefs/string.h.html	tag_13_50_06	FUTURE DIRECTIONS	7dd01bc6e462d3489bf204c805b5b4f690676c01684f6b6b6493ba4b40242d75	open	missing:q35_ring3_base_definitions_clause_witness	Add an exact Q35 Ring 3 witness for this clause and close its parent only after all clauses close.
basedefs/string.h.html	tag_13_50_07	SEE ALSO	7dd01bc6e462d3489bf204c805b5b4f690676c01684f6b6b6493ba4b40242d75	open	missing:q35_ring3_base_definitions_clause_witness	Add an exact Q35 Ring 3 witness for this clause and close its parent only after all clauses close.
basedefs/string.h.html	tag_13_50_08	CHANGE HISTORY	7dd01bc6e462d3489bf204c805b5b4f690676c01684f6b6b6493ba4b40242d75	open	missing:q35_ring3_base_definitions_clause_witness	Add an exact Q35 Ring 3 witness for this clause and close its parent only after all clauses close.
basedefs/string.h.html	tag_13_50_09	Issue 5	7dd01bc6e462d3489bf204c805b5b4f690676c01684f6b6b6493ba4b40242d75	open	missing:q35_ring3_base_definitions_clause_witness	Add an exact Q35 Ring 3 witness for this clause and close its parent only after all clauses close.
basedefs/string.h.html	tag_13_50_10	Issue 6	7dd01bc6e462d3489bf204c805b5b4f690676c01684f6b6b6493ba4b40242d75	open	missing:q35_ring3_base_definitions_clause_witness	Add an exact Q35 Ring 3 witness for this clause and close its parent only after all clauses close.
basedefs/string.h.html	tag_13_50_11	Issue 7	7dd01bc6e462d3489bf204c805b5b4f690676c01684f6b6b6493ba4b40242d75	open	missing:q35_ring3_base_definitions_clause_witness	Add an exact Q35 Ring 3 witness for this clause and close its parent only after all clauses close.
basedefs/strings.h.html	tag_13_51_01	NAME	385d88f6c6e9a3b0959fcbed0711761f123401afb3a70a0491ecf5601b4a141e	open	missing:q35_ring3_base_definitions_clause_witness	Add an exact Q35 Ring 3 witness for this clause and close its parent only after all clauses close.
basedefs/strings.h.html	tag_13_51_02	SYNOPSIS	385d88f6c6e9a3b0959fcbed0711761f123401afb3a70a0491ecf5601b4a141e	open	missing:q35_ring3_base_definitions_clause_witness	Add an exact Q35 Ring 3 witness for this clause and close its parent only after all clauses close.
basedefs/strings.h.html	tag_13_51_03	DESCRIPTION	385d88f6c6e9a3b0959fcbed0711761f123401afb3a70a0491ecf5601b4a141e	open	missing:q35_ring3_base_definitions_clause_witness	Add an exact Q35 Ring 3 witness for this clause and close its parent only after all clauses close.
basedefs/strings.h.html	tag_13_51_04	APPLICATION USAGE	385d88f6c6e9a3b0959fcbed0711761f123401afb3a70a0491ecf5601b4a141e	open	missing:q35_ring3_base_definitions_clause_witness	Add an exact Q35 Ring 3 witness for this clause and close its parent only after all clauses close.
basedefs/strings.h.html	tag_13_51_05	RATIONALE	385d88f6c6e9a3b0959fcbed0711761f123401afb3a70a0491ecf5601b4a141e	open	missing:q35_ring3_base_definitions_clause_witness	Add an exact Q35 Ring 3 witness for this clause and close its parent only after all clauses close.
basedefs/strings.h.html	tag_13_51_06	FUTURE DIRECTIONS	385d88f6c6e9a3b0959fcbed0711761f123401afb3a70a0491ecf5601b4a141e	open	missing:q35_ring3_base_definitions_clause_witness	Add an exact Q35 Ring 3 witness for this clause and close its parent only after all clauses close.
basedefs/strings.h.html	tag_13_51_07	SEE ALSO	385d88f6c6e9a3b0959fcbed0711761f123401afb3a70a0491ecf5601b4a141e	open	missing:q35_ring3_base_definitions_clause_witness	Add an exact Q35 Ring 3 witness for this clause and close its parent only after all clauses close.
basedefs/strings.h.html	tag_13_51_08	CHANGE HISTORY	385d88f6c6e9a3b0959fcbed0711761f123401afb3a70a0491ecf5601b4a141e	open	missing:q35_ring3_base_definitions_clause_witness	Add an exact Q35 Ring 3 witness for this clause and close its parent only after all clauses close.
basedefs/strings.h.html	tag_13_51_09	Issue 6	385d88f6c6e9a3b0959fcbed0711761f123401afb3a70a0491ecf5601b4a141e	open	missing:q35_ring3_base_definitions_clause_witness	Add an exact Q35 Ring 3 witness for this clause and close its parent only after all clauses close.
basedefs/strings.h.html	tag_13_51_10	Issue 7	385d88f6c6e9a3b0959fcbed0711761f123401afb3a70a0491ecf5601b4a141e	open	missing:q35_ring3_base_definitions_clause_witness	Add an exact Q35 Ring 3 witness for this clause and close its parent only after all clauses close.
basedefs/stropts.h.html	tag_13_52_01	NAME	7fddcdf91bd55c92fb3059112c4718a3b2d79275ba3e4fb98760bc527a103895	open	missing:q35_ring3_base_definitions_clause_witness	Add an exact Q35 Ring 3 witness for this clause and close its parent only after all clauses close.
basedefs/stropts.h.html	tag_13_52_02	SYNOPSIS	7fddcdf91bd55c92fb3059112c4718a3b2d79275ba3e4fb98760bc527a103895	open	missing:q35_ring3_base_definitions_clause_witness	Add an exact Q35 Ring 3 witness for this clause and close its parent only after all clauses close.
basedefs/stropts.h.html	tag_13_52_03	DESCRIPTION	7fddcdf91bd55c92fb3059112c4718a3b2d79275ba3e4fb98760bc527a103895	open	missing:q35_ring3_base_definitions_clause_witness	Add an exact Q35 Ring 3 witness for this clause and close its parent only after all clauses close.
basedefs/stropts.h.html	tag_13_52_04	APPLICATION USAGE	7fddcdf91bd55c92fb3059112c4718a3b2d79275ba3e4fb98760bc527a103895	open	missing:q35_ring3_base_definitions_clause_witness	Add an exact Q35 Ring 3 witness for this clause and close its parent only after all clauses close.
basedefs/stropts.h.html	tag_13_52_05	RATIONALE	7fddcdf91bd55c92fb3059112c4718a3b2d79275ba3e4fb98760bc527a103895	open	missing:q35_ring3_base_definitions_clause_witness	Add an exact Q35 Ring 3 witness for this clause and close its parent only after all clauses close.
basedefs/stropts.h.html	tag_13_52_06	FUTURE DIRECTIONS	7fddcdf91bd55c92fb3059112c4718a3b2d79275ba3e4fb98760bc527a103895	open	missing:q35_ring3_base_definitions_clause_witness	Add an exact Q35 Ring 3 witness for this clause and close its parent only after all clauses close.
basedefs/stropts.h.html	tag_13_52_07	SEE ALSO	7fddcdf91bd55c92fb3059112c4718a3b2d79275ba3e4fb98760bc527a103895	open	missing:q35_ring3_base_definitions_clause_witness	Add an exact Q35 Ring 3 witness for this clause and close its parent only after all clauses close.
basedefs/stropts.h.html	tag_13_52_08	CHANGE HISTORY	7fddcdf91bd55c92fb3059112c4718a3b2d79275ba3e4fb98760bc527a103895	open	missing:q35_ring3_base_definitions_clause_witness	Add an exact Q35 Ring 3 witness for this clause and close its parent only after all clauses close.
basedefs/stropts.h.html	tag_13_52_09	Issue 5	7fddcdf91bd55c92fb3059112c4718a3b2d79275ba3e4fb98760bc527a103895	open	missing:q35_ring3_base_definitions_clause_witness	Add an exact Q35 Ring 3 witness for this clause and close its parent only after all clauses close.
basedefs/stropts.h.html	tag_13_52_10	Issue 6	7fddcdf91bd55c92fb3059112c4718a3b2d79275ba3e4fb98760bc527a103895	open	missing:q35_ring3_base_definitions_clause_witness	Add an exact Q35 Ring 3 witness for this clause and close its parent only after all clauses close.
basedefs/stropts.h.html	tag_13_52_11	Issue 7	7fddcdf91bd55c92fb3059112c4718a3b2d79275ba3e4fb98760bc527a103895	open	missing:q35_ring3_base_definitions_clause_witness	Add an exact Q35 Ring 3 witness for this clause and close its parent only after all clauses close.
basedefs/sys_ipc.h.html	tag_13_53_01	NAME	ff50543ff962fc5d29b6999e6d823fffed98f89aafc4a60f8307a417163c3b8f	open	missing:q35_ring3_base_definitions_clause_witness	Add an exact Q35 Ring 3 witness for this clause and close its parent only after all clauses close.
basedefs/sys_ipc.h.html	tag_13_53_02	SYNOPSIS	ff50543ff962fc5d29b6999e6d823fffed98f89aafc4a60f8307a417163c3b8f	open	missing:q35_ring3_base_definitions_clause_witness	Add an exact Q35 Ring 3 witness for this clause and close its parent only after all clauses close.
basedefs/sys_ipc.h.html	tag_13_53_03	DESCRIPTION	ff50543ff962fc5d29b6999e6d823fffed98f89aafc4a60f8307a417163c3b8f	open	missing:q35_ring3_base_definitions_clause_witness	Add an exact Q35 Ring 3 witness for this clause and close its parent only after all clauses close.
basedefs/sys_ipc.h.html	tag_13_53_04	APPLICATION USAGE	ff50543ff962fc5d29b6999e6d823fffed98f89aafc4a60f8307a417163c3b8f	open	missing:q35_ring3_base_definitions_clause_witness	Add an exact Q35 Ring 3 witness for this clause and close its parent only after all clauses close.
basedefs/sys_ipc.h.html	tag_13_53_05	RATIONALE	ff50543ff962fc5d29b6999e6d823fffed98f89aafc4a60f8307a417163c3b8f	open	missing:q35_ring3_base_definitions_clause_witness	Add an exact Q35 Ring 3 witness for this clause and close its parent only after all clauses close.
basedefs/sys_ipc.h.html	tag_13_53_06	FUTURE DIRECTIONS	ff50543ff962fc5d29b6999e6d823fffed98f89aafc4a60f8307a417163c3b8f	open	missing:q35_ring3_base_definitions_clause_witness	Add an exact Q35 Ring 3 witness for this clause and close its parent only after all clauses close.
basedefs/sys_ipc.h.html	tag_13_53_07	SEE ALSO	ff50543ff962fc5d29b6999e6d823fffed98f89aafc4a60f8307a417163c3b8f	open	missing:q35_ring3_base_definitions_clause_witness	Add an exact Q35 Ring 3 witness for this clause and close its parent only after all clauses close.
basedefs/sys_ipc.h.html	tag_13_53_08	CHANGE HISTORY	ff50543ff962fc5d29b6999e6d823fffed98f89aafc4a60f8307a417163c3b8f	open	missing:q35_ring3_base_definitions_clause_witness	Add an exact Q35 Ring 3 witness for this clause and close its parent only after all clauses close.
basedefs/sys_ipc.h.html	tag_13_53_09	Issue 7	ff50543ff962fc5d29b6999e6d823fffed98f89aafc4a60f8307a417163c3b8f	open	missing:q35_ring3_base_definitions_clause_witness	Add an exact Q35 Ring 3 witness for this clause and close its parent only after all clauses close.
basedefs/sys_mman.h.html	tag_13_54_01	NAME	088e52a22d854bc77afe380f8d22fd36c1e9116eaebfe2a36748cb359a197e61	open	missing:q35_ring3_base_definitions_clause_witness	Add an exact Q35 Ring 3 witness for this clause and close its parent only after all clauses close.
basedefs/sys_mman.h.html	tag_13_54_02	SYNOPSIS	088e52a22d854bc77afe380f8d22fd36c1e9116eaebfe2a36748cb359a197e61	open	missing:q35_ring3_base_definitions_clause_witness	Add an exact Q35 Ring 3 witness for this clause and close its parent only after all clauses close.
basedefs/sys_mman.h.html	tag_13_54_03	DESCRIPTION	088e52a22d854bc77afe380f8d22fd36c1e9116eaebfe2a36748cb359a197e61	open	missing:q35_ring3_base_definitions_clause_witness	Add an exact Q35 Ring 3 witness for this clause and close its parent only after all clauses close.
basedefs/sys_mman.h.html	tag_13_54_04	APPLICATION USAGE	088e52a22d854bc77afe380f8d22fd36c1e9116eaebfe2a36748cb359a197e61	open	missing:q35_ring3_base_definitions_clause_witness	Add an exact Q35 Ring 3 witness for this clause and close its parent only after all clauses close.
basedefs/sys_mman.h.html	tag_13_54_05	RATIONALE	088e52a22d854bc77afe380f8d22fd36c1e9116eaebfe2a36748cb359a197e61	open	missing:q35_ring3_base_definitions_clause_witness	Add an exact Q35 Ring 3 witness for this clause and close its parent only after all clauses close.
basedefs/sys_mman.h.html	tag_13_54_06	FUTURE DIRECTIONS	088e52a22d854bc77afe380f8d22fd36c1e9116eaebfe2a36748cb359a197e61	open	missing:q35_ring3_base_definitions_clause_witness	Add an exact Q35 Ring 3 witness for this clause and close its parent only after all clauses close.
basedefs/sys_mman.h.html	tag_13_54_07	SEE ALSO	088e52a22d854bc77afe380f8d22fd36c1e9116eaebfe2a36748cb359a197e61	open	missing:q35_ring3_base_definitions_clause_witness	Add an exact Q35 Ring 3 witness for this clause and close its parent only after all clauses close.
basedefs/sys_mman.h.html	tag_13_54_08	CHANGE HISTORY	088e52a22d854bc77afe380f8d22fd36c1e9116eaebfe2a36748cb359a197e61	open	missing:q35_ring3_base_definitions_clause_witness	Add an exact Q35 Ring 3 witness for this clause and close its parent only after all clauses close.
basedefs/sys_mman.h.html	tag_13_54_09	Issue 5	088e52a22d854bc77afe380f8d22fd36c1e9116eaebfe2a36748cb359a197e61	open	missing:q35_ring3_base_definitions_clause_witness	Add an exact Q35 Ring 3 witness for this clause and close its parent only after all clauses close.
basedefs/sys_mman.h.html	tag_13_54_10	Issue 6	088e52a22d854bc77afe380f8d22fd36c1e9116eaebfe2a36748cb359a197e61	open	missing:q35_ring3_base_definitions_clause_witness	Add an exact Q35 Ring 3 witness for this clause and close its parent only after all clauses close.
basedefs/sys_mman.h.html	tag_13_54_11	Issue 7	088e52a22d854bc77afe380f8d22fd36c1e9116eaebfe2a36748cb359a197e61	open	missing:q35_ring3_base_definitions_clause_witness	Add an exact Q35 Ring 3 witness for this clause and close its parent only after all clauses close.
basedefs/sys_msg.h.html	tag_13_55_01	NAME	a1cef8d65c2cf5c08e82a0219d3c2e04f674e5561af0a0577296532ce72e33cd	open	missing:q35_ring3_base_definitions_clause_witness	Add an exact Q35 Ring 3 witness for this clause and close its parent only after all clauses close.
basedefs/sys_msg.h.html	tag_13_55_02	SYNOPSIS	a1cef8d65c2cf5c08e82a0219d3c2e04f674e5561af0a0577296532ce72e33cd	open	missing:q35_ring3_base_definitions_clause_witness	Add an exact Q35 Ring 3 witness for this clause and close its parent only after all clauses close.
basedefs/sys_msg.h.html	tag_13_55_03	DESCRIPTION	a1cef8d65c2cf5c08e82a0219d3c2e04f674e5561af0a0577296532ce72e33cd	open	missing:q35_ring3_base_definitions_clause_witness	Add an exact Q35 Ring 3 witness for this clause and close its parent only after all clauses close.
basedefs/sys_msg.h.html	tag_13_55_04	APPLICATION USAGE	a1cef8d65c2cf5c08e82a0219d3c2e04f674e5561af0a0577296532ce72e33cd	open	missing:q35_ring3_base_definitions_clause_witness	Add an exact Q35 Ring 3 witness for this clause and close its parent only after all clauses close.
basedefs/sys_msg.h.html	tag_13_55_05	RATIONALE	a1cef8d65c2cf5c08e82a0219d3c2e04f674e5561af0a0577296532ce72e33cd	open	missing:q35_ring3_base_definitions_clause_witness	Add an exact Q35 Ring 3 witness for this clause and close its parent only after all clauses close.
basedefs/sys_msg.h.html	tag_13_55_06	FUTURE DIRECTIONS	a1cef8d65c2cf5c08e82a0219d3c2e04f674e5561af0a0577296532ce72e33cd	open	missing:q35_ring3_base_definitions_clause_witness	Add an exact Q35 Ring 3 witness for this clause and close its parent only after all clauses close.
basedefs/sys_msg.h.html	tag_13_55_07	SEE ALSO	a1cef8d65c2cf5c08e82a0219d3c2e04f674e5561af0a0577296532ce72e33cd	open	missing:q35_ring3_base_definitions_clause_witness	Add an exact Q35 Ring 3 witness for this clause and close its parent only after all clauses close.
basedefs/sys_msg.h.html	tag_13_55_08	CHANGE HISTORY	a1cef8d65c2cf5c08e82a0219d3c2e04f674e5561af0a0577296532ce72e33cd	open	missing:q35_ring3_base_definitions_clause_witness	Add an exact Q35 Ring 3 witness for this clause and close its parent only after all clauses close.
basedefs/sys_msg.h.html	tag_13_55_09	Issue 7	a1cef8d65c2cf5c08e82a0219d3c2e04f674e5561af0a0577296532ce72e33cd	open	missing:q35_ring3_base_definitions_clause_witness	Add an exact Q35 Ring 3 witness for this clause and close its parent only after all clauses close.
basedefs/sys_resource.h.html	tag_13_56_01	NAME	d7c83b63de426a259dd77f0acd25e414d6079086028de575c5d6162dd0eed381	open	missing:q35_ring3_base_definitions_clause_witness	Add an exact Q35 Ring 3 witness for this clause and close its parent only after all clauses close.
basedefs/sys_resource.h.html	tag_13_56_02	SYNOPSIS	d7c83b63de426a259dd77f0acd25e414d6079086028de575c5d6162dd0eed381	open	missing:q35_ring3_base_definitions_clause_witness	Add an exact Q35 Ring 3 witness for this clause and close its parent only after all clauses close.
basedefs/sys_resource.h.html	tag_13_56_03	DESCRIPTION	d7c83b63de426a259dd77f0acd25e414d6079086028de575c5d6162dd0eed381	open	missing:q35_ring3_base_definitions_clause_witness	Add an exact Q35 Ring 3 witness for this clause and close its parent only after all clauses close.
basedefs/sys_resource.h.html	tag_13_56_04	APPLICATION USAGE	d7c83b63de426a259dd77f0acd25e414d6079086028de575c5d6162dd0eed381	open	missing:q35_ring3_base_definitions_clause_witness	Add an exact Q35 Ring 3 witness for this clause and close its parent only after all clauses close.
basedefs/sys_resource.h.html	tag_13_56_05	RATIONALE	d7c83b63de426a259dd77f0acd25e414d6079086028de575c5d6162dd0eed381	open	missing:q35_ring3_base_definitions_clause_witness	Add an exact Q35 Ring 3 witness for this clause and close its parent only after all clauses close.
basedefs/sys_resource.h.html	tag_13_56_06	FUTURE DIRECTIONS	d7c83b63de426a259dd77f0acd25e414d6079086028de575c5d6162dd0eed381	open	missing:q35_ring3_base_definitions_clause_witness	Add an exact Q35 Ring 3 witness for this clause and close its parent only after all clauses close.
basedefs/sys_resource.h.html	tag_13_56_07	SEE ALSO	d7c83b63de426a259dd77f0acd25e414d6079086028de575c5d6162dd0eed381	open	missing:q35_ring3_base_definitions_clause_witness	Add an exact Q35 Ring 3 witness for this clause and close its parent only after all clauses close.
basedefs/sys_resource.h.html	tag_13_56_08	CHANGE HISTORY	d7c83b63de426a259dd77f0acd25e414d6079086028de575c5d6162dd0eed381	open	missing:q35_ring3_base_definitions_clause_witness	Add an exact Q35 Ring 3 witness for this clause and close its parent only after all clauses close.
basedefs/sys_resource.h.html	tag_13_56_09	Issue 5	d7c83b63de426a259dd77f0acd25e414d6079086028de575c5d6162dd0eed381	open	missing:q35_ring3_base_definitions_clause_witness	Add an exact Q35 Ring 3 witness for this clause and close its parent only after all clauses close.
basedefs/sys_resource.h.html	tag_13_56_10	Issue 7	d7c83b63de426a259dd77f0acd25e414d6079086028de575c5d6162dd0eed381	open	missing:q35_ring3_base_definitions_clause_witness	Add an exact Q35 Ring 3 witness for this clause and close its parent only after all clauses close.
basedefs/sys_select.h.html	tag_13_57_01	NAME	333d906d0003af5435551ea49233b83f64dd5d5eb5ae278021f046102fce4ef3	open	missing:q35_ring3_base_definitions_clause_witness	Add an exact Q35 Ring 3 witness for this clause and close its parent only after all clauses close.
basedefs/sys_select.h.html	tag_13_57_02	SYNOPSIS	333d906d0003af5435551ea49233b83f64dd5d5eb5ae278021f046102fce4ef3	open	missing:q35_ring3_base_definitions_clause_witness	Add an exact Q35 Ring 3 witness for this clause and close its parent only after all clauses close.
basedefs/sys_select.h.html	tag_13_57_03	DESCRIPTION	333d906d0003af5435551ea49233b83f64dd5d5eb5ae278021f046102fce4ef3	open	missing:q35_ring3_base_definitions_clause_witness	Add an exact Q35 Ring 3 witness for this clause and close its parent only after all clauses close.
basedefs/sys_select.h.html	tag_13_57_04	APPLICATION USAGE	333d906d0003af5435551ea49233b83f64dd5d5eb5ae278021f046102fce4ef3	open	missing:q35_ring3_base_definitions_clause_witness	Add an exact Q35 Ring 3 witness for this clause and close its parent only after all clauses close.
basedefs/sys_select.h.html	tag_13_57_05	RATIONALE	333d906d0003af5435551ea49233b83f64dd5d5eb5ae278021f046102fce4ef3	open	missing:q35_ring3_base_definitions_clause_witness	Add an exact Q35 Ring 3 witness for this clause and close its parent only after all clauses close.
basedefs/sys_select.h.html	tag_13_57_06	FUTURE DIRECTIONS	333d906d0003af5435551ea49233b83f64dd5d5eb5ae278021f046102fce4ef3	open	missing:q35_ring3_base_definitions_clause_witness	Add an exact Q35 Ring 3 witness for this clause and close its parent only after all clauses close.
basedefs/sys_select.h.html	tag_13_57_07	SEE ALSO	333d906d0003af5435551ea49233b83f64dd5d5eb5ae278021f046102fce4ef3	open	missing:q35_ring3_base_definitions_clause_witness	Add an exact Q35 Ring 3 witness for this clause and close its parent only after all clauses close.
basedefs/sys_select.h.html	tag_13_57_08	CHANGE HISTORY	333d906d0003af5435551ea49233b83f64dd5d5eb5ae278021f046102fce4ef3	open	missing:q35_ring3_base_definitions_clause_witness	Add an exact Q35 Ring 3 witness for this clause and close its parent only after all clauses close.
basedefs/sys_select.h.html	tag_13_57_09	Issue 7	333d906d0003af5435551ea49233b83f64dd5d5eb5ae278021f046102fce4ef3	open	missing:q35_ring3_base_definitions_clause_witness	Add an exact Q35 Ring 3 witness for this clause and close its parent only after all clauses close.
basedefs/sys_sem.h.html	tag_13_58_01	NAME	5693501a8c3ce8e8593c23faf22d6d2bbc81646a8eda49f60313009ed4e494aa	open	missing:q35_ring3_base_definitions_clause_witness	Add an exact Q35 Ring 3 witness for this clause and close its parent only after all clauses close.
basedefs/sys_sem.h.html	tag_13_58_02	SYNOPSIS	5693501a8c3ce8e8593c23faf22d6d2bbc81646a8eda49f60313009ed4e494aa	open	missing:q35_ring3_base_definitions_clause_witness	Add an exact Q35 Ring 3 witness for this clause and close its parent only after all clauses close.
basedefs/sys_sem.h.html	tag_13_58_03	DESCRIPTION	5693501a8c3ce8e8593c23faf22d6d2bbc81646a8eda49f60313009ed4e494aa	open	missing:q35_ring3_base_definitions_clause_witness	Add an exact Q35 Ring 3 witness for this clause and close its parent only after all clauses close.
basedefs/sys_sem.h.html	tag_13_58_04	APPLICATION USAGE	5693501a8c3ce8e8593c23faf22d6d2bbc81646a8eda49f60313009ed4e494aa	open	missing:q35_ring3_base_definitions_clause_witness	Add an exact Q35 Ring 3 witness for this clause and close its parent only after all clauses close.
basedefs/sys_sem.h.html	tag_13_58_05	RATIONALE	5693501a8c3ce8e8593c23faf22d6d2bbc81646a8eda49f60313009ed4e494aa	open	missing:q35_ring3_base_definitions_clause_witness	Add an exact Q35 Ring 3 witness for this clause and close its parent only after all clauses close.
basedefs/sys_sem.h.html	tag_13_58_06	FUTURE DIRECTIONS	5693501a8c3ce8e8593c23faf22d6d2bbc81646a8eda49f60313009ed4e494aa	open	missing:q35_ring3_base_definitions_clause_witness	Add an exact Q35 Ring 3 witness for this clause and close its parent only after all clauses close.
basedefs/sys_sem.h.html	tag_13_58_07	SEE ALSO	5693501a8c3ce8e8593c23faf22d6d2bbc81646a8eda49f60313009ed4e494aa	open	missing:q35_ring3_base_definitions_clause_witness	Add an exact Q35 Ring 3 witness for this clause and close its parent only after all clauses close.
basedefs/sys_sem.h.html	tag_13_58_08	CHANGE HISTORY	5693501a8c3ce8e8593c23faf22d6d2bbc81646a8eda49f60313009ed4e494aa	open	missing:q35_ring3_base_definitions_clause_witness	Add an exact Q35 Ring 3 witness for this clause and close its parent only after all clauses close.
basedefs/sys_sem.h.html	tag_13_58_09	Issue 7	5693501a8c3ce8e8593c23faf22d6d2bbc81646a8eda49f60313009ed4e494aa	open	missing:q35_ring3_base_definitions_clause_witness	Add an exact Q35 Ring 3 witness for this clause and close its parent only after all clauses close.
basedefs/sys_shm.h.html	tag_13_59_01	NAME	a5aeeedda30da36384a53534606e5a5232d7e699741619f3e2004f1dcaf5c5d0	open	missing:q35_ring3_base_definitions_clause_witness	Add an exact Q35 Ring 3 witness for this clause and close its parent only after all clauses close.
basedefs/sys_shm.h.html	tag_13_59_02	SYNOPSIS	a5aeeedda30da36384a53534606e5a5232d7e699741619f3e2004f1dcaf5c5d0	open	missing:q35_ring3_base_definitions_clause_witness	Add an exact Q35 Ring 3 witness for this clause and close its parent only after all clauses close.
basedefs/sys_shm.h.html	tag_13_59_03	DESCRIPTION	a5aeeedda30da36384a53534606e5a5232d7e699741619f3e2004f1dcaf5c5d0	open	missing:q35_ring3_base_definitions_clause_witness	Add an exact Q35 Ring 3 witness for this clause and close its parent only after all clauses close.
basedefs/sys_shm.h.html	tag_13_59_04	APPLICATION USAGE	a5aeeedda30da36384a53534606e5a5232d7e699741619f3e2004f1dcaf5c5d0	open	missing:q35_ring3_base_definitions_clause_witness	Add an exact Q35 Ring 3 witness for this clause and close its parent only after all clauses close.
basedefs/sys_shm.h.html	tag_13_59_05	RATIONALE	a5aeeedda30da36384a53534606e5a5232d7e699741619f3e2004f1dcaf5c5d0	open	missing:q35_ring3_base_definitions_clause_witness	Add an exact Q35 Ring 3 witness for this clause and close its parent only after all clauses close.
basedefs/sys_shm.h.html	tag_13_59_06	FUTURE DIRECTIONS	a5aeeedda30da36384a53534606e5a5232d7e699741619f3e2004f1dcaf5c5d0	open	missing:q35_ring3_base_definitions_clause_witness	Add an exact Q35 Ring 3 witness for this clause and close its parent only after all clauses close.
basedefs/sys_shm.h.html	tag_13_59_07	SEE ALSO	a5aeeedda30da36384a53534606e5a5232d7e699741619f3e2004f1dcaf5c5d0	open	missing:q35_ring3_base_definitions_clause_witness	Add an exact Q35 Ring 3 witness for this clause and close its parent only after all clauses close.
basedefs/sys_shm.h.html	tag_13_59_08	CHANGE HISTORY	a5aeeedda30da36384a53534606e5a5232d7e699741619f3e2004f1dcaf5c5d0	open	missing:q35_ring3_base_definitions_clause_witness	Add an exact Q35 Ring 3 witness for this clause and close its parent only after all clauses close.
basedefs/sys_shm.h.html	tag_13_59_09	Issue 5	a5aeeedda30da36384a53534606e5a5232d7e699741619f3e2004f1dcaf5c5d0	open	missing:q35_ring3_base_definitions_clause_witness	Add an exact Q35 Ring 3 witness for this clause and close its parent only after all clauses close.
basedefs/sys_shm.h.html	tag_13_59_10	Issue 7	a5aeeedda30da36384a53534606e5a5232d7e699741619f3e2004f1dcaf5c5d0	open	missing:q35_ring3_base_definitions_clause_witness	Add an exact Q35 Ring 3 witness for this clause and close its parent only after all clauses close.
basedefs/sys_socket.h.html	tag_13_60_01	NAME	dd50ab566d9b8af6cd9b11ac36016c54f2c0701a86a1394aff3095654b30d0cc	open	missing:q35_ring3_base_definitions_clause_witness	Add an exact Q35 Ring 3 witness for this clause and close its parent only after all clauses close.
basedefs/sys_socket.h.html	tag_13_60_02	SYNOPSIS	dd50ab566d9b8af6cd9b11ac36016c54f2c0701a86a1394aff3095654b30d0cc	open	missing:q35_ring3_base_definitions_clause_witness	Add an exact Q35 Ring 3 witness for this clause and close its parent only after all clauses close.
basedefs/sys_socket.h.html	tag_13_60_03	DESCRIPTION	dd50ab566d9b8af6cd9b11ac36016c54f2c0701a86a1394aff3095654b30d0cc	open	missing:q35_ring3_base_definitions_clause_witness	Add an exact Q35 Ring 3 witness for this clause and close its parent only after all clauses close.
basedefs/sys_socket.h.html	tag_13_60_04	APPLICATION USAGE	dd50ab566d9b8af6cd9b11ac36016c54f2c0701a86a1394aff3095654b30d0cc	open	missing:q35_ring3_base_definitions_clause_witness	Add an exact Q35 Ring 3 witness for this clause and close its parent only after all clauses close.
basedefs/sys_socket.h.html	tag_13_60_05	RATIONALE	dd50ab566d9b8af6cd9b11ac36016c54f2c0701a86a1394aff3095654b30d0cc	open	missing:q35_ring3_base_definitions_clause_witness	Add an exact Q35 Ring 3 witness for this clause and close its parent only after all clauses close.
basedefs/sys_socket.h.html	tag_13_60_06	FUTURE DIRECTIONS	dd50ab566d9b8af6cd9b11ac36016c54f2c0701a86a1394aff3095654b30d0cc	open	missing:q35_ring3_base_definitions_clause_witness	Add an exact Q35 Ring 3 witness for this clause and close its parent only after all clauses close.
basedefs/sys_socket.h.html	tag_13_60_07	SEE ALSO	dd50ab566d9b8af6cd9b11ac36016c54f2c0701a86a1394aff3095654b30d0cc	open	missing:q35_ring3_base_definitions_clause_witness	Add an exact Q35 Ring 3 witness for this clause and close its parent only after all clauses close.
basedefs/sys_socket.h.html	tag_13_60_08	CHANGE HISTORY	dd50ab566d9b8af6cd9b11ac36016c54f2c0701a86a1394aff3095654b30d0cc	open	missing:q35_ring3_base_definitions_clause_witness	Add an exact Q35 Ring 3 witness for this clause and close its parent only after all clauses close.
basedefs/sys_socket.h.html	tag_13_60_09	Issue 7	dd50ab566d9b8af6cd9b11ac36016c54f2c0701a86a1394aff3095654b30d0cc	open	missing:q35_ring3_base_definitions_clause_witness	Add an exact Q35 Ring 3 witness for this clause and close its parent only after all clauses close.
basedefs/sys_stat.h.html	tag_13_61_01	NAME	48bbc03391d28cc051bc1a5ccd849692cc233f5e22bcb45594c3890b4d2fe0e7	open	missing:q35_ring3_base_definitions_clause_witness	Add an exact Q35 Ring 3 witness for this clause and close its parent only after all clauses close.
basedefs/sys_stat.h.html	tag_13_61_02	SYNOPSIS	48bbc03391d28cc051bc1a5ccd849692cc233f5e22bcb45594c3890b4d2fe0e7	open	missing:q35_ring3_base_definitions_clause_witness	Add an exact Q35 Ring 3 witness for this clause and close its parent only after all clauses close.
basedefs/sys_stat.h.html	tag_13_61_03	DESCRIPTION	48bbc03391d28cc051bc1a5ccd849692cc233f5e22bcb45594c3890b4d2fe0e7	open	missing:q35_ring3_base_definitions_clause_witness	Add an exact Q35 Ring 3 witness for this clause and close its parent only after all clauses close.
basedefs/sys_stat.h.html	tag_13_61_04	APPLICATION USAGE	48bbc03391d28cc051bc1a5ccd849692cc233f5e22bcb45594c3890b4d2fe0e7	open	missing:q35_ring3_base_definitions_clause_witness	Add an exact Q35 Ring 3 witness for this clause and close its parent only after all clauses close.
basedefs/sys_stat.h.html	tag_13_61_05	RATIONALE	48bbc03391d28cc051bc1a5ccd849692cc233f5e22bcb45594c3890b4d2fe0e7	open	missing:q35_ring3_base_definitions_clause_witness	Add an exact Q35 Ring 3 witness for this clause and close its parent only after all clauses close.
basedefs/sys_stat.h.html	tag_13_61_06	FUTURE DIRECTIONS	48bbc03391d28cc051bc1a5ccd849692cc233f5e22bcb45594c3890b4d2fe0e7	open	missing:q35_ring3_base_definitions_clause_witness	Add an exact Q35 Ring 3 witness for this clause and close its parent only after all clauses close.
basedefs/sys_stat.h.html	tag_13_61_07	SEE ALSO	48bbc03391d28cc051bc1a5ccd849692cc233f5e22bcb45594c3890b4d2fe0e7	open	missing:q35_ring3_base_definitions_clause_witness	Add an exact Q35 Ring 3 witness for this clause and close its parent only after all clauses close.
basedefs/sys_stat.h.html	tag_13_61_08	CHANGE HISTORY	48bbc03391d28cc051bc1a5ccd849692cc233f5e22bcb45594c3890b4d2fe0e7	open	missing:q35_ring3_base_definitions_clause_witness	Add an exact Q35 Ring 3 witness for this clause and close its parent only after all clauses close.
basedefs/sys_stat.h.html	tag_13_61_09	Issue 5	48bbc03391d28cc051bc1a5ccd849692cc233f5e22bcb45594c3890b4d2fe0e7	open	missing:q35_ring3_base_definitions_clause_witness	Add an exact Q35 Ring 3 witness for this clause and close its parent only after all clauses close.
basedefs/sys_stat.h.html	tag_13_61_10	Issue 6	48bbc03391d28cc051bc1a5ccd849692cc233f5e22bcb45594c3890b4d2fe0e7	open	missing:q35_ring3_base_definitions_clause_witness	Add an exact Q35 Ring 3 witness for this clause and close its parent only after all clauses close.
basedefs/sys_stat.h.html	tag_13_61_11	Issue 7	48bbc03391d28cc051bc1a5ccd849692cc233f5e22bcb45594c3890b4d2fe0e7	open	missing:q35_ring3_base_definitions_clause_witness	Add an exact Q35 Ring 3 witness for this clause and close its parent only after all clauses close.
basedefs/sys_statvfs.h.html	tag_13_62_01	NAME	16429ce3628b1348421a4649d4600d07b90bc98d4ee288b9654ac65539956231	open	missing:q35_ring3_base_definitions_clause_witness	Add an exact Q35 Ring 3 witness for this clause and close its parent only after all clauses close.
basedefs/sys_statvfs.h.html	tag_13_62_02	SYNOPSIS	16429ce3628b1348421a4649d4600d07b90bc98d4ee288b9654ac65539956231	open	missing:q35_ring3_base_definitions_clause_witness	Add an exact Q35 Ring 3 witness for this clause and close its parent only after all clauses close.
basedefs/sys_statvfs.h.html	tag_13_62_03	DESCRIPTION	16429ce3628b1348421a4649d4600d07b90bc98d4ee288b9654ac65539956231	open	missing:q35_ring3_base_definitions_clause_witness	Add an exact Q35 Ring 3 witness for this clause and close its parent only after all clauses close.
basedefs/sys_statvfs.h.html	tag_13_62_04	APPLICATION USAGE	16429ce3628b1348421a4649d4600d07b90bc98d4ee288b9654ac65539956231	open	missing:q35_ring3_base_definitions_clause_witness	Add an exact Q35 Ring 3 witness for this clause and close its parent only after all clauses close.
basedefs/sys_statvfs.h.html	tag_13_62_05	RATIONALE	16429ce3628b1348421a4649d4600d07b90bc98d4ee288b9654ac65539956231	open	missing:q35_ring3_base_definitions_clause_witness	Add an exact Q35 Ring 3 witness for this clause and close its parent only after all clauses close.
basedefs/sys_statvfs.h.html	tag_13_62_06	FUTURE DIRECTIONS	16429ce3628b1348421a4649d4600d07b90bc98d4ee288b9654ac65539956231	open	missing:q35_ring3_base_definitions_clause_witness	Add an exact Q35 Ring 3 witness for this clause and close its parent only after all clauses close.
basedefs/sys_statvfs.h.html	tag_13_62_07	SEE ALSO	16429ce3628b1348421a4649d4600d07b90bc98d4ee288b9654ac65539956231	open	missing:q35_ring3_base_definitions_clause_witness	Add an exact Q35 Ring 3 witness for this clause and close its parent only after all clauses close.
basedefs/sys_statvfs.h.html	tag_13_62_08	CHANGE HISTORY	16429ce3628b1348421a4649d4600d07b90bc98d4ee288b9654ac65539956231	open	missing:q35_ring3_base_definitions_clause_witness	Add an exact Q35 Ring 3 witness for this clause and close its parent only after all clauses close.
basedefs/sys_statvfs.h.html	tag_13_62_09	Issue 5	16429ce3628b1348421a4649d4600d07b90bc98d4ee288b9654ac65539956231	open	missing:q35_ring3_base_definitions_clause_witness	Add an exact Q35 Ring 3 witness for this clause and close its parent only after all clauses close.
basedefs/sys_statvfs.h.html	tag_13_62_10	Issue 6	16429ce3628b1348421a4649d4600d07b90bc98d4ee288b9654ac65539956231	open	missing:q35_ring3_base_definitions_clause_witness	Add an exact Q35 Ring 3 witness for this clause and close its parent only after all clauses close.
basedefs/sys_statvfs.h.html	tag_13_62_11	Issue 7	16429ce3628b1348421a4649d4600d07b90bc98d4ee288b9654ac65539956231	open	missing:q35_ring3_base_definitions_clause_witness	Add an exact Q35 Ring 3 witness for this clause and close its parent only after all clauses close.
basedefs/sys_time.h.html	tag_13_63_01	NAME	9f7c48e707a3c43f9ca2168bff45e1f5a90604cf287065149ce3d27b23b90096	open	missing:q35_ring3_base_definitions_clause_witness	Add an exact Q35 Ring 3 witness for this clause and close its parent only after all clauses close.
basedefs/sys_time.h.html	tag_13_63_02	SYNOPSIS	9f7c48e707a3c43f9ca2168bff45e1f5a90604cf287065149ce3d27b23b90096	open	missing:q35_ring3_base_definitions_clause_witness	Add an exact Q35 Ring 3 witness for this clause and close its parent only after all clauses close.
basedefs/sys_time.h.html	tag_13_63_03	DESCRIPTION	9f7c48e707a3c43f9ca2168bff45e1f5a90604cf287065149ce3d27b23b90096	open	missing:q35_ring3_base_definitions_clause_witness	Add an exact Q35 Ring 3 witness for this clause and close its parent only after all clauses close.
basedefs/sys_time.h.html	tag_13_63_04	APPLICATION USAGE	9f7c48e707a3c43f9ca2168bff45e1f5a90604cf287065149ce3d27b23b90096	open	missing:q35_ring3_base_definitions_clause_witness	Add an exact Q35 Ring 3 witness for this clause and close its parent only after all clauses close.
basedefs/sys_time.h.html	tag_13_63_05	RATIONALE	9f7c48e707a3c43f9ca2168bff45e1f5a90604cf287065149ce3d27b23b90096	open	missing:q35_ring3_base_definitions_clause_witness	Add an exact Q35 Ring 3 witness for this clause and close its parent only after all clauses close.
basedefs/sys_time.h.html	tag_13_63_06	FUTURE DIRECTIONS	9f7c48e707a3c43f9ca2168bff45e1f5a90604cf287065149ce3d27b23b90096	open	missing:q35_ring3_base_definitions_clause_witness	Add an exact Q35 Ring 3 witness for this clause and close its parent only after all clauses close.
basedefs/sys_time.h.html	tag_13_63_07	SEE ALSO	9f7c48e707a3c43f9ca2168bff45e1f5a90604cf287065149ce3d27b23b90096	open	missing:q35_ring3_base_definitions_clause_witness	Add an exact Q35 Ring 3 witness for this clause and close its parent only after all clauses close.
basedefs/sys_time.h.html	tag_13_63_08	CHANGE HISTORY	9f7c48e707a3c43f9ca2168bff45e1f5a90604cf287065149ce3d27b23b90096	open	missing:q35_ring3_base_definitions_clause_witness	Add an exact Q35 Ring 3 witness for this clause and close its parent only after all clauses close.
basedefs/sys_time.h.html	tag_13_63_09	Issue 5	9f7c48e707a3c43f9ca2168bff45e1f5a90604cf287065149ce3d27b23b90096	open	missing:q35_ring3_base_definitions_clause_witness	Add an exact Q35 Ring 3 witness for this clause and close its parent only after all clauses close.
basedefs/sys_time.h.html	tag_13_63_10	Issue 6	9f7c48e707a3c43f9ca2168bff45e1f5a90604cf287065149ce3d27b23b90096	open	missing:q35_ring3_base_definitions_clause_witness	Add an exact Q35 Ring 3 witness for this clause and close its parent only after all clauses close.
basedefs/sys_time.h.html	tag_13_63_11	Issue 7	9f7c48e707a3c43f9ca2168bff45e1f5a90604cf287065149ce3d27b23b90096	open	missing:q35_ring3_base_definitions_clause_witness	Add an exact Q35 Ring 3 witness for this clause and close its parent only after all clauses close.
basedefs/sys_times.h.html	tag_13_64_01	NAME	cad4ad8da8c23a9607a33a35ac8ae3d21db682a1783a34aa8ea8aae401d6dd92	open	missing:q35_ring3_base_definitions_clause_witness	Add an exact Q35 Ring 3 witness for this clause and close its parent only after all clauses close.
basedefs/sys_times.h.html	tag_13_64_02	SYNOPSIS	cad4ad8da8c23a9607a33a35ac8ae3d21db682a1783a34aa8ea8aae401d6dd92	open	missing:q35_ring3_base_definitions_clause_witness	Add an exact Q35 Ring 3 witness for this clause and close its parent only after all clauses close.
basedefs/sys_times.h.html	tag_13_64_03	DESCRIPTION	cad4ad8da8c23a9607a33a35ac8ae3d21db682a1783a34aa8ea8aae401d6dd92	open	missing:q35_ring3_base_definitions_clause_witness	Add an exact Q35 Ring 3 witness for this clause and close its parent only after all clauses close.
basedefs/sys_times.h.html	tag_13_64_04	APPLICATION USAGE	cad4ad8da8c23a9607a33a35ac8ae3d21db682a1783a34aa8ea8aae401d6dd92	open	missing:q35_ring3_base_definitions_clause_witness	Add an exact Q35 Ring 3 witness for this clause and close its parent only after all clauses close.
basedefs/sys_times.h.html	tag_13_64_05	RATIONALE	cad4ad8da8c23a9607a33a35ac8ae3d21db682a1783a34aa8ea8aae401d6dd92	open	missing:q35_ring3_base_definitions_clause_witness	Add an exact Q35 Ring 3 witness for this clause and close its parent only after all clauses close.
basedefs/sys_times.h.html	tag_13_64_06	FUTURE DIRECTIONS	cad4ad8da8c23a9607a33a35ac8ae3d21db682a1783a34aa8ea8aae401d6dd92	open	missing:q35_ring3_base_definitions_clause_witness	Add an exact Q35 Ring 3 witness for this clause and close its parent only after all clauses close.
basedefs/sys_times.h.html	tag_13_64_07	SEE ALSO	cad4ad8da8c23a9607a33a35ac8ae3d21db682a1783a34aa8ea8aae401d6dd92	open	missing:q35_ring3_base_definitions_clause_witness	Add an exact Q35 Ring 3 witness for this clause and close its parent only after all clauses close.
basedefs/sys_times.h.html	tag_13_64_08	CHANGE HISTORY	cad4ad8da8c23a9607a33a35ac8ae3d21db682a1783a34aa8ea8aae401d6dd92	open	missing:q35_ring3_base_definitions_clause_witness	Add an exact Q35 Ring 3 witness for this clause and close its parent only after all clauses close.
basedefs/sys_types.h.html	tag_13_65_01	NAME	ac999a6e89eadb282df0ab0ccb7890853713bf394785ef29227fc1be2be7a000	open	missing:q35_ring3_base_definitions_clause_witness	Add an exact Q35 Ring 3 witness for this clause and close its parent only after all clauses close.
basedefs/sys_types.h.html	tag_13_65_02	SYNOPSIS	ac999a6e89eadb282df0ab0ccb7890853713bf394785ef29227fc1be2be7a000	open	missing:q35_ring3_base_definitions_clause_witness	Add an exact Q35 Ring 3 witness for this clause and close its parent only after all clauses close.
basedefs/sys_types.h.html	tag_13_65_03	DESCRIPTION	ac999a6e89eadb282df0ab0ccb7890853713bf394785ef29227fc1be2be7a000	open	missing:q35_ring3_base_definitions_clause_witness	Add an exact Q35 Ring 3 witness for this clause and close its parent only after all clauses close.
basedefs/sys_types.h.html	tag_13_65_04	APPLICATION USAGE	ac999a6e89eadb282df0ab0ccb7890853713bf394785ef29227fc1be2be7a000	open	missing:q35_ring3_base_definitions_clause_witness	Add an exact Q35 Ring 3 witness for this clause and close its parent only after all clauses close.
basedefs/sys_types.h.html	tag_13_65_05	RATIONALE	ac999a6e89eadb282df0ab0ccb7890853713bf394785ef29227fc1be2be7a000	open	missing:q35_ring3_base_definitions_clause_witness	Add an exact Q35 Ring 3 witness for this clause and close its parent only after all clauses close.
basedefs/sys_types.h.html	tag_13_65_06	FUTURE DIRECTIONS	ac999a6e89eadb282df0ab0ccb7890853713bf394785ef29227fc1be2be7a000	open	missing:q35_ring3_base_definitions_clause_witness	Add an exact Q35 Ring 3 witness for this clause and close its parent only after all clauses close.
basedefs/sys_types.h.html	tag_13_65_07	SEE ALSO	ac999a6e89eadb282df0ab0ccb7890853713bf394785ef29227fc1be2be7a000	open	missing:q35_ring3_base_definitions_clause_witness	Add an exact Q35 Ring 3 witness for this clause and close its parent only after all clauses close.
basedefs/sys_types.h.html	tag_13_65_08	CHANGE HISTORY	ac999a6e89eadb282df0ab0ccb7890853713bf394785ef29227fc1be2be7a000	open	missing:q35_ring3_base_definitions_clause_witness	Add an exact Q35 Ring 3 witness for this clause and close its parent only after all clauses close.
basedefs/sys_types.h.html	tag_13_65_09	Issue 5	ac999a6e89eadb282df0ab0ccb7890853713bf394785ef29227fc1be2be7a000	open	missing:q35_ring3_base_definitions_clause_witness	Add an exact Q35 Ring 3 witness for this clause and close its parent only after all clauses close.
basedefs/sys_types.h.html	tag_13_65_10	Issue 6	ac999a6e89eadb282df0ab0ccb7890853713bf394785ef29227fc1be2be7a000	open	missing:q35_ring3_base_definitions_clause_witness	Add an exact Q35 Ring 3 witness for this clause and close its parent only after all clauses close.
basedefs/sys_types.h.html	tag_13_65_11	Issue 7	ac999a6e89eadb282df0ab0ccb7890853713bf394785ef29227fc1be2be7a000	open	missing:q35_ring3_base_definitions_clause_witness	Add an exact Q35 Ring 3 witness for this clause and close its parent only after all clauses close.
basedefs/sys_uio.h.html	tag_13_66_01	NAME	a097aa8c9dbc1c5ab016e07a14caaa432c7e000b0c5262a572359b3ebfec758e	open	missing:q35_ring3_base_definitions_clause_witness	Add an exact Q35 Ring 3 witness for this clause and close its parent only after all clauses close.
basedefs/sys_uio.h.html	tag_13_66_02	SYNOPSIS	a097aa8c9dbc1c5ab016e07a14caaa432c7e000b0c5262a572359b3ebfec758e	open	missing:q35_ring3_base_definitions_clause_witness	Add an exact Q35 Ring 3 witness for this clause and close its parent only after all clauses close.
basedefs/sys_uio.h.html	tag_13_66_03	DESCRIPTION	a097aa8c9dbc1c5ab016e07a14caaa432c7e000b0c5262a572359b3ebfec758e	open	missing:q35_ring3_base_definitions_clause_witness	Add an exact Q35 Ring 3 witness for this clause and close its parent only after all clauses close.
basedefs/sys_uio.h.html	tag_13_66_04	APPLICATION USAGE	a097aa8c9dbc1c5ab016e07a14caaa432c7e000b0c5262a572359b3ebfec758e	open	missing:q35_ring3_base_definitions_clause_witness	Add an exact Q35 Ring 3 witness for this clause and close its parent only after all clauses close.
basedefs/sys_uio.h.html	tag_13_66_05	RATIONALE	a097aa8c9dbc1c5ab016e07a14caaa432c7e000b0c5262a572359b3ebfec758e	open	missing:q35_ring3_base_definitions_clause_witness	Add an exact Q35 Ring 3 witness for this clause and close its parent only after all clauses close.
basedefs/sys_uio.h.html	tag_13_66_06	FUTURE DIRECTIONS	a097aa8c9dbc1c5ab016e07a14caaa432c7e000b0c5262a572359b3ebfec758e	open	missing:q35_ring3_base_definitions_clause_witness	Add an exact Q35 Ring 3 witness for this clause and close its parent only after all clauses close.
basedefs/sys_uio.h.html	tag_13_66_07	SEE ALSO	a097aa8c9dbc1c5ab016e07a14caaa432c7e000b0c5262a572359b3ebfec758e	open	missing:q35_ring3_base_definitions_clause_witness	Add an exact Q35 Ring 3 witness for this clause and close its parent only after all clauses close.
basedefs/sys_uio.h.html	tag_13_66_08	CHANGE HISTORY	a097aa8c9dbc1c5ab016e07a14caaa432c7e000b0c5262a572359b3ebfec758e	open	missing:q35_ring3_base_definitions_clause_witness	Add an exact Q35 Ring 3 witness for this clause and close its parent only after all clauses close.
basedefs/sys_uio.h.html	tag_13_66_09	Issue 6	a097aa8c9dbc1c5ab016e07a14caaa432c7e000b0c5262a572359b3ebfec758e	open	missing:q35_ring3_base_definitions_clause_witness	Add an exact Q35 Ring 3 witness for this clause and close its parent only after all clauses close.
basedefs/sys_un.h.html	tag_13_67_01	NAME	749387daee35fe39a66023e7f57411d75b305c1f6b13fa942d81240ef4294435	open	missing:q35_ring3_base_definitions_clause_witness	Add an exact Q35 Ring 3 witness for this clause and close its parent only after all clauses close.
basedefs/sys_un.h.html	tag_13_67_02	SYNOPSIS	749387daee35fe39a66023e7f57411d75b305c1f6b13fa942d81240ef4294435	open	missing:q35_ring3_base_definitions_clause_witness	Add an exact Q35 Ring 3 witness for this clause and close its parent only after all clauses close.
basedefs/sys_un.h.html	tag_13_67_03	DESCRIPTION	749387daee35fe39a66023e7f57411d75b305c1f6b13fa942d81240ef4294435	open	missing:q35_ring3_base_definitions_clause_witness	Add an exact Q35 Ring 3 witness for this clause and close its parent only after all clauses close.
basedefs/sys_un.h.html	tag_13_67_04	APPLICATION USAGE	749387daee35fe39a66023e7f57411d75b305c1f6b13fa942d81240ef4294435	open	missing:q35_ring3_base_definitions_clause_witness	Add an exact Q35 Ring 3 witness for this clause and close its parent only after all clauses close.
basedefs/sys_un.h.html	tag_13_67_05	RATIONALE	749387daee35fe39a66023e7f57411d75b305c1f6b13fa942d81240ef4294435	open	missing:q35_ring3_base_definitions_clause_witness	Add an exact Q35 Ring 3 witness for this clause and close its parent only after all clauses close.
basedefs/sys_un.h.html	tag_13_67_06	FUTURE DIRECTIONS	749387daee35fe39a66023e7f57411d75b305c1f6b13fa942d81240ef4294435	open	missing:q35_ring3_base_definitions_clause_witness	Add an exact Q35 Ring 3 witness for this clause and close its parent only after all clauses close.
basedefs/sys_un.h.html	tag_13_67_07	SEE ALSO	749387daee35fe39a66023e7f57411d75b305c1f6b13fa942d81240ef4294435	open	missing:q35_ring3_base_definitions_clause_witness	Add an exact Q35 Ring 3 witness for this clause and close its parent only after all clauses close.
basedefs/sys_un.h.html	tag_13_67_08	CHANGE HISTORY	749387daee35fe39a66023e7f57411d75b305c1f6b13fa942d81240ef4294435	open	missing:q35_ring3_base_definitions_clause_witness	Add an exact Q35 Ring 3 witness for this clause and close its parent only after all clauses close.
basedefs/sys_un.h.html	tag_13_67_09	Issue 7	749387daee35fe39a66023e7f57411d75b305c1f6b13fa942d81240ef4294435	open	missing:q35_ring3_base_definitions_clause_witness	Add an exact Q35 Ring 3 witness for this clause and close its parent only after all clauses close.
basedefs/sys_utsname.h.html	tag_13_68_01	NAME	1e6788fd7353eecf54a36d2e84d283ce99c389575010f6d0e6b2a565845907c4	open	missing:q35_ring3_base_definitions_clause_witness	Add an exact Q35 Ring 3 witness for this clause and close its parent only after all clauses close.
basedefs/sys_utsname.h.html	tag_13_68_02	SYNOPSIS	1e6788fd7353eecf54a36d2e84d283ce99c389575010f6d0e6b2a565845907c4	open	missing:q35_ring3_base_definitions_clause_witness	Add an exact Q35 Ring 3 witness for this clause and close its parent only after all clauses close.
basedefs/sys_utsname.h.html	tag_13_68_03	DESCRIPTION	1e6788fd7353eecf54a36d2e84d283ce99c389575010f6d0e6b2a565845907c4	open	missing:q35_ring3_base_definitions_clause_witness	Add an exact Q35 Ring 3 witness for this clause and close its parent only after all clauses close.
basedefs/sys_utsname.h.html	tag_13_68_04	APPLICATION USAGE	1e6788fd7353eecf54a36d2e84d283ce99c389575010f6d0e6b2a565845907c4	open	missing:q35_ring3_base_definitions_clause_witness	Add an exact Q35 Ring 3 witness for this clause and close its parent only after all clauses close.
basedefs/sys_utsname.h.html	tag_13_68_05	RATIONALE	1e6788fd7353eecf54a36d2e84d283ce99c389575010f6d0e6b2a565845907c4	open	missing:q35_ring3_base_definitions_clause_witness	Add an exact Q35 Ring 3 witness for this clause and close its parent only after all clauses close.
basedefs/sys_utsname.h.html	tag_13_68_06	FUTURE DIRECTIONS	1e6788fd7353eecf54a36d2e84d283ce99c389575010f6d0e6b2a565845907c4	open	missing:q35_ring3_base_definitions_clause_witness	Add an exact Q35 Ring 3 witness for this clause and close its parent only after all clauses close.
basedefs/sys_utsname.h.html	tag_13_68_07	SEE ALSO	1e6788fd7353eecf54a36d2e84d283ce99c389575010f6d0e6b2a565845907c4	open	missing:q35_ring3_base_definitions_clause_witness	Add an exact Q35 Ring 3 witness for this clause and close its parent only after all clauses close.
basedefs/sys_utsname.h.html	tag_13_68_08	CHANGE HISTORY	1e6788fd7353eecf54a36d2e84d283ce99c389575010f6d0e6b2a565845907c4	open	missing:q35_ring3_base_definitions_clause_witness	Add an exact Q35 Ring 3 witness for this clause and close its parent only after all clauses close.
basedefs/sys_utsname.h.html	tag_13_68_09	Issue 6	1e6788fd7353eecf54a36d2e84d283ce99c389575010f6d0e6b2a565845907c4	open	missing:q35_ring3_base_definitions_clause_witness	Add an exact Q35 Ring 3 witness for this clause and close its parent only after all clauses close.
basedefs/sys_wait.h.html	tag_13_69_01	NAME	a622ae2656ed188d718809ff159e546ee261c6b73e76be04f6fddbf71d7f12c5	open	missing:q35_ring3_base_definitions_clause_witness	Add an exact Q35 Ring 3 witness for this clause and close its parent only after all clauses close.
basedefs/sys_wait.h.html	tag_13_69_02	SYNOPSIS	a622ae2656ed188d718809ff159e546ee261c6b73e76be04f6fddbf71d7f12c5	open	missing:q35_ring3_base_definitions_clause_witness	Add an exact Q35 Ring 3 witness for this clause and close its parent only after all clauses close.
basedefs/sys_wait.h.html	tag_13_69_03	DESCRIPTION	a622ae2656ed188d718809ff159e546ee261c6b73e76be04f6fddbf71d7f12c5	open	missing:q35_ring3_base_definitions_clause_witness	Add an exact Q35 Ring 3 witness for this clause and close its parent only after all clauses close.
basedefs/sys_wait.h.html	tag_13_69_04	APPLICATION USAGE	a622ae2656ed188d718809ff159e546ee261c6b73e76be04f6fddbf71d7f12c5	open	missing:q35_ring3_base_definitions_clause_witness	Add an exact Q35 Ring 3 witness for this clause and close its parent only after all clauses close.
basedefs/sys_wait.h.html	tag_13_69_05	RATIONALE	a622ae2656ed188d718809ff159e546ee261c6b73e76be04f6fddbf71d7f12c5	open	missing:q35_ring3_base_definitions_clause_witness	Add an exact Q35 Ring 3 witness for this clause and close its parent only after all clauses close.
basedefs/sys_wait.h.html	tag_13_69_06	FUTURE DIRECTIONS	a622ae2656ed188d718809ff159e546ee261c6b73e76be04f6fddbf71d7f12c5	open	missing:q35_ring3_base_definitions_clause_witness	Add an exact Q35 Ring 3 witness for this clause and close its parent only after all clauses close.
basedefs/sys_wait.h.html	tag_13_69_07	SEE ALSO	a622ae2656ed188d718809ff159e546ee261c6b73e76be04f6fddbf71d7f12c5	open	missing:q35_ring3_base_definitions_clause_witness	Add an exact Q35 Ring 3 witness for this clause and close its parent only after all clauses close.
basedefs/sys_wait.h.html	tag_13_69_08	CHANGE HISTORY	a622ae2656ed188d718809ff159e546ee261c6b73e76be04f6fddbf71d7f12c5	open	missing:q35_ring3_base_definitions_clause_witness	Add an exact Q35 Ring 3 witness for this clause and close its parent only after all clauses close.
basedefs/sys_wait.h.html	tag_13_69_09	Issue 6	a622ae2656ed188d718809ff159e546ee261c6b73e76be04f6fddbf71d7f12c5	open	missing:q35_ring3_base_definitions_clause_witness	Add an exact Q35 Ring 3 witness for this clause and close its parent only after all clauses close.
basedefs/sys_wait.h.html	tag_13_69_10	Issue 7	a622ae2656ed188d718809ff159e546ee261c6b73e76be04f6fddbf71d7f12c5	open	missing:q35_ring3_base_definitions_clause_witness	Add an exact Q35 Ring 3 witness for this clause and close its parent only after all clauses close.
basedefs/syslog.h.html	tag_13_70_01	NAME	b1e3ca8ea1fabe41ac406cdf3628be8ea47c019e929c2e5ca6344909604bc5a3	open	missing:q35_ring3_base_definitions_clause_witness	Add an exact Q35 Ring 3 witness for this clause and close its parent only after all clauses close.
basedefs/syslog.h.html	tag_13_70_02	SYNOPSIS	b1e3ca8ea1fabe41ac406cdf3628be8ea47c019e929c2e5ca6344909604bc5a3	open	missing:q35_ring3_base_definitions_clause_witness	Add an exact Q35 Ring 3 witness for this clause and close its parent only after all clauses close.
basedefs/syslog.h.html	tag_13_70_03	DESCRIPTION	b1e3ca8ea1fabe41ac406cdf3628be8ea47c019e929c2e5ca6344909604bc5a3	open	missing:q35_ring3_base_definitions_clause_witness	Add an exact Q35 Ring 3 witness for this clause and close its parent only after all clauses close.
basedefs/syslog.h.html	tag_13_70_04	APPLICATION USAGE	b1e3ca8ea1fabe41ac406cdf3628be8ea47c019e929c2e5ca6344909604bc5a3	open	missing:q35_ring3_base_definitions_clause_witness	Add an exact Q35 Ring 3 witness for this clause and close its parent only after all clauses close.
basedefs/syslog.h.html	tag_13_70_05	RATIONALE	b1e3ca8ea1fabe41ac406cdf3628be8ea47c019e929c2e5ca6344909604bc5a3	open	missing:q35_ring3_base_definitions_clause_witness	Add an exact Q35 Ring 3 witness for this clause and close its parent only after all clauses close.
basedefs/syslog.h.html	tag_13_70_06	FUTURE DIRECTIONS	b1e3ca8ea1fabe41ac406cdf3628be8ea47c019e929c2e5ca6344909604bc5a3	open	missing:q35_ring3_base_definitions_clause_witness	Add an exact Q35 Ring 3 witness for this clause and close its parent only after all clauses close.
basedefs/syslog.h.html	tag_13_70_07	SEE ALSO	b1e3ca8ea1fabe41ac406cdf3628be8ea47c019e929c2e5ca6344909604bc5a3	open	missing:q35_ring3_base_definitions_clause_witness	Add an exact Q35 Ring 3 witness for this clause and close its parent only after all clauses close.
basedefs/syslog.h.html	tag_13_70_08	CHANGE HISTORY	b1e3ca8ea1fabe41ac406cdf3628be8ea47c019e929c2e5ca6344909604bc5a3	open	missing:q35_ring3_base_definitions_clause_witness	Add an exact Q35 Ring 3 witness for this clause and close its parent only after all clauses close.
basedefs/syslog.h.html	tag_13_70_09	Issue 5	b1e3ca8ea1fabe41ac406cdf3628be8ea47c019e929c2e5ca6344909604bc5a3	open	missing:q35_ring3_base_definitions_clause_witness	Add an exact Q35 Ring 3 witness for this clause and close its parent only after all clauses close.
basedefs/syslog.h.html	tag_13_70_10	Issue 7	b1e3ca8ea1fabe41ac406cdf3628be8ea47c019e929c2e5ca6344909604bc5a3	open	missing:q35_ring3_base_definitions_clause_witness	Add an exact Q35 Ring 3 witness for this clause and close its parent only after all clauses close.
basedefs/tar.h.html	tag_13_71_01	NAME	5f252141d030b8c6c773001dcd2ce426eb6d8283dfdd4b16f57df47100790d50	open	missing:q35_ring3_base_definitions_clause_witness	Add an exact Q35 Ring 3 witness for this clause and close its parent only after all clauses close.
basedefs/tar.h.html	tag_13_71_02	SYNOPSIS	5f252141d030b8c6c773001dcd2ce426eb6d8283dfdd4b16f57df47100790d50	open	missing:q35_ring3_base_definitions_clause_witness	Add an exact Q35 Ring 3 witness for this clause and close its parent only after all clauses close.
basedefs/tar.h.html	tag_13_71_03	DESCRIPTION	5f252141d030b8c6c773001dcd2ce426eb6d8283dfdd4b16f57df47100790d50	open	missing:q35_ring3_base_definitions_clause_witness	Add an exact Q35 Ring 3 witness for this clause and close its parent only after all clauses close.
basedefs/tar.h.html	tag_13_71_04	APPLICATION USAGE	5f252141d030b8c6c773001dcd2ce426eb6d8283dfdd4b16f57df47100790d50	open	missing:q35_ring3_base_definitions_clause_witness	Add an exact Q35 Ring 3 witness for this clause and close its parent only after all clauses close.
basedefs/tar.h.html	tag_13_71_05	RATIONALE	5f252141d030b8c6c773001dcd2ce426eb6d8283dfdd4b16f57df47100790d50	open	missing:q35_ring3_base_definitions_clause_witness	Add an exact Q35 Ring 3 witness for this clause and close its parent only after all clauses close.
basedefs/tar.h.html	tag_13_71_06	FUTURE DIRECTIONS	5f252141d030b8c6c773001dcd2ce426eb6d8283dfdd4b16f57df47100790d50	open	missing:q35_ring3_base_definitions_clause_witness	Add an exact Q35 Ring 3 witness for this clause and close its parent only after all clauses close.
basedefs/tar.h.html	tag_13_71_07	SEE ALSO	5f252141d030b8c6c773001dcd2ce426eb6d8283dfdd4b16f57df47100790d50	open	missing:q35_ring3_base_definitions_clause_witness	Add an exact Q35 Ring 3 witness for this clause and close its parent only after all clauses close.
basedefs/tar.h.html	tag_13_71_08	CHANGE HISTORY	5f252141d030b8c6c773001dcd2ce426eb6d8283dfdd4b16f57df47100790d50	open	missing:q35_ring3_base_definitions_clause_witness	Add an exact Q35 Ring 3 witness for this clause and close its parent only after all clauses close.
basedefs/tar.h.html	tag_13_71_09	Issue 6	5f252141d030b8c6c773001dcd2ce426eb6d8283dfdd4b16f57df47100790d50	open	missing:q35_ring3_base_definitions_clause_witness	Add an exact Q35 Ring 3 witness for this clause and close its parent only after all clauses close.
basedefs/tar.h.html	tag_13_71_10	Issue 7	5f252141d030b8c6c773001dcd2ce426eb6d8283dfdd4b16f57df47100790d50	open	missing:q35_ring3_base_definitions_clause_witness	Add an exact Q35 Ring 3 witness for this clause and close its parent only after all clauses close.
basedefs/termios.h.html	tag_13_72_01	NAME	8e88be1d7b196cf3cf8ac307ff42ab1a5e9b3075bff4e9592b151f404a26dbaf	open	missing:q35_ring3_base_definitions_clause_witness	Add an exact Q35 Ring 3 witness for this clause and close its parent only after all clauses close.
basedefs/termios.h.html	tag_13_72_02	SYNOPSIS	8e88be1d7b196cf3cf8ac307ff42ab1a5e9b3075bff4e9592b151f404a26dbaf	open	missing:q35_ring3_base_definitions_clause_witness	Add an exact Q35 Ring 3 witness for this clause and close its parent only after all clauses close.
basedefs/termios.h.html	tag_13_72_03	DESCRIPTION	8e88be1d7b196cf3cf8ac307ff42ab1a5e9b3075bff4e9592b151f404a26dbaf	open	missing:q35_ring3_base_definitions_clause_witness	Add an exact Q35 Ring 3 witness for this clause and close its parent only after all clauses close.
basedefs/termios.h.html	tag_13_72_03_01	The termios Structure	8e88be1d7b196cf3cf8ac307ff42ab1a5e9b3075bff4e9592b151f404a26dbaf	open	missing:q35_ring3_base_definitions_clause_witness	Add an exact Q35 Ring 3 witness for this clause and close its parent only after all clauses close.
basedefs/termios.h.html	tag_13_72_03_02	Input Modes	8e88be1d7b196cf3cf8ac307ff42ab1a5e9b3075bff4e9592b151f404a26dbaf	open	missing:q35_ring3_base_definitions_clause_witness	Add an exact Q35 Ring 3 witness for this clause and close its parent only after all clauses close.
basedefs/termios.h.html	tag_13_72_03_03	Output Modes	8e88be1d7b196cf3cf8ac307ff42ab1a5e9b3075bff4e9592b151f404a26dbaf	open	missing:q35_ring3_base_definitions_clause_witness	Add an exact Q35 Ring 3 witness for this clause and close its parent only after all clauses close.
basedefs/termios.h.html	tag_13_72_03_04	Baud Rate Selection	8e88be1d7b196cf3cf8ac307ff42ab1a5e9b3075bff4e9592b151f404a26dbaf	open	missing:q35_ring3_base_definitions_clause_witness	Add an exact Q35 Ring 3 witness for this clause and close its parent only after all clauses close.
basedefs/termios.h.html	tag_13_72_03_05	Control Modes	8e88be1d7b196cf3cf8ac307ff42ab1a5e9b3075bff4e9592b151f404a26dbaf	open	missing:q35_ring3_base_definitions_clause_witness	Add an exact Q35 Ring 3 witness for this clause and close its parent only after all clauses close.
basedefs/termios.h.html	tag_13_72_03_06	Local Modes	8e88be1d7b196cf3cf8ac307ff42ab1a5e9b3075bff4e9592b151f404a26dbaf	open	missing:q35_ring3_base_definitions_clause_witness	Add an exact Q35 Ring 3 witness for this clause and close its parent only after all clauses close.
basedefs/termios.h.html	tag_13_72_03_07	Attribute Selection	8e88be1d7b196cf3cf8ac307ff42ab1a5e9b3075bff4e9592b151f404a26dbaf	open	missing:q35_ring3_base_definitions_clause_witness	Add an exact Q35 Ring 3 witness for this clause and close its parent only after all clauses close.
basedefs/termios.h.html	tag_13_72_03_08	Line Control	8e88be1d7b196cf3cf8ac307ff42ab1a5e9b3075bff4e9592b151f404a26dbaf	open	missing:q35_ring3_base_definitions_clause_witness	Add an exact Q35 Ring 3 witness for this clause and close its parent only after all clauses close.
basedefs/termios.h.html	tag_13_72_04	APPLICATION USAGE	8e88be1d7b196cf3cf8ac307ff42ab1a5e9b3075bff4e9592b151f404a26dbaf	open	missing:q35_ring3_base_definitions_clause_witness	Add an exact Q35 Ring 3 witness for this clause and close its parent only after all clauses close.
basedefs/termios.h.html	tag_13_72_05	RATIONALE	8e88be1d7b196cf3cf8ac307ff42ab1a5e9b3075bff4e9592b151f404a26dbaf	open	missing:q35_ring3_base_definitions_clause_witness	Add an exact Q35 Ring 3 witness for this clause and close its parent only after all clauses close.
basedefs/termios.h.html	tag_13_72_06	FUTURE DIRECTIONS	8e88be1d7b196cf3cf8ac307ff42ab1a5e9b3075bff4e9592b151f404a26dbaf	open	missing:q35_ring3_base_definitions_clause_witness	Add an exact Q35 Ring 3 witness for this clause and close its parent only after all clauses close.
basedefs/termios.h.html	tag_13_72_07	SEE ALSO	8e88be1d7b196cf3cf8ac307ff42ab1a5e9b3075bff4e9592b151f404a26dbaf	open	missing:q35_ring3_base_definitions_clause_witness	Add an exact Q35 Ring 3 witness for this clause and close its parent only after all clauses close.
basedefs/termios.h.html	tag_13_72_08	CHANGE HISTORY	8e88be1d7b196cf3cf8ac307ff42ab1a5e9b3075bff4e9592b151f404a26dbaf	open	missing:q35_ring3_base_definitions_clause_witness	Add an exact Q35 Ring 3 witness for this clause and close its parent only after all clauses close.
basedefs/termios.h.html	tag_13_72_09	Issue 6	8e88be1d7b196cf3cf8ac307ff42ab1a5e9b3075bff4e9592b151f404a26dbaf	open	missing:q35_ring3_base_definitions_clause_witness	Add an exact Q35 Ring 3 witness for this clause and close its parent only after all clauses close.
basedefs/termios.h.html	tag_13_72_10	Issue 7	8e88be1d7b196cf3cf8ac307ff42ab1a5e9b3075bff4e9592b151f404a26dbaf	open	missing:q35_ring3_base_definitions_clause_witness	Add an exact Q35 Ring 3 witness for this clause and close its parent only after all clauses close.
basedefs/tgmath.h.html	tag_13_73_01	NAME	197f8fffd8233442461fc8440a98d73f498252a8b6a9945cbfdb0fc285a5d058	open	missing:q35_ring3_base_definitions_clause_witness	Add an exact Q35 Ring 3 witness for this clause and close its parent only after all clauses close.
basedefs/tgmath.h.html	tag_13_73_02	SYNOPSIS	197f8fffd8233442461fc8440a98d73f498252a8b6a9945cbfdb0fc285a5d058	open	missing:q35_ring3_base_definitions_clause_witness	Add an exact Q35 Ring 3 witness for this clause and close its parent only after all clauses close.
basedefs/tgmath.h.html	tag_13_73_03	DESCRIPTION	197f8fffd8233442461fc8440a98d73f498252a8b6a9945cbfdb0fc285a5d058	open	missing:q35_ring3_base_definitions_clause_witness	Add an exact Q35 Ring 3 witness for this clause and close its parent only after all clauses close.
basedefs/tgmath.h.html	tag_13_73_04	APPLICATION USAGE	197f8fffd8233442461fc8440a98d73f498252a8b6a9945cbfdb0fc285a5d058	open	missing:q35_ring3_base_definitions_clause_witness	Add an exact Q35 Ring 3 witness for this clause and close its parent only after all clauses close.
basedefs/tgmath.h.html	tag_13_73_05	RATIONALE	197f8fffd8233442461fc8440a98d73f498252a8b6a9945cbfdb0fc285a5d058	open	missing:q35_ring3_base_definitions_clause_witness	Add an exact Q35 Ring 3 witness for this clause and close its parent only after all clauses close.
basedefs/tgmath.h.html	tag_13_73_06	FUTURE DIRECTIONS	197f8fffd8233442461fc8440a98d73f498252a8b6a9945cbfdb0fc285a5d058	open	missing:q35_ring3_base_definitions_clause_witness	Add an exact Q35 Ring 3 witness for this clause and close its parent only after all clauses close.
basedefs/tgmath.h.html	tag_13_73_07	SEE ALSO	197f8fffd8233442461fc8440a98d73f498252a8b6a9945cbfdb0fc285a5d058	open	missing:q35_ring3_base_definitions_clause_witness	Add an exact Q35 Ring 3 witness for this clause and close its parent only after all clauses close.
basedefs/tgmath.h.html	tag_13_73_08	CHANGE HISTORY	197f8fffd8233442461fc8440a98d73f498252a8b6a9945cbfdb0fc285a5d058	open	missing:q35_ring3_base_definitions_clause_witness	Add an exact Q35 Ring 3 witness for this clause and close its parent only after all clauses close.
basedefs/tgmath.h.html	tag_13_73_09	Issue 7	197f8fffd8233442461fc8440a98d73f498252a8b6a9945cbfdb0fc285a5d058	open	missing:q35_ring3_base_definitions_clause_witness	Add an exact Q35 Ring 3 witness for this clause and close its parent only after all clauses close.
basedefs/time.h.html	tag_13_74_01	NAME	7ff20aaf83f7b2b8ff912896e21fa41929b5ed7cce901bd0c1b78b5b3724c315	open	missing:q35_ring3_base_definitions_clause_witness	Add an exact Q35 Ring 3 witness for this clause and close its parent only after all clauses close.
basedefs/time.h.html	tag_13_74_02	SYNOPSIS	7ff20aaf83f7b2b8ff912896e21fa41929b5ed7cce901bd0c1b78b5b3724c315	open	missing:q35_ring3_base_definitions_clause_witness	Add an exact Q35 Ring 3 witness for this clause and close its parent only after all clauses close.
basedefs/time.h.html	tag_13_74_03	DESCRIPTION	7ff20aaf83f7b2b8ff912896e21fa41929b5ed7cce901bd0c1b78b5b3724c315	open	missing:q35_ring3_base_definitions_clause_witness	Add an exact Q35 Ring 3 witness for this clause and close its parent only after all clauses close.
basedefs/time.h.html	tag_13_74_04	APPLICATION USAGE	7ff20aaf83f7b2b8ff912896e21fa41929b5ed7cce901bd0c1b78b5b3724c315	open	missing:q35_ring3_base_definitions_clause_witness	Add an exact Q35 Ring 3 witness for this clause and close its parent only after all clauses close.
basedefs/time.h.html	tag_13_74_05	RATIONALE	7ff20aaf83f7b2b8ff912896e21fa41929b5ed7cce901bd0c1b78b5b3724c315	open	missing:q35_ring3_base_definitions_clause_witness	Add an exact Q35 Ring 3 witness for this clause and close its parent only after all clauses close.
basedefs/time.h.html	tag_13_74_06	FUTURE DIRECTIONS	7ff20aaf83f7b2b8ff912896e21fa41929b5ed7cce901bd0c1b78b5b3724c315	open	missing:q35_ring3_base_definitions_clause_witness	Add an exact Q35 Ring 3 witness for this clause and close its parent only after all clauses close.
basedefs/time.h.html	tag_13_74_07	SEE ALSO	7ff20aaf83f7b2b8ff912896e21fa41929b5ed7cce901bd0c1b78b5b3724c315	open	missing:q35_ring3_base_definitions_clause_witness	Add an exact Q35 Ring 3 witness for this clause and close its parent only after all clauses close.
basedefs/time.h.html	tag_13_74_08	CHANGE HISTORY	7ff20aaf83f7b2b8ff912896e21fa41929b5ed7cce901bd0c1b78b5b3724c315	open	missing:q35_ring3_base_definitions_clause_witness	Add an exact Q35 Ring 3 witness for this clause and close its parent only after all clauses close.
basedefs/time.h.html	tag_13_74_09	Issue 5	7ff20aaf83f7b2b8ff912896e21fa41929b5ed7cce901bd0c1b78b5b3724c315	open	missing:q35_ring3_base_definitions_clause_witness	Add an exact Q35 Ring 3 witness for this clause and close its parent only after all clauses close.
basedefs/time.h.html	tag_13_74_10	Issue 6	7ff20aaf83f7b2b8ff912896e21fa41929b5ed7cce901bd0c1b78b5b3724c315	open	missing:q35_ring3_base_definitions_clause_witness	Add an exact Q35 Ring 3 witness for this clause and close its parent only after all clauses close.
basedefs/time.h.html	tag_13_74_11	Issue 7	7ff20aaf83f7b2b8ff912896e21fa41929b5ed7cce901bd0c1b78b5b3724c315	open	missing:q35_ring3_base_definitions_clause_witness	Add an exact Q35 Ring 3 witness for this clause and close its parent only after all clauses close.
basedefs/trace.h.html	tag_13_75_01	NAME	b256f3ef7f64757eef65e13a4d153c90909d8be0500aa92964bc51d15e1337ac	open	missing:q35_ring3_base_definitions_clause_witness	Add an exact Q35 Ring 3 witness for this clause and close its parent only after all clauses close.
basedefs/trace.h.html	tag_13_75_02	SYNOPSIS	b256f3ef7f64757eef65e13a4d153c90909d8be0500aa92964bc51d15e1337ac	open	missing:q35_ring3_base_definitions_clause_witness	Add an exact Q35 Ring 3 witness for this clause and close its parent only after all clauses close.
basedefs/trace.h.html	tag_13_75_03	DESCRIPTION	b256f3ef7f64757eef65e13a4d153c90909d8be0500aa92964bc51d15e1337ac	open	missing:q35_ring3_base_definitions_clause_witness	Add an exact Q35 Ring 3 witness for this clause and close its parent only after all clauses close.
basedefs/trace.h.html	tag_13_75_04	APPLICATION USAGE	b256f3ef7f64757eef65e13a4d153c90909d8be0500aa92964bc51d15e1337ac	open	missing:q35_ring3_base_definitions_clause_witness	Add an exact Q35 Ring 3 witness for this clause and close its parent only after all clauses close.
basedefs/trace.h.html	tag_13_75_05	RATIONALE	b256f3ef7f64757eef65e13a4d153c90909d8be0500aa92964bc51d15e1337ac	open	missing:q35_ring3_base_definitions_clause_witness	Add an exact Q35 Ring 3 witness for this clause and close its parent only after all clauses close.
basedefs/trace.h.html	tag_13_75_06	FUTURE DIRECTIONS	b256f3ef7f64757eef65e13a4d153c90909d8be0500aa92964bc51d15e1337ac	open	missing:q35_ring3_base_definitions_clause_witness	Add an exact Q35 Ring 3 witness for this clause and close its parent only after all clauses close.
basedefs/trace.h.html	tag_13_75_07	SEE ALSO	b256f3ef7f64757eef65e13a4d153c90909d8be0500aa92964bc51d15e1337ac	open	missing:q35_ring3_base_definitions_clause_witness	Add an exact Q35 Ring 3 witness for this clause and close its parent only after all clauses close.
basedefs/trace.h.html	tag_13_75_08	CHANGE HISTORY	b256f3ef7f64757eef65e13a4d153c90909d8be0500aa92964bc51d15e1337ac	open	missing:q35_ring3_base_definitions_clause_witness	Add an exact Q35 Ring 3 witness for this clause and close its parent only after all clauses close.
basedefs/trace.h.html	tag_13_75_09	Issue 7	b256f3ef7f64757eef65e13a4d153c90909d8be0500aa92964bc51d15e1337ac	open	missing:q35_ring3_base_definitions_clause_witness	Add an exact Q35 Ring 3 witness for this clause and close its parent only after all clauses close.
basedefs/ulimit.h.html	tag_13_76_01	NAME	4bba20ec592e78b377d8b942ebaa03681ba3f779d3a7764044902a9d96241f4c	open	missing:q35_ring3_base_definitions_clause_witness	Add an exact Q35 Ring 3 witness for this clause and close its parent only after all clauses close.
basedefs/ulimit.h.html	tag_13_76_02	SYNOPSIS	4bba20ec592e78b377d8b942ebaa03681ba3f779d3a7764044902a9d96241f4c	open	missing:q35_ring3_base_definitions_clause_witness	Add an exact Q35 Ring 3 witness for this clause and close its parent only after all clauses close.
basedefs/ulimit.h.html	tag_13_76_03	DESCRIPTION	4bba20ec592e78b377d8b942ebaa03681ba3f779d3a7764044902a9d96241f4c	open	missing:q35_ring3_base_definitions_clause_witness	Add an exact Q35 Ring 3 witness for this clause and close its parent only after all clauses close.
basedefs/ulimit.h.html	tag_13_76_04	APPLICATION USAGE	4bba20ec592e78b377d8b942ebaa03681ba3f779d3a7764044902a9d96241f4c	open	missing:q35_ring3_base_definitions_clause_witness	Add an exact Q35 Ring 3 witness for this clause and close its parent only after all clauses close.
basedefs/ulimit.h.html	tag_13_76_05	RATIONALE	4bba20ec592e78b377d8b942ebaa03681ba3f779d3a7764044902a9d96241f4c	open	missing:q35_ring3_base_definitions_clause_witness	Add an exact Q35 Ring 3 witness for this clause and close its parent only after all clauses close.
basedefs/ulimit.h.html	tag_13_76_06	FUTURE DIRECTIONS	4bba20ec592e78b377d8b942ebaa03681ba3f779d3a7764044902a9d96241f4c	open	missing:q35_ring3_base_definitions_clause_witness	Add an exact Q35 Ring 3 witness for this clause and close its parent only after all clauses close.
basedefs/ulimit.h.html	tag_13_76_07	SEE ALSO	4bba20ec592e78b377d8b942ebaa03681ba3f779d3a7764044902a9d96241f4c	open	missing:q35_ring3_base_definitions_clause_witness	Add an exact Q35 Ring 3 witness for this clause and close its parent only after all clauses close.
basedefs/ulimit.h.html	tag_13_76_08	CHANGE HISTORY	4bba20ec592e78b377d8b942ebaa03681ba3f779d3a7764044902a9d96241f4c	open	missing:q35_ring3_base_definitions_clause_witness	Add an exact Q35 Ring 3 witness for this clause and close its parent only after all clauses close.
basedefs/ulimit.h.html	tag_13_76_09	Issue 7	4bba20ec592e78b377d8b942ebaa03681ba3f779d3a7764044902a9d96241f4c	open	missing:q35_ring3_base_definitions_clause_witness	Add an exact Q35 Ring 3 witness for this clause and close its parent only after all clauses close.
basedefs/unistd.h.html	tag_13_77_01	NAME	2bfa09eb096ac994bb778adfbb2317b8ea99f23711524f1503983a126b7604e9	open	missing:q35_ring3_base_definitions_clause_witness	Add an exact Q35 Ring 3 witness for this clause and close its parent only after all clauses close.
basedefs/unistd.h.html	tag_13_77_02	SYNOPSIS	2bfa09eb096ac994bb778adfbb2317b8ea99f23711524f1503983a126b7604e9	open	missing:q35_ring3_base_definitions_clause_witness	Add an exact Q35 Ring 3 witness for this clause and close its parent only after all clauses close.
basedefs/unistd.h.html	tag_13_77_03	DESCRIPTION	2bfa09eb096ac994bb778adfbb2317b8ea99f23711524f1503983a126b7604e9	open	missing:q35_ring3_base_definitions_clause_witness	Add an exact Q35 Ring 3 witness for this clause and close its parent only after all clauses close.
basedefs/unistd.h.html	tag_13_77_03_01	Version Test Macros	2bfa09eb096ac994bb778adfbb2317b8ea99f23711524f1503983a126b7604e9	open	missing:q35_ring3_base_definitions_clause_witness	Add an exact Q35 Ring 3 witness for this clause and close its parent only after all clauses close.
basedefs/unistd.h.html	tag_13_77_03_02	Constants for Options and Option Groups	2bfa09eb096ac994bb778adfbb2317b8ea99f23711524f1503983a126b7604e9	open	missing:q35_ring3_base_definitions_clause_witness	Add an exact Q35 Ring 3 witness for this clause and close its parent only after all clauses close.
basedefs/unistd.h.html	tag_13_77_03_03	Execution-Time Symbolic Constants	2bfa09eb096ac994bb778adfbb2317b8ea99f23711524f1503983a126b7604e9	open	missing:q35_ring3_base_definitions_clause_witness	Add an exact Q35 Ring 3 witness for this clause and close its parent only after all clauses close.
basedefs/unistd.h.html	tag_13_77_03_04	Constants for Functions	2bfa09eb096ac994bb778adfbb2317b8ea99f23711524f1503983a126b7604e9	open	missing:q35_ring3_base_definitions_clause_witness	Add an exact Q35 Ring 3 witness for this clause and close its parent only after all clauses close.
basedefs/unistd.h.html	tag_13_77_03_05	Type Definitions	2bfa09eb096ac994bb778adfbb2317b8ea99f23711524f1503983a126b7604e9	open	missing:q35_ring3_base_definitions_clause_witness	Add an exact Q35 Ring 3 witness for this clause and close its parent only after all clauses close.
basedefs/unistd.h.html	tag_13_77_03_06	Declarations	2bfa09eb096ac994bb778adfbb2317b8ea99f23711524f1503983a126b7604e9	open	missing:q35_ring3_base_definitions_clause_witness	Add an exact Q35 Ring 3 witness for this clause and close its parent only after all clauses close.
basedefs/unistd.h.html	tag_13_77_04	APPLICATION USAGE	2bfa09eb096ac994bb778adfbb2317b8ea99f23711524f1503983a126b7604e9	open	missing:q35_ring3_base_definitions_clause_witness	Add an exact Q35 Ring 3 witness for this clause and close its parent only after all clauses close.
basedefs/unistd.h.html	tag_13_77_05	RATIONALE	2bfa09eb096ac994bb778adfbb2317b8ea99f23711524f1503983a126b7604e9	open	missing:q35_ring3_base_definitions_clause_witness	Add an exact Q35 Ring 3 witness for this clause and close its parent only after all clauses close.
basedefs/unistd.h.html	tag_13_77_05_01	Version Test Macros	2bfa09eb096ac994bb778adfbb2317b8ea99f23711524f1503983a126b7604e9	open	missing:q35_ring3_base_definitions_clause_witness	Add an exact Q35 Ring 3 witness for this clause and close its parent only after all clauses close.
basedefs/unistd.h.html	tag_13_77_05_02	Compile-Time Symbolic Constants for System-Wide Options	2bfa09eb096ac994bb778adfbb2317b8ea99f23711524f1503983a126b7604e9	open	missing:q35_ring3_base_definitions_clause_witness	Add an exact Q35 Ring 3 witness for this clause and close its parent only after all clauses close.
basedefs/unistd.h.html	tag_13_77_06	FUTURE DIRECTIONS	2bfa09eb096ac994bb778adfbb2317b8ea99f23711524f1503983a126b7604e9	open	missing:q35_ring3_base_definitions_clause_witness	Add an exact Q35 Ring 3 witness for this clause and close its parent only after all clauses close.
basedefs/unistd.h.html	tag_13_77_07	SEE ALSO	2bfa09eb096ac994bb778adfbb2317b8ea99f23711524f1503983a126b7604e9	open	missing:q35_ring3_base_definitions_clause_witness	Add an exact Q35 Ring 3 witness for this clause and close its parent only after all clauses close.
basedefs/unistd.h.html	tag_13_77_08	CHANGE HISTORY	2bfa09eb096ac994bb778adfbb2317b8ea99f23711524f1503983a126b7604e9	open	missing:q35_ring3_base_definitions_clause_witness	Add an exact Q35 Ring 3 witness for this clause and close its parent only after all clauses close.
basedefs/unistd.h.html	tag_13_77_09	Issue 5	2bfa09eb096ac994bb778adfbb2317b8ea99f23711524f1503983a126b7604e9	open	missing:q35_ring3_base_definitions_clause_witness	Add an exact Q35 Ring 3 witness for this clause and close its parent only after all clauses close.
basedefs/unistd.h.html	tag_13_77_10	Issue 6	2bfa09eb096ac994bb778adfbb2317b8ea99f23711524f1503983a126b7604e9	open	missing:q35_ring3_base_definitions_clause_witness	Add an exact Q35 Ring 3 witness for this clause and close its parent only after all clauses close.
basedefs/unistd.h.html	tag_13_77_11	Issue 7	2bfa09eb096ac994bb778adfbb2317b8ea99f23711524f1503983a126b7604e9	open	missing:q35_ring3_base_definitions_clause_witness	Add an exact Q35 Ring 3 witness for this clause and close its parent only after all clauses close.
basedefs/utime.h.html	tag_13_78_01	NAME	be5b7c97939a359e6c7abc0e9a60de796dccd13411764109f321859eae7b7202	open	missing:q35_ring3_base_definitions_clause_witness	Add an exact Q35 Ring 3 witness for this clause and close its parent only after all clauses close.
basedefs/utime.h.html	tag_13_78_02	SYNOPSIS	be5b7c97939a359e6c7abc0e9a60de796dccd13411764109f321859eae7b7202	open	missing:q35_ring3_base_definitions_clause_witness	Add an exact Q35 Ring 3 witness for this clause and close its parent only after all clauses close.
basedefs/utime.h.html	tag_13_78_03	DESCRIPTION	be5b7c97939a359e6c7abc0e9a60de796dccd13411764109f321859eae7b7202	open	missing:q35_ring3_base_definitions_clause_witness	Add an exact Q35 Ring 3 witness for this clause and close its parent only after all clauses close.
basedefs/utime.h.html	tag_13_78_04	APPLICATION USAGE	be5b7c97939a359e6c7abc0e9a60de796dccd13411764109f321859eae7b7202	open	missing:q35_ring3_base_definitions_clause_witness	Add an exact Q35 Ring 3 witness for this clause and close its parent only after all clauses close.
basedefs/utime.h.html	tag_13_78_05	RATIONALE	be5b7c97939a359e6c7abc0e9a60de796dccd13411764109f321859eae7b7202	open	missing:q35_ring3_base_definitions_clause_witness	Add an exact Q35 Ring 3 witness for this clause and close its parent only after all clauses close.
basedefs/utime.h.html	tag_13_78_06	FUTURE DIRECTIONS	be5b7c97939a359e6c7abc0e9a60de796dccd13411764109f321859eae7b7202	open	missing:q35_ring3_base_definitions_clause_witness	Add an exact Q35 Ring 3 witness for this clause and close its parent only after all clauses close.
basedefs/utime.h.html	tag_13_78_07	SEE ALSO	be5b7c97939a359e6c7abc0e9a60de796dccd13411764109f321859eae7b7202	open	missing:q35_ring3_base_definitions_clause_witness	Add an exact Q35 Ring 3 witness for this clause and close its parent only after all clauses close.
basedefs/utime.h.html	tag_13_78_08	CHANGE HISTORY	be5b7c97939a359e6c7abc0e9a60de796dccd13411764109f321859eae7b7202	open	missing:q35_ring3_base_definitions_clause_witness	Add an exact Q35 Ring 3 witness for this clause and close its parent only after all clauses close.
basedefs/utime.h.html	tag_13_78_09	Issue 6	be5b7c97939a359e6c7abc0e9a60de796dccd13411764109f321859eae7b7202	open	missing:q35_ring3_base_definitions_clause_witness	Add an exact Q35 Ring 3 witness for this clause and close its parent only after all clauses close.
basedefs/utime.h.html	tag_13_78_10	Issue 7	be5b7c97939a359e6c7abc0e9a60de796dccd13411764109f321859eae7b7202	open	missing:q35_ring3_base_definitions_clause_witness	Add an exact Q35 Ring 3 witness for this clause and close its parent only after all clauses close.
basedefs/utmpx.h.html	tag_13_79_01	NAME	d749b1021eeadb7a1ef9e44babd5df24e0d8ee93ebb0e5ea60a0a19980a16f68	open	missing:q35_ring3_base_definitions_clause_witness	Add an exact Q35 Ring 3 witness for this clause and close its parent only after all clauses close.
basedefs/utmpx.h.html	tag_13_79_02	SYNOPSIS	d749b1021eeadb7a1ef9e44babd5df24e0d8ee93ebb0e5ea60a0a19980a16f68	open	missing:q35_ring3_base_definitions_clause_witness	Add an exact Q35 Ring 3 witness for this clause and close its parent only after all clauses close.
basedefs/utmpx.h.html	tag_13_79_03	DESCRIPTION	d749b1021eeadb7a1ef9e44babd5df24e0d8ee93ebb0e5ea60a0a19980a16f68	open	missing:q35_ring3_base_definitions_clause_witness	Add an exact Q35 Ring 3 witness for this clause and close its parent only after all clauses close.
basedefs/utmpx.h.html	tag_13_79_04	APPLICATION USAGE	d749b1021eeadb7a1ef9e44babd5df24e0d8ee93ebb0e5ea60a0a19980a16f68	open	missing:q35_ring3_base_definitions_clause_witness	Add an exact Q35 Ring 3 witness for this clause and close its parent only after all clauses close.
basedefs/utmpx.h.html	tag_13_79_05	RATIONALE	d749b1021eeadb7a1ef9e44babd5df24e0d8ee93ebb0e5ea60a0a19980a16f68	open	missing:q35_ring3_base_definitions_clause_witness	Add an exact Q35 Ring 3 witness for this clause and close its parent only after all clauses close.
basedefs/utmpx.h.html	tag_13_79_06	FUTURE DIRECTIONS	d749b1021eeadb7a1ef9e44babd5df24e0d8ee93ebb0e5ea60a0a19980a16f68	open	missing:q35_ring3_base_definitions_clause_witness	Add an exact Q35 Ring 3 witness for this clause and close its parent only after all clauses close.
basedefs/utmpx.h.html	tag_13_79_07	SEE ALSO	d749b1021eeadb7a1ef9e44babd5df24e0d8ee93ebb0e5ea60a0a19980a16f68	open	missing:q35_ring3_base_definitions_clause_witness	Add an exact Q35 Ring 3 witness for this clause and close its parent only after all clauses close.
basedefs/utmpx.h.html	tag_13_79_08	CHANGE HISTORY	d749b1021eeadb7a1ef9e44babd5df24e0d8ee93ebb0e5ea60a0a19980a16f68	open	missing:q35_ring3_base_definitions_clause_witness	Add an exact Q35 Ring 3 witness for this clause and close its parent only after all clauses close.
basedefs/wchar.h.html	tag_13_80_01	NAME	a5a8f145bbfb12adef4150a06272bc94d6e7781f128b4697d608121a519625fb	open	missing:q35_ring3_base_definitions_clause_witness	Add an exact Q35 Ring 3 witness for this clause and close its parent only after all clauses close.
basedefs/wchar.h.html	tag_13_80_02	SYNOPSIS	a5a8f145bbfb12adef4150a06272bc94d6e7781f128b4697d608121a519625fb	open	missing:q35_ring3_base_definitions_clause_witness	Add an exact Q35 Ring 3 witness for this clause and close its parent only after all clauses close.
basedefs/wchar.h.html	tag_13_80_03	DESCRIPTION	a5a8f145bbfb12adef4150a06272bc94d6e7781f128b4697d608121a519625fb	open	missing:q35_ring3_base_definitions_clause_witness	Add an exact Q35 Ring 3 witness for this clause and close its parent only after all clauses close.
basedefs/wchar.h.html	tag_13_80_04	APPLICATION USAGE	a5a8f145bbfb12adef4150a06272bc94d6e7781f128b4697d608121a519625fb	open	missing:q35_ring3_base_definitions_clause_witness	Add an exact Q35 Ring 3 witness for this clause and close its parent only after all clauses close.
basedefs/wchar.h.html	tag_13_80_05	RATIONALE	a5a8f145bbfb12adef4150a06272bc94d6e7781f128b4697d608121a519625fb	open	missing:q35_ring3_base_definitions_clause_witness	Add an exact Q35 Ring 3 witness for this clause and close its parent only after all clauses close.
basedefs/wchar.h.html	tag_13_80_06	FUTURE DIRECTIONS	a5a8f145bbfb12adef4150a06272bc94d6e7781f128b4697d608121a519625fb	open	missing:q35_ring3_base_definitions_clause_witness	Add an exact Q35 Ring 3 witness for this clause and close its parent only after all clauses close.
basedefs/wchar.h.html	tag_13_80_07	SEE ALSO	a5a8f145bbfb12adef4150a06272bc94d6e7781f128b4697d608121a519625fb	open	missing:q35_ring3_base_definitions_clause_witness	Add an exact Q35 Ring 3 witness for this clause and close its parent only after all clauses close.
basedefs/wchar.h.html	tag_13_80_08	CHANGE HISTORY	a5a8f145bbfb12adef4150a06272bc94d6e7781f128b4697d608121a519625fb	open	missing:q35_ring3_base_definitions_clause_witness	Add an exact Q35 Ring 3 witness for this clause and close its parent only after all clauses close.
basedefs/wchar.h.html	tag_13_80_09	Issue 5	a5a8f145bbfb12adef4150a06272bc94d6e7781f128b4697d608121a519625fb	open	missing:q35_ring3_base_definitions_clause_witness	Add an exact Q35 Ring 3 witness for this clause and close its parent only after all clauses close.
basedefs/wchar.h.html	tag_13_80_10	Issue 6	a5a8f145bbfb12adef4150a06272bc94d6e7781f128b4697d608121a519625fb	open	missing:q35_ring3_base_definitions_clause_witness	Add an exact Q35 Ring 3 witness for this clause and close its parent only after all clauses close.
basedefs/wchar.h.html	tag_13_80_11	Issue 7	a5a8f145bbfb12adef4150a06272bc94d6e7781f128b4697d608121a519625fb	open	missing:q35_ring3_base_definitions_clause_witness	Add an exact Q35 Ring 3 witness for this clause and close its parent only after all clauses close.
basedefs/wctype.h.html	tag_13_81_01	NAME	b0e000abfd42f763670ab4b73c6408bb93e309ee19dc20c0c6918d3b0fda4642	open	missing:q35_ring3_base_definitions_clause_witness	Add an exact Q35 Ring 3 witness for this clause and close its parent only after all clauses close.
basedefs/wctype.h.html	tag_13_81_02	SYNOPSIS	b0e000abfd42f763670ab4b73c6408bb93e309ee19dc20c0c6918d3b0fda4642	open	missing:q35_ring3_base_definitions_clause_witness	Add an exact Q35 Ring 3 witness for this clause and close its parent only after all clauses close.
basedefs/wctype.h.html	tag_13_81_03	DESCRIPTION	b0e000abfd42f763670ab4b73c6408bb93e309ee19dc20c0c6918d3b0fda4642	open	missing:q35_ring3_base_definitions_clause_witness	Add an exact Q35 Ring 3 witness for this clause and close its parent only after all clauses close.
basedefs/wctype.h.html	tag_13_81_04	APPLICATION USAGE	b0e000abfd42f763670ab4b73c6408bb93e309ee19dc20c0c6918d3b0fda4642	open	missing:q35_ring3_base_definitions_clause_witness	Add an exact Q35 Ring 3 witness for this clause and close its parent only after all clauses close.
basedefs/wctype.h.html	tag_13_81_05	RATIONALE	b0e000abfd42f763670ab4b73c6408bb93e309ee19dc20c0c6918d3b0fda4642	open	missing:q35_ring3_base_definitions_clause_witness	Add an exact Q35 Ring 3 witness for this clause and close its parent only after all clauses close.
basedefs/wctype.h.html	tag_13_81_06	FUTURE DIRECTIONS	b0e000abfd42f763670ab4b73c6408bb93e309ee19dc20c0c6918d3b0fda4642	open	missing:q35_ring3_base_definitions_clause_witness	Add an exact Q35 Ring 3 witness for this clause and close its parent only after all clauses close.
basedefs/wctype.h.html	tag_13_81_07	SEE ALSO	b0e000abfd42f763670ab4b73c6408bb93e309ee19dc20c0c6918d3b0fda4642	open	missing:q35_ring3_base_definitions_clause_witness	Add an exact Q35 Ring 3 witness for this clause and close its parent only after all clauses close.
basedefs/wctype.h.html	tag_13_81_08	CHANGE HISTORY	b0e000abfd42f763670ab4b73c6408bb93e309ee19dc20c0c6918d3b0fda4642	open	missing:q35_ring3_base_definitions_clause_witness	Add an exact Q35 Ring 3 witness for this clause and close its parent only after all clauses close.
basedefs/wctype.h.html	tag_13_81_09	Issue 6	b0e000abfd42f763670ab4b73c6408bb93e309ee19dc20c0c6918d3b0fda4642	open	missing:q35_ring3_base_definitions_clause_witness	Add an exact Q35 Ring 3 witness for this clause and close its parent only after all clauses close.
basedefs/wctype.h.html	tag_13_81_10	Issue 7	b0e000abfd42f763670ab4b73c6408bb93e309ee19dc20c0c6918d3b0fda4642	open	missing:q35_ring3_base_definitions_clause_witness	Add an exact Q35 Ring 3 witness for this clause and close its parent only after all clauses close.
basedefs/wordexp.h.html	tag_13_82_01	NAME	c878bf21b443dd0c2adc92d49b59253ae68201f4e094f709024ae93ccdc2746e	open	missing:q35_ring3_base_definitions_clause_witness	Add an exact Q35 Ring 3 witness for this clause and close its parent only after all clauses close.
basedefs/wordexp.h.html	tag_13_82_02	SYNOPSIS	c878bf21b443dd0c2adc92d49b59253ae68201f4e094f709024ae93ccdc2746e	open	missing:q35_ring3_base_definitions_clause_witness	Add an exact Q35 Ring 3 witness for this clause and close its parent only after all clauses close.
basedefs/wordexp.h.html	tag_13_82_03	DESCRIPTION	c878bf21b443dd0c2adc92d49b59253ae68201f4e094f709024ae93ccdc2746e	open	missing:q35_ring3_base_definitions_clause_witness	Add an exact Q35 Ring 3 witness for this clause and close its parent only after all clauses close.
basedefs/wordexp.h.html	tag_13_82_04	APPLICATION USAGE	c878bf21b443dd0c2adc92d49b59253ae68201f4e094f709024ae93ccdc2746e	open	missing:q35_ring3_base_definitions_clause_witness	Add an exact Q35 Ring 3 witness for this clause and close its parent only after all clauses close.
basedefs/wordexp.h.html	tag_13_82_05	RATIONALE	c878bf21b443dd0c2adc92d49b59253ae68201f4e094f709024ae93ccdc2746e	open	missing:q35_ring3_base_definitions_clause_witness	Add an exact Q35 Ring 3 witness for this clause and close its parent only after all clauses close.
basedefs/wordexp.h.html	tag_13_82_06	FUTURE DIRECTIONS	c878bf21b443dd0c2adc92d49b59253ae68201f4e094f709024ae93ccdc2746e	open	missing:q35_ring3_base_definitions_clause_witness	Add an exact Q35 Ring 3 witness for this clause and close its parent only after all clauses close.
basedefs/wordexp.h.html	tag_13_82_07	SEE ALSO	c878bf21b443dd0c2adc92d49b59253ae68201f4e094f709024ae93ccdc2746e	open	missing:q35_ring3_base_definitions_clause_witness	Add an exact Q35 Ring 3 witness for this clause and close its parent only after all clauses close.
basedefs/wordexp.h.html	tag_13_82_08	CHANGE HISTORY	c878bf21b443dd0c2adc92d49b59253ae68201f4e094f709024ae93ccdc2746e	open	missing:q35_ring3_base_definitions_clause_witness	Add an exact Q35 Ring 3 witness for this clause and close its parent only after all clauses close.
basedefs/wordexp.h.html	tag_13_82_09	Issue 6	c878bf21b443dd0c2adc92d49b59253ae68201f4e094f709024ae93ccdc2746e	open	missing:q35_ring3_base_definitions_clause_witness	Add an exact Q35 Ring 3 witness for this clause and close its parent only after all clauses close.
basedefs/wordexp.h.html	tag_13_82_10	Issue 7	c878bf21b443dd0c2adc92d49b59253ae68201f4e094f709024ae93ccdc2746e	open	missing:q35_ring3_base_definitions_clause_witness	Add an exact Q35 Ring 3 witness for this clause and close its parent only after all clauses close.
